dataset_key,source_id,provider,dataset,canonical_url,access_type,geography,pollutants_variables,temporal_resolution,relevance_status,stressor_ids,air_relevance,authentication,licence,reachable,machine_readable,schema_verified,provider_verified,last_probe_utc,probe_outcome,content_type,content_hash,duplicate_count,member_source_ids,vvip_status,sccaq_status,reason
00e04d9ec7efde410a2b,ckan-data-gov-uk-78a3a089-3d09-48d6-b74b-91375aad8b1a-d3c9ebd250,British Geological Survey (BGS),"Paleoproterozoic McArthur Basin, SEDEX deposit, stable carbon and nitrogen isotopes (NERC Grant NE/V010824/1)",https://webapps.bgs.ac.uk/services/ngdc/accessions/index.html#item174926,unknown,United Kingdom; verify dataset record,Carbon isotopes|NERC_DDC|Nitrogen isotopes,not supplied by discovery response,NO_MATCH,,,none_observed,Not supplied by discovery response; verify the dataset record before reuse,unknown,no,no,no,,,,5dfde05bd64eac145d5e54555a4dac23e6deb5d7227b2917ad48915eb1dc4838,1,ckan-data-gov-uk-78a3a089-3d09-48d6-b74b-91375aad8b1a-d3c9ebd250,REVIEW_REQUIRED,DISCOVERED_ONLY,no governed pollutant/stressor relevance match; no machine-readable endpoint established; reachability unknown; licence review required
014bde2d9d0b31ae4a8a,ckan-data-gov-uk-2b9c4628-6138-42a2-a9da-2b283b46e683-aa04c11cd9,Bedford Borough Council,Air Quality Management Area,https://www.data.gov.uk/dataset/air-quality-management-area4,catalogue_landing_page,United Kingdom; verify dataset record,,not supplied by discovery response,MATCHED,nitrogen-dioxide,DIRECT,none_observed,Not supplied by discovery response; verify the dataset record before reuse,yes,no,no,no,2026-09-21T18:39:15.850914+00:00,reachable_secure,text/html; charset=utf-8,c97bec5041cb17a31d2dd4785d2e9b72516466e316b1e1083673eca6b9712b0a,1,ckan-data-gov-uk-2b9c4628-6138-42a2-a9da-2b283b46e683-aa04c11cd9,REVIEW_REQUIRED,DISCOVERED_ONLY,no machine-readable endpoint established; licence review required
017abbd16543576ec2db,ckan-data-gov-uk-e6f0155b-4f4a-49e3-8e10-445b99764bf5-553f1ad21e,Environmental Information Data Centre,Benthic organic matter of Welsh upland rivers in response to organic matter addition (2013),https://data-package.ceh.ac.uk/sd/32eaf811-be10-40cb-9794-7c5a1b97a915.zip,machine_service,United Kingdom; verify dataset record,Environmental Monitoring Facilities|Llyn Brianne|Plynlimon|aquatic invertebrates,not supplied by discovery response,NO_MATCH,,,none_observed,Not supplied by discovery response; verify the dataset record before reuse,unknown,yes,no,no,,,,08854e864da38e779be2072c747b978c77d2df47c541ab4e8b3996a645b24efa,1,ckan-data-gov-uk-e6f0155b-4f4a-49e3-8e10-445b99764bf5-553f1ad21e,REVIEW_REQUIRED,DISCOVERED_ONLY,no governed pollutant/stressor relevance match; reachability unknown; licence review required
01917748287c257ab2cd,ckan-data-gov-uk-3f5d7bbf-73af-46cd-8b9e-8e07cedb9506-731c4c38c6,Bristol City Council,Bristol Air quality,http://www.bristol.gov.uk/413/3/,machine_service,United Kingdom; verify dataset record,,not supplied by discovery response,NO_MATCH,,,none_observed,UK Open Government Licence (OGL),unknown,yes,no,no,,,,5785f334a5a3f03719b68035fb16210f21c67a0496a3b06be5773d5434e6b306,1,ckan-data-gov-uk-3f5d7bbf-73af-46cd-8b9e-8e07cedb9506-731c4c38c6,REVIEW_REQUIRED,DISCOVERED_ONLY,no governed pollutant/stressor relevance match; reachability unknown
02cd760b34e39c7c41fe,ckan-data-gov-uk-9c87ceae-2397-443d-84ad-10e962c12a89-ccbaff9864,Environmental Information Data Centre,"Deposition and concentration of nitrogen and sulphur for protected sites in the UK, 2017-2019",https://data-package.ceh.ac.uk/sd/65ab44a0-58bd-43ab-a3bc-a850ddd9a0f1.zip,machine_service,United Kingdom; verify dataset record,Protected Sites,not supplied by discovery response,MATCHED,ammonia-ammonium,DIRECT_CROSS_MEDIA,none_observed,Not supplied by discovery response; verify the dataset record before reuse,yes,yes,no,no,2026-10-05T17:34:04.316026+00:00,reachable_secure,application/octet-stream,26e4001cbcd2b3d6394a4ae76371db2a4155726548c5b786d616cc0f2221431b,1,ckan-data-gov-uk-9c87ceae-2397-443d-84ad-10e962c12a89-ccbaff9864,REVIEW_REQUIRED,DISCOVERED_ONLY,licence review required
0331a30a3e66dc514e74,ckan-data-gov-uk-451031e9-e1b6-44f9-b6a2-a6d51f2f8fc7-a9cb3392d7,Marine Environmental Data & Information Network,CLiP Vanuatu Microplastics in sediment 2018,https://data.cefas.co.uk/view/19807,unknown,United Kingdom; verify dataset record,,not supplied by discovery response,MATCHED,microplastics|particulate-matter,DIRECT|EMERGING_CROSS_MEDIA,none_observed,Not supplied by discovery response; verify the dataset record before reuse,unknown,no,no,no,,,,213bc3a81f584770661e10315b66a8e8e32213d8a081a086ec95a567dd8408cd,1,ckan-data-gov-uk-451031e9-e1b6-44f9-b6a2-a6d51f2f8fc7-a9cb3392d7,REVIEW_REQUIRED,DISCOVERED_ONLY,no machine-readable endpoint established; reachability unknown; licence review required
0369061185c455fcb055,ckan-data-gov-uk-01067715-9244-4d83-a195-1c1d1714ae85-9b2663725f,British Geological Survey (BGS),"U-Th chronology results of Siberian and Mongolian speleothems, data used as the basis of a scientific paper. (NERC Grant NE/G013829/1)",https://webapps.bgs.ac.uk/services/ngdc/accessions/index.html#item59589,unknown,United Kingdom; verify dataset record,NERC_DDC,not supplied by discovery response,MATCHED,atmospheric-deposition,PROCESS_LINK,none_observed,Not supplied by discovery response; verify the dataset record before reuse,unknown,no,no,no,,,,5d7a369855db64b7216e611009eb0f8e54e6e5747cdbf3fcda92c1fac53b60e2,1,ckan-data-gov-uk-01067715-9244-4d83-a195-1c1d1714ae85-9b2663725f,REVIEW_REQUIRED,DISCOVERED_ONLY,no machine-readable endpoint established; reachability unknown; licence review required
03bfb10bd1e981dc6188,ckan-data-gov-uk-9dccac36-6638-4902-970c-dae4c2f459f5-48e04dc7f0,Marine Environmental Data & Information Network,CLiP Belize Microplastics in sediment 2019,https://data.cefas.co.uk/view/20283,unknown,United Kingdom; verify dataset record,,not supplied by discovery response,MATCHED,microplastics|particulate-matter,DIRECT|EMERGING_CROSS_MEDIA,none_observed,Not supplied by discovery response; verify the dataset record before reuse,unknown,no,no,no,,,,977d7b99edee6dfdb49446c1542e8049a8d6b0362d68d02d4bae7bf288386376,1,ckan-data-gov-uk-9dccac36-6638-4902-970c-dae4c2f459f5-48e04dc7f0,REVIEW_REQUIRED,DISCOVERED_ONLY,no machine-readable endpoint established; reachability unknown; licence review required
03c52dda13c9a2c84e7d,ckan-data-gov-uk-1ad7fbff-79e7-47ab-8350-f38296891c76-774c29636a,Carlisle City Council,Air Quality Management Areas,http://maps.carlisle.gov.uk/getows.ashx?mapsource=CCC%2Finspire&TypeName=air_quality_management_areas&version=1.1.0&request=GetFeature&service=WFS,machine_service,United Kingdom; verify dataset record,Local Air Quality Monitoring,not supplied by discovery response,NO_MATCH,,,none_observed,Not supplied by discovery response; verify the dataset record before reuse,unknown,yes,no,no,,,,3440620ae347644005d84d67c71dc2a0fbb2b4913ac974453b2ecb028c3556cc,1,ckan-data-gov-uk-1ad7fbff-79e7-47ab-8350-f38296891c76-774c29636a,REVIEW_REQUIRED,DISCOVERED_ONLY,no governed pollutant/stressor relevance match; reachability unknown; licence review required
04382db291ee186da5cd,ckan-data-gov-uk-d3ae87bb-9d05-48ef-90fc-79a425d916c5-112a62c452,Environmental Information Data Centre,"Web Map Service for topsoil properties from the Countryside Survey of Great Britain, 2007 using a generalized additive model",https://catalogue.ceh.ac.uk/maps/47414349-b05f-4965-81d6-165392b549d8?request=getCapabilities&service=wms&cache=false,machine_service,United Kingdom; verify dataset record,Broad Habitat|Soil|carbon|invertebrate density|nitrogen|pH,not supplied by discovery response,MATCHED,atmospheric-deposition,PROCESS_LINK,none_observed,Not supplied by discovery response; verify the dataset record before reuse,yes,yes,no,no,2026-10-05T17:34:04.968011+00:00,reachable_secure,text/xml;charset=UTF-8,00e0eece534489cbc480334784f9fe5988359db656dd922824e9ede3983ccde4,1,ckan-data-gov-uk-d3ae87bb-9d05-48ef-90fc-79a425d916c5-112a62c452,REVIEW_REQUIRED,DISCOVERED_ONLY,licence review required
058298802c11d1e8e2c3,ckan-data-gov-uk-347ec1fa-6845-40cf-9218-abf0e7f009b2-b3df3cc2a8,Environmental Information Data Centre,"Single time point sampling of site characteristics, soil parameters and soil greenhouse gas emissions for extensive and intensive sheep-farming sites in North Wales and Devon, 2016",https://data-package.ceh.ac.uk/sd/f3118fa8-6bec-488b-9713-2415912b8b9e.zip,machine_service,United Kingdom; verify dataset record,Agricultural and Aquaculture Facilities|Lowland|Nitrous oxide|Upland,not supplied by discovery response,MATCHED,ammonia-ammonium,DIRECT_CROSS_MEDIA,none_observed,Not supplied by discovery response; verify the dataset record before reuse,yes,yes,no,no,2026-10-05T17:34:05.739225+00:00,reachable_secure,application/octet-stream,a3739ed5f077014da91a8ec5aa3abda7cb7b21cd48a4b7f412e86e8fe77f428d,1,ckan-data-gov-uk-347ec1fa-6845-40cf-9218-abf0e7f009b2-b3df3cc2a8,REVIEW_REQUIRED,DISCOVERED_ONLY,licence review required
058fbc9e33950b256f1a,ckan-data-gov-uk-b604c53c-2398-4e5b-9ed6-13b0a80dc1b6-2ed984618a,Environment Agency,WFD Cycle 2 Lake ANC Classification,https://environment.data.gov.uk/api/file/download?fileDataSetId=00daf4bb-925a-4ade-a66c-dc8036323572&fileName=WFD_SW_Classification_Status_and_Objectives_Cycle2_v3.xlsx,machine_service,United Kingdom; verify dataset record,EC directive|environment|water quality,not supplied by discovery response,MATCHED,ammonia-ammonium,DIRECT_CROSS_MEDIA,none_observed,Not supplied by discovery response; verify the dataset record before reuse,no,yes,no,no,2026-10-05T17:34:06.640357+00:00,access_restricted,,3f9f09118157cdf060252f69d6e985724e2415855ea47c35a1b3251021591377,1,ckan-data-gov-uk-b604c53c-2398-4e5b-9ed6-13b0a80dc1b6-2ed984618a,REVIEW_REQUIRED,DISCOVERED_ONLY,reachability no; licence review required
067d326174deffc54db9,ckan-data-gov-uk-86da5662-e87e-4b42-966f-ef33b6ed23e2-8e23e3dbee,Adur District Council,Air Quality Monitoring Stations,https://www.data.gov.uk/dataset/air-quality-monitoring-stations8,catalogue_landing_page,United Kingdom; verify dataset record,,not supplied by discovery response,MATCHED,nitrogen-dioxide|particulate-matter,DIRECT,none_observed,Not supplied by discovery response; verify the dataset record before reuse,yes,no,no,no,2026-09-21T18:39:09.117752+00:00,reachable_secure,text/html; charset=utf-8,42f2d7f6cd32e94c633e0a5185ed52cd3db9c77f2c0e00f775b6ba85307cc897,2,ckan-data-gov-uk-56afd793-cf3f-4dac-aaa8-ae4c86194263-1e6955c980|ckan-data-gov-uk-86da5662-e87e-4b42-966f-ef33b6ed23e2-8e23e3dbee,REVIEW_REQUIRED,DISCOVERED_ONLY,no machine-readable endpoint established; licence review required
07ab82f4c0f6eee65ee9,ckan-data-gov-uk-8c0ecf29-5acb-4843-923e-ec6365f19836-5d0c5a4e9a,Environment Agency,WFD Cycle 2 River Ammonia Classification,https://environment.data.gov.uk/api/file/download?fileDataSetId=31723c41-9b63-4473-aece-b98c49b69474&fileName=WFD_SW_Classification_Status_and_Objectives_Cycle2_v3.xlsx,machine_service,United Kingdom; verify dataset record,EC directive|environment|water quality,not supplied by discovery response,MATCHED,ammonia-ammonium,DIRECT_CROSS_MEDIA,none_observed,Not supplied by discovery response; verify the dataset record before reuse,no,yes,no,no,2026-10-05T17:34:07.428569+00:00,access_restricted,,514393d3cda28ef20670618eed9c8e729c3a4150e3a0f23ac264747cc1c75686,1,ckan-data-gov-uk-8c0ecf29-5acb-4843-923e-ec6365f19836-5d0c5a4e9a,REVIEW_REQUIRED,DISCOVERED_ONLY,reachability no; licence review required
0883957f88ad63c64b3e,ckan-data-gov-uk-90c11df6-fe84-4015-b301-bea33635832e-5a84d6c05f,Environmental Information Data Centre,"Passive sampler ammonia measurements indoors and outdoors at a rural dwelling in South Lanarkshire, 2021",https://data-package.ceh.ac.uk/sd/366dee48-80c1-44a2-8a8d-2723a0fc3985.zip,machine_service,United Kingdom; verify dataset record,Ammonia monitoring|Atmospheric Conditions|Passive samplers|Rural dwelling,not supplied by discovery response,MATCHED,ammonia-ammonium,DIRECT_CROSS_MEDIA,none_observed,Not supplied by discovery response; verify the dataset record before reuse,yes,yes,no,no,2026-10-05T17:34:08.220054+00:00,reachable_secure,application/octet-stream,ef297a39febf2d54e3d32815044ba26c78873ac1b1e000e3578020509553b572,1,ckan-data-gov-uk-90c11df6-fe84-4015-b301-bea33635832e-5a84d6c05f,REVIEW_REQUIRED,DISCOVERED_ONLY,licence review required
08d294bed4ac0e6f8b6e,ckan-data-gov-uk-5ae9400a-6923-412d-a9b7-7d5f931d1e6c-d420f893ec,City and County of Swansea,Air Quality Management Zones,https://www.data.gov.uk/dataset/air-quality-management-zones4,catalogue_landing_page,United Kingdom; verify dataset record,,not supplied by discovery response,NO_MATCH,,,none_observed,Not supplied by discovery response; verify the dataset record before reuse,unknown,no,no,no,,,,fa72b05c5ab87ba8041da793f458ee916649ba88ebbfed3e16499c3e921ed6ea,1,ckan-data-gov-uk-5ae9400a-6923-412d-a9b7-7d5f931d1e6c-d420f893ec,REVIEW_REQUIRED,DISCOVERED_ONLY,no governed pollutant/stressor relevance match; no machine-readable endpoint established; reachability unknown; licence review required
09035739b893b9ba9c9c,ckan-data-gov-uk-5935bc96-f35e-4cbd-a246-917978e0c6af-dc627f2dbb,British Geological Survey (BGS),2006 Strategic Environmental Assessment SEA7 sample analysis - Physical/chemical analysis of marine sediment samples collected during the SEA7 survey August/September 2005 (NE Atlantic west of Scotland),http://www.bgs.ac.uk/data/sea/home.html,unknown,United Kingdom; verify dataset record,Geology,not supplied by discovery response,MATCHED,heavy-metals|volatile-organic-compounds,DIRECT|DIRECT_CROSS_MEDIA,none_observed,Not supplied by discovery response; verify the dataset record before reuse,unknown,no,no,no,,,,e7b566d0973727f561fdfa5b751787c6764069b80b38ae1abab4e29723405f8a,1,ckan-data-gov-uk-5935bc96-f35e-4cbd-a246-917978e0c6af-dc627f2dbb,REVIEW_REQUIRED,DISCOVERED_ONLY,no machine-readable endpoint established; reachability unknown; licence review required
0ac0eb672f98a3877a34,ckan-data-gov-uk-1d9a80ef-fc8f-4158-b419-dd99c5b82c4c-c6c401b0c3,Natural England,2013 Natural England Verification Survey of Torbay rMCZ-Intertidal Sediment.,http://www.emodnet-seabedhabitats.eu/map,unknown,United Kingdom; verify dataset record,,not supplied by discovery response,MATCHED,heavy-metals|ultrafine-particles,DIRECT|DIRECT_CROSS_MEDIA,none_observed,UK Open Government Licence (OGL),unknown,no,no,no,,,,1ee6fadfaca9c241afe2800d2c39ec70fa07cee2356da997d5d7c7307ef584d1,1,ckan-data-gov-uk-1d9a80ef-fc8f-4158-b419-dd99c5b82c4c-c6c401b0c3,REVIEW_REQUIRED,DISCOVERED_ONLY,no machine-readable endpoint established; reachability unknown
0b2f5e342f97fda785c5,ckan-data-gov-uk-afa61c30-dff6-4678-98e4-ca5d55909f53-a97c65099c,OpenDataNI,Belfast Air Quality Monitoring Stations,https://www.belfastcity.gov.uk/getmedia/83536e8e-3750-446e-9288-acc09cf0eabe/BCCAQMonitoring.csv,machine_service,United Kingdom; verify dataset record,Air|Belfast Air Monitoring|Monitoring|Quality,not supplied by discovery response,NO_MATCH,,,none_observed,UK Open Government Licence (OGL),unknown,yes,no,no,,,,0bad3202cba58f540ec5d84341bb988f1673d075e5f297209cbe5e6cc4b1f492,1,ckan-data-gov-uk-afa61c30-dff6-4678-98e4-ca5d55909f53-a97c65099c,REVIEW_REQUIRED,DISCOVERED_ONLY,no governed pollutant/stressor relevance match; reachability unknown
0b99eb33f25ea40a6f34,ckan-data-gov-uk-50fc3f88-7f31-4a97-b700-8c34801ba04a-4e5c14ea2e,Environmental Information Data Centre,"Monthly ammonia air concentration from Cuilcagh in Ireland/Northern Ireland, 2020",https://data-package.ceh.ac.uk/sd/21562c80-96dc-4642-bfcf-285846000ceb.zip,machine_service,United Kingdom; verify dataset record,Environmental Monitoring Facilities,not supplied by discovery response,MATCHED,ammonia-ammonium,DIRECT_CROSS_MEDIA,none_observed,Not supplied by discovery response; verify the dataset record before reuse,yes,yes,no,no,2026-10-05T17:34:09.001384+00:00,reachable_secure,application/octet-stream,3293c847b4d06edd23d1f271e588a9a7b2366a31730d396489254748744d5cad,1,ckan-data-gov-uk-50fc3f88-7f31-4a97-b700-8c34801ba04a-4e5c14ea2e,REVIEW_REQUIRED,DISCOVERED_ONLY,licence review required
0c41d935e61b9edbfc6d,arcgis-natural-england-811c254f519a44c38870b53da939d621-3372db9948,Natural England,Purple Horizons - Peatland Opportunities Nature Recovery Map,https://services.arcgis.com/JJzESW51TqeY9uat/arcgis/rest/services/Purple_Horizons_Peatland_Opportunities/FeatureServer,machine_service,England; verify item extent,Natural England|Projects|habitats|landscape|peat|peatland restoration,not supplied by discovery response,NO_MATCH,,,none_observed,There are no public access constraints to this data. Use of this data is subject to the Open Government Licence - www.nationalarchives.gov.uk/doc/open-government-licence/version/3/,unknown,yes,no,no,,,,f5d144f232ee837e4c9d1b1e9c521009a103b93520c1bb8ca3c53696c65bfaac,1,arcgis-natural-england-811c254f519a44c38870b53da939d621-3372db9948,REVIEW_REQUIRED,DISCOVERED_ONLY,no governed pollutant/stressor relevance match; reachability unknown
0cde062839eeef15dc0d,ckan-data-gov-uk-3d2830c3-cd10-4465-b5af-3e820b417315-134504ee36,Environmental Information Data Centre,Deposition and concentration values for protected sites in the UK (2013-2015),https://data-package.ceh.ac.uk/sd/487b9d48-ec67-4b4e-a758-093a52d2d73b.zip,machine_service,United Kingdom; verify dataset record,Protected Sites|ecosystem impacts from atmospheric pollution|natura 2000|nitrogen deposition|source attribution,not supplied by discovery response,MATCHED,ammonia-ammonium|atmospheric-deposition,DIRECT_CROSS_MEDIA|PROCESS_LINK,none_observed,Not supplied by discovery response; verify the dataset record before reuse,yes,yes,no,no,2026-10-05T17:34:09.633475+00:00,reachable_secure,application/octet-stream,7ce3e41a3d8bb2828e2f305b34728940fe1e68f0c92bbbf3787ec7c5ee33870d,1,ckan-data-gov-uk-3d2830c3-cd10-4465-b5af-3e820b417315-134504ee36,REVIEW_REQUIRED,DISCOVERED_ONLY,licence review required
0d153db4461c5197a1fe,ckan-data-gov-uk-79983cc9-3010-4285-bd99-402aac3f8758-557dc866e5,Environmental Information Data Centre,"Multi-proxy measurement data spanning the last 1800 years collected from a peat core in Store Mosse National Park, south-central Sweden, September 2023",https://www.data.gov.uk/dataset/multi-proxy-measurement-data-spanning-the-last-1800-years-collected-from-a-peat-core-in-st-2023,catalogue_landing_page,United Kingdom; verify dataset record,Carbon cycling|Environmental Monitoring Facilities|FTIR spectroscopy|Microbial community|NIR spectroscopy|Nutrient cycling|Organic compounds|Peat bog|Store Mosse|Total carbon content|Total nitrogen content,not supplied by discovery response,NO_MATCH,,,none_observed,Not supplied by discovery response; verify the dataset record before reuse,unknown,no,no,no,,,,b776012a168550350dca88d78ea769ef1b194b2f4a21a707bfc0e3cca5f48538,1,ckan-data-gov-uk-79983cc9-3010-4285-bd99-402aac3f8758-557dc866e5,REVIEW_REQUIRED,DISCOVERED_ONLY,no governed pollutant/stressor relevance match; no machine-readable endpoint established; reachability unknown; licence review required
0db25c1303893711e1ca,ckan-data-gov-uk-916f6b4e-9408-483c-a705-e3b7e276e94e-17b1409d94,City of York Council,The maximum Nitrogen Dioxide concentration in Prices/Nunnery Lane (ug/m3) (Calendar Year),https://data.yorkopendata.org/dataset/916f6b4e-9408-483c-a705-e3b7e276e94e/resource/2d9cf8f2-6a48-4c83-8ed7-5527cdafd802/download/kpi-can028a.csv,machine_service,United Kingdom; verify dataset record,,not supplied by discovery response,MATCHED,nitrogen-dioxide,DIRECT,none_observed,UK Open Government Licence (OGL),yes,yes,no,no,2026-10-05T17:34:11.329043+00:00,reachable_secure,text/csv,4b83587e92dfd57eaa8c5ef764b904d178e4a8fd6ce6c22ab88563b18a55276f,1,ckan-data-gov-uk-916f6b4e-9408-483c-a705-e3b7e276e94e-17b1409d94,REVIEW_REQUIRED,CANDIDATE_FOR_TEST,eligible for independent SCC Air Quality test reacquisition
0dca0f78fa0af799927c,ckan-data-gov-uk-1b4c6df5-3b97-4996-b9f0-75c86b4a5dec-ff4b909d98,Environmental Information Data Centre,"WMS for sulphur and nitrogen atmospheric Concentration Based Estimated Deposition (CBED), 2017-2019",https://catalogue.ceh.ac.uk/maps/ebb12432-54ee-474d-a839-48d1174a4a65?request=getCapabilities&service=WMS&cache=false,machine_service,United Kingdom; verify dataset record,Atmospheric Conditions|Concentration Based Estimated Deposition (CBED)|base cations|deposition|nitrogen|pollutant|sulphur,not supplied by discovery response,MATCHED,atmospheric-deposition|particulate-matter,DIRECT|PROCESS_LINK,none_observed,Not supplied by discovery response; verify the dataset record before reuse,yes,yes,no,no,2026-10-05T17:34:12.028736+00:00,reachable_secure,text/xml;charset=UTF-8,0cf8ca3ba5e635d450695db28a40be6a76802b6fbb37dd3aceec4942d3b5a8ac,1,ckan-data-gov-uk-1b4c6df5-3b97-4996-b9f0-75c86b4a5dec-ff4b909d98,REVIEW_REQUIRED,DISCOVERED_ONLY,licence review required
0e10f8593072cfce98ef,natural-england-open-data-geoportal,Natural England,Natural England Open Data Geoportal,https://naturalengland-defra.opendata.arcgis.com/,catalogue_landing_page,England,biodiversity|habitats|landscape|protected sites,varies by dataset,NO_MATCH,,,none_observed,"Dataset-specific; inspect each record because OGL, non-commercial and third-party constraints can differ",unknown,no,no,no,,,,e41055c69ce7b7a939dbed66cbc7ef29f42bc747eb77c8c79304c54a5c472843,1,natural-england-open-data-geoportal,REVIEW_REQUIRED,DISCOVERED_ONLY,no governed pollutant/stressor relevance match; no machine-readable endpoint established; reachability unknown
0e137859ea0e2c827d53,ckan-data-gov-uk-46f51ad2-3ca6-4215-9f26-72bc832b2a11-c47c02994a,OpenDataNI,Polycyclic Aromatic Hydrocarbons 1990 to 2024,https://services-eu1.arcgis.com/kswen6BYexuc1SUk/arcgis/rest/services/Polycyclic_Aromatic_Hydrocarbons_1990_to_2024/FeatureServer/8,machine_service,United Kingdom; verify dataset record,daera|fdi|freshwater-data-insights|niea|pah|polycyclic-aromatic-hydrocarbons|water|water-science-and-evidence|wse,not supplied by discovery response,MATCHED,polycyclic-aromatic-hydrocarbons|volatile-organic-compounds,DIRECT|DIRECT_CROSS_MEDIA,none_observed,UK Open Government Licence (OGL),yes,yes,no,no,2026-10-05T17:34:12.707844+00:00,reachable_secure,text/html; charset=utf-8,10144c5357395410bfb7e668cb1d40e81ba125ad8898d891d5ebfbbacbd1a4cd,1,ckan-data-gov-uk-46f51ad2-3ca6-4215-9f26-72bc832b2a11-c47c02994a,REVIEW_REQUIRED,CANDIDATE_FOR_TEST,eligible for independent SCC Air Quality test reacquisition
0e37a29a30df727f0522,ckan-data-gov-uk-3fe184b4-9e3a-478e-ad44-bbe2fec559bf-65a84a5efb,British Geological Survey (BGS),2004 Strategic Environmental Assessment SEA5 Analysis of seabed sediment samples for heavy metals (North Sea),http://www.bgs.ac.uk/data/sea/home.html,unknown,United Kingdom; verify dataset record,Geology,not supplied by discovery response,MATCHED,heavy-metals,DIRECT_CROSS_MEDIA,none_observed,Not supplied by discovery response; verify the dataset record before reuse,unknown,no,no,no,,,,f311aa867a8ca22c3e1205a14957eae6275038eebbb59881e4b6c21431e61c2e,1,ckan-data-gov-uk-3fe184b4-9e3a-478e-ad44-bbe2fec559bf-65a84a5efb,REVIEW_REQUIRED,DISCOVERED_ONLY,no machine-readable endpoint established; reachability unknown; licence review required
0e5418b67baeb4d4c655,ckan-data-gov-uk-77756c6f-d2fa-46bc-bc2e-51fda1d71249-5182da8107,Marine Environmental Data & Information Network,Hazardous chemicals in cetaceans obtained from existing data and post-mortem examinations on stranded cetaceans in the UK (1991 - 2020),https://www.bodc.ac.uk/data/published_data_library/catalogue/10.5285/4a2a78f7-2cca-27e1-e063-7086abc079da/,unknown,United Kingdom; verify dataset record,,not supplied by discovery response,NO_MATCH,,,none_observed,Not supplied by discovery response; verify the dataset record before reuse,unknown,no,no,no,,,,b2e5744ea18f9b951c2dd688313b278df4aa0b741a3066a7f6065bbe4510a4c6,1,ckan-data-gov-uk-77756c6f-d2fa-46bc-bc2e-51fda1d71249-5182da8107,REVIEW_REQUIRED,DISCOVERED_ONLY,no governed pollutant/stressor relevance match; no machine-readable endpoint established; reachability unknown; licence review required
0ef142cb1fdc68f4712f,ckan-data-gov-uk-8f66124e-8a92-4d58-b2f6-3eb9ac4f42af-91a000caae,Greater London Authority,London Atmospheric Emissions Inventory (LAEI) 2008,https://www.data.gov.uk/dataset/london-atmospheric-emissions-inventory-laei-20081,catalogue_landing_page,United Kingdom; verify dataset record,air-pollution|laei|nitrogen-dioxide|particulate-matter,not supplied by discovery response,NO_MATCH,,,none_observed,Not supplied by discovery response; verify the dataset record before reuse,unknown,no,no,no,,,,5b10b5a6b6df7ccd251901aedaa6e119dd41b4a9b198934fdba0b8dda28e1da6,1,ckan-data-gov-uk-8f66124e-8a92-4d58-b2f6-3eb9ac4f42af-91a000caae,REVIEW_REQUIRED,DISCOVERED_ONLY,no governed pollutant/stressor relevance match; no machine-readable endpoint established; reachability unknown; licence review required
0f9101f8b04e43a1ff3c,ckan-data-gov-uk-3bada8d8-05d6-43e2-bde3-90938c3a382d-3df69a955e,Environmental Information Data Centre,"Passive sampler ammonia measurements indoors and outdoors at a rural dwelling in South Lanarkshire, 2019-2020",https://data-package.ceh.ac.uk/sd/bac726a2-a26e-4d97-bf3f-1d530854120f.zip,machine_service,United Kingdom; verify dataset record,ALPHA sampler|Environmental Monitoring Facilities,not supplied by discovery response,MATCHED,ammonia-ammonium,DIRECT_CROSS_MEDIA,none_observed,Not supplied by discovery response; verify the dataset record before reuse,yes,yes,no,no,2026-10-05T17:34:13.540452+00:00,reachable_secure,application/octet-stream,7ab9b0b775bee5a5654e379ddbd8a37d4077bd7404407639b7ce875eaa4c5f09,1,ckan-data-gov-uk-3bada8d8-05d6-43e2-bde3-90938c3a382d-3df69a955e,REVIEW_REQUIRED,DISCOVERED_ONLY,licence review required
10d5958464995ab654a5,ckan-data-gov-uk-178c1d7f-7e1a-47d2-a205-d21eb21df27d-8b6e9495f2,British Geological Survey (BGS),UKGEOS Glasgow groundwater and surface water chemistry dataset release (2024 - 2025),https://webapps.bgs.ac.uk/services/ngdc/accessions/index.html#item192945,unknown,United Kingdom; verify dataset record,Chemical analysis|Geochemistry|Groundwater|Mine waters|NERC_DDC|Surface waters|Water chemistry,not supplied by discovery response,MATCHED,ammonia-ammonium|polycyclic-aromatic-hydrocarbons|volatile-organic-compounds,DIRECT|DIRECT_CROSS_MEDIA,none_observed,Not supplied by discovery response; verify the dataset record before reuse,unknown,no,no,no,,,,14bfe746b098b47e178385905ab434cb49e70df7e5dd3d463b3ac6354cdbd8ee,1,ckan-data-gov-uk-178c1d7f-7e1a-47d2-a205-d21eb21df27d-8b6e9495f2,REVIEW_REQUIRED,DISCOVERED_ONLY,no machine-readable endpoint established; reachability unknown; licence review required
1187e624547d255f00e8,ckan-data-gov-uk-9d4b476f-a278-4473-8bd7-f3fe43fc8a3b-61ae9c71e6,Environmental Information Data Centre,Monthly sampling of riverine chemistry and organic matter for 41 rivers in Great Britain in 2017 as part of the LOCATE project,https://data-package.ceh.ac.uk/sd/08223cdd-5e01-43ad-840d-15ff81e58acf.zip,machine_service,United Kingdom; verify dataset record,13C|15N|Environmental Monitoring Facilities|NH4-N|NO3-N|PO4-P|absorbance|alkalinity|fluorescence|pH|particulate organic nitrogen,not supplied by discovery response,MATCHED,ammonia-ammonium,DIRECT_CROSS_MEDIA,none_observed,Not supplied by discovery response; verify the dataset record before reuse,yes,yes,no,no,2026-10-05T17:34:14.179627+00:00,reachable_secure,application/octet-stream,ee065338311ac2bfd2de36b07d9a3d5b1a7d1113cd4a7211c76551050e2ce15e,1,ckan-data-gov-uk-9d4b476f-a278-4473-8bd7-f3fe43fc8a3b-61ae9c71e6,REVIEW_REQUIRED,DISCOVERED_ONLY,licence review required
1202d22e7e29aa2ad54f,ckan-data-gov-uk-064f0cca-7add-44ca-b9d6-e3c62fc16db7-769eea7b37,Scottish Government SpatialData.gov.scot,FGS Climatic Site Suitability - Native Broadleaves (W11),https://ogc.nature.scot/geoserver/scottishforestry/ows?service=WMS&request=GetCapabilities,machine_service,United Kingdom; verify dataset record,Environment|FGS|Felling|Forest Management|Forestry|Grant Schemes|Habitats and biotopes|Landscape|Licence|Ownership|Planning|Woodland,not supplied by discovery response,MATCHED,mercury,DIRECT_CROSS_MEDIA,none_observed,Not supplied by discovery response; verify the dataset record before reuse,yes,yes,no,no,2026-10-05T17:34:14.573783+00:00,reachable_secure,text/xml,734bae1554c4b1184f4d16a3b92274873abd83b1112956a072d10858c6513b6e,1,ckan-data-gov-uk-064f0cca-7add-44ca-b9d6-e3c62fc16db7-769eea7b37,REVIEW_REQUIRED,DISCOVERED_ONLY,licence review required
121a31468414e4f7ad67,ckan-data-gov-uk-3ae97344-ca4e-43a0-a68a-8a65090603ba-c9c03eb306,British Geological Survey (BGS),"2003 Strategic Environmental Assessment SEA2 Sediment trace and heavy metals analyses of seabed sediments acquired in the Central and Southern North Sea, May/June 2001. ERT report 637/R005",http://www.bgs.ac.uk/data/sea/home.html,unknown,United Kingdom; verify dataset record,Geology,not supplied by discovery response,MATCHED,heavy-metals,DIRECT_CROSS_MEDIA,none_observed,Not supplied by discovery response; verify the dataset record before reuse,unknown,no,no,no,,,,46ab0e547f71365fa5c7883ce5afbf4f6ba85d47a3d97a9c5d31d7e2a53b5774,1,ckan-data-gov-uk-3ae97344-ca4e-43a0-a68a-8a65090603ba-c9c03eb306,REVIEW_REQUIRED,DISCOVERED_ONLY,no machine-readable endpoint established; reachability unknown; licence review required
12f263bf704e32699a61,ckan-data-gov-uk-311786bf-eb36-4d5d-9b5c-7b471d4d864f-d8206610d4,Environmental Information Data Centre,"Nurdle characteristics with associated bacterial concentrations and virulence of Klebsiella isolates from Scottish beaches, 2022",https://data-package.ceh.ac.uk/sd/fdd72810-a57f-444f-83cf-f2351ef4c940.zip,machine_service,United Kingdom; verify dataset record,Environmental Monitoring Facilities|antimicrobial resistance|human pathogens|plastic pollution|plastisphere|public health|virulence,not supplied by discovery response,MATCHED,microplastics,EMERGING_CROSS_MEDIA,none_observed,Not supplied by discovery response; verify the dataset record before reuse,yes,yes,no,no,2026-10-05T17:34:15.229393+00:00,reachable_secure,application/octet-stream,d80cf4dc3200ec7b40a2eea223afc01d04ef1006a9e970895ddd3d4487bdcf86,1,ckan-data-gov-uk-311786bf-eb36-4d5d-9b5c-7b471d4d864f-d8206610d4,REVIEW_REQUIRED,DISCOVERED_ONLY,licence review required
13373b26788d646b523e,ckan-data-gov-uk-34620a9c-559a-4fd9-bc54-1619395a36b5-3ae261e811,Office for National Statistics,Pollution Removal (2007 2011 2015 2030) GeoPackage,https://services1.arcgis.com/ESMARspQHYMw9BZ9/arcgis/rest/services/Pollution_Removal_2007_2011_2015_2030_GeoPackage/FeatureServer,machine_service,United Kingdom; verify dataset record,Environmental Accounts|GeoPackage|PRD_GPCK|Pollution Removal|gpkg,not supplied by discovery response,NO_MATCH,,,none_observed,Not supplied by discovery response; verify the dataset record before reuse,unknown,yes,no,no,,,,21964af007b1e65ace5913fa8cc8924e92c72593fed96a9ef981b94b03ddc650,1,ckan-data-gov-uk-34620a9c-559a-4fd9-bc54-1619395a36b5-3ae261e811,REVIEW_REQUIRED,DISCOVERED_ONLY,no governed pollutant/stressor relevance match; reachability unknown; licence review required
1361e3beedd60eeb92e9,ckan-data-gov-uk-1468c3e2-055e-44df-b763-51b3a3305d36-05b11f3958,West Dorset District Council,Air Quality Zones,https://www.data.gov.uk/dataset/air-quality-zones1,catalogue_landing_page,United Kingdom; verify dataset record,,not supplied by discovery response,MATCHED,nitrogen-dioxide,DIRECT,none_observed,Not supplied by discovery response; verify the dataset record before reuse,unknown,no,no,no,,,,d3a8e1d2f6fbbf94a3eee2271d659a92d670aa2f430158eed31388c96fb9afdd,2,ckan-data-gov-uk-1468c3e2-055e-44df-b763-51b3a3305d36-05b11f3958|ckan-data-gov-uk-b6286c92-5219-4c41-88cc-dcdb8563577d-0e5e56ba61,REVIEW_REQUIRED,DISCOVERED_ONLY,no machine-readable endpoint established; reachability unknown; licence review required
1363288a296509ff1bf6,ckan-data-gov-uk-7527b3ba-aa6a-48f3-a73d-7f7c4508003f-c2d0e5aaec,Environment Agency,Small Streams Network Analysis Ready Data (NCEA),https://environment.data.gov.uk/api/file/download?fileDataSetId=d7b43c60-b2b4-49da-8bdf-61b45326d02c&fileName=Small_Streams_Sampling_Framework_Report_V1.1.pdf,machine_service,United Kingdom; verify dataset record,Analysis Ready Data|Area management/restriction/regulation zones and r|Environmental monitoring facilities|NCEA|River Habitat Survey|agricultural pollution|arable farming|area of potential pollution|benthic ecosystem|biological analysis|biological attribute|biological effect of pollution|biological indicator|biological monitoring|biological pollutant|biological pollution|biological resource|biological test|chemical analysis|chemical contamination|chemical fertiliser|chemical in the environment|chemical indicators|chemical pest control|chemical pollutant|chemical pollution|combined waste water|diffuse pollution|drainage water|ecosystem|ecosystem analysis|emission to water|environment|flowing water|forest ecosystem|freshwater|freshwater biology|freshwater ecosystem|freshwater monitoring|freshwater organism|freshwater pollution|freshwater resource|grassland ecosystem|inorganic chemical fertilisers|nitrate|nitrification|nitrite|organophosphorous compound|phosphate|phosphatic fertiliser|phosphorus|pressure|river|river catchment|river management|river pollution|river water|riverside vegetation|stream|stream measurement|streams|temperate ecosystem|terrestrial ecosystem|urban area|water chemistry|woodland ecosystem,not supplied by discovery response,NO_MATCH,,,none_observed,Not supplied by discovery response; verify the dataset record before reuse,unknown,yes,no,no,,,,cad799e1bb3b34c80eac2496bfe202587dee0064edeefe5849c79f8f26915abe,1,ckan-data-gov-uk-7527b3ba-aa6a-48f3-a73d-7f7c4508003f-c2d0e5aaec,REVIEW_REQUIRED,DISCOVERED_ONLY,no governed pollutant/stressor relevance match; reachability unknown; licence review required
1497182cef0538ed887e,ckan-data-gov-uk-86b95166-6f92-4853-9737-f6226cd979cf-1e530d8c32,Office for National Statistics,main.Pollution Removal UK Grid Geometric Centroids,https://services1.arcgis.com/ESMARspQHYMw9BZ9/arcgis/rest/services/Pollution_Removal_2007_2011_2015_2030_GeoPackage/FeatureServer/1,machine_service,United Kingdom; verify dataset record,Environmental Accounts|GeoPackage|PRD_GPCK|Pollution Removal|gpkg,not supplied by discovery response,NO_MATCH,,,none_observed,Not supplied by discovery response; verify the dataset record before reuse,unknown,yes,no,no,,,,494652773ce31728ec5597390c72dab373755d0c31da4aabcf10883ed0eaec73,1,ckan-data-gov-uk-86b95166-6f92-4853-9737-f6226cd979cf-1e530d8c32,REVIEW_REQUIRED,DISCOVERED_ONLY,no governed pollutant/stressor relevance match; reachability unknown; licence review required
14b5ba60a877b01709bd,ckan-data-gov-uk-7113d18c-ce3e-4f93-8a68-36846838a5ad-c7a7266dea,London Borough of Lambeth,Air Quality Zone,https://gis.lambeth.gov.uk/arcgis/services/AirQualityZone/MapServer/WMSServer?request=GetCapabilities&service=WMS,machine_service,United Kingdom; verify dataset record,maps|open data|streets,not supplied by discovery response,NO_MATCH,,,none_observed,Not supplied by discovery response; verify the dataset record before reuse,unknown,yes,no,no,,,,62662ba9696f1055fdc4e0dba5bf45de76a1d7d84914cd601b5d0d2897a49310,1,ckan-data-gov-uk-7113d18c-ce3e-4f93-8a68-36846838a5ad-c7a7266dea,REVIEW_REQUIRED,DISCOVERED_ONLY,no governed pollutant/stressor relevance match; reachability unknown; licence review required
150c56599596600dcde9,ckan-data-gov-uk-857e5394-b820-4039-8f6a-27a61ea1f362-97cbb5273f,Environmental Information Data Centre,Suspended organic matter stocks of Welsh upland rivers in response to organic matter addition (2012-2013),https://data-package.ceh.ac.uk/sd/37e7a1b3-0564-4c6f-84df-a9635edb57b4.zip,machine_service,United Kingdom; verify dataset record,Environmental Monitoring Facilities|Llyn Brianne|Plynlimon|diversity|suspended organic matter,not supplied by discovery response,NO_MATCH,,,none_observed,Not supplied by discovery response; verify the dataset record before reuse,unknown,yes,no,no,,,,25176a29f358d6e15253669716951ecce6406104aeb6bc8e7729636ff8c13b2e,1,ckan-data-gov-uk-857e5394-b820-4039-8f6a-27a61ea1f362-97cbb5273f,REVIEW_REQUIRED,DISCOVERED_ONLY,no governed pollutant/stressor relevance match; reachability unknown; licence review required
156537a4785b531eb353,ckan-data-gov-uk-598b646a-355a-43ff-b4a4-b1df17783038-58a8ce82c5,Scottish Government SpatialData.gov.scot,NatureScot's Natural Capital Tool: Ecosystem Service Capacity,https://gis-downloads.nature.scot/NCT-CAP-NOISE_SCOTLAND_27700_TIFF.zip,machine_service,United Kingdom; verify dataset record,Geology|Habitats and biotopes|Human health and safety|Protected sites|Soil,not supplied by discovery response,MATCHED,particulate-matter,DIRECT,none_observed,Not supplied by discovery response; verify the dataset record before reuse,no,yes,no,no,2026-10-05T17:34:15.636305+00:00,confirmed_missing,,572ef9da5dff580567eba043370f76134a984209397957675fda1793e7acb639,1,ckan-data-gov-uk-598b646a-355a-43ff-b4a4-b1df17783038-58a8ce82c5,REVIEW_REQUIRED,DISCOVERED_ONLY,reachability no; licence review required
15c9467ce47587cb69a7,ckan-data-gov-uk-bb6db7c4-611e-4364-bf75-f0f6625f58b3-807950fc66,Natural England,2013 Natural England Verification Survey of Cumbria Coast,http://www.emodnet-seabedhabitats.eu/map,unknown,United Kingdom; verify dataset record,,not supplied by discovery response,MATCHED,heavy-metals|ultrafine-particles,DIRECT|DIRECT_CROSS_MEDIA,none_observed,UK Open Government Licence (OGL),unknown,no,no,no,,,,f4e22e8a0d5e10934a222e6675ca0f2c6ff5a4ea8318364d94bb48a1062e37a6,1,ckan-data-gov-uk-bb6db7c4-611e-4364-bf75-f0f6625f58b3-807950fc66,REVIEW_REQUIRED,DISCOVERED_ONLY,no machine-readable endpoint established; reachability unknown
1600e79ec8ff6669780e,ckan-data-gov-uk-d1a17fbb-4ca9-4f42-afec-7e6bea5e4a2b-24d662432c,Marine Environmental Data & Information Network,Contaminants data from sediment cores collected in the North Sea between 2023 and 2024 and the Celtic Sea during 2023,https://data.cefas.co.uk/view/22173,unknown,United Kingdom; verify dataset record,,not supplied by discovery response,MATCHED,pesticides|pfas|polycyclic-aromatic-hydrocarbons|volatile-organic-compounds,ASSOCIATED_CROSS_MEDIA|DIRECT|DIRECT_CROSS_MEDIA|EMERGING_CROSS_MEDIA,none_observed,Not supplied by discovery response; verify the dataset record before reuse,unknown,no,no,no,,,,2cec76de44beac08f23e36af0e4e19905d1682fec9ff0545f50743e9f0867e3d,1,ckan-data-gov-uk-d1a17fbb-4ca9-4f42-afec-7e6bea5e4a2b-24d662432c,REVIEW_REQUIRED,DISCOVERED_ONLY,no machine-readable endpoint established; reachability unknown; licence review required
162010eecc04ec9cc5f2,ckan-data-gov-uk-98cfb6fb-a8bf-48d5-8af3-40bc6dfe81a0-3241142381,Joint Nature Conservation Committee,Species point records from 1988 OPRU HRE Loughor Estuary/Burry Inlet survey,http://data.jncc.gov.uk/data/79987fba-b6b1-41b7-94b0-56435b1cf5e7-1988-OPRU-HRE-Loughor-Estuary-Burry-Inlet-survey.csv,machine_service,United Kingdom; verify dataset record,,not supplied by discovery response,MATCHED,heavy-metals,DIRECT_CROSS_MEDIA,none_observed,UK Open Government Licence (OGL),unknown,yes,no,no,,,,ae764a7d902fb333afa585a3f46318bebfd28475717a040fb1844ef94333de24,1,ckan-data-gov-uk-98cfb6fb-a8bf-48d5-8af3-40bc6dfe81a0-3241142381,REVIEW_REQUIRED,DISCOVERED_ONLY,reachability unknown
16a1558bd312a74ca616,ckan-data-gov-uk-eb9ccbe7-6251-4348-bbb1-537f52a2020b-434d29433f,Environmental Information Data Centre,Model output for soil carbon and nitrogen turnover in agricultural sites in the Red Soil region of China,https://data-package.ceh.ac.uk/sd/2ce71612-df48-40f2-9402-03d93104c623.zip,machine_service,United Kingdom; verify dataset record,ECOSSE,not supplied by discovery response,NO_MATCH,,,none_observed,Not supplied by discovery response; verify the dataset record before reuse,unknown,yes,no,no,,,,4a8141f54ac4b59e1db46d850f7f72b969d460ad0aa328d48d61ef617b5f7512,1,ckan-data-gov-uk-eb9ccbe7-6251-4348-bbb1-537f52a2020b-434d29433f,REVIEW_REQUIRED,DISCOVERED_ONLY,no governed pollutant/stressor relevance match; reachability unknown; licence review required
178707de5eabd52349e2,ckan-data-gov-uk-b9148746-5c33-4684-b185-76a66e304bd2-ffb3104918,East Staffordshire Borough Council,Local Air Quality Monitoring Stations,https://www.data.gov.uk/dataset/local-air-quality-monitoring-stations5,catalogue_landing_page,United Kingdom; verify dataset record,Environmental monitoring facilities|air|health|human_health|monitoring|station,not supplied by discovery response,NO_MATCH,,,none_observed,Not supplied by discovery response; verify the dataset record before reuse,unknown,no,no,no,,,,7bde0f5765f08d6adabd8843d5d017ca1091a7f70711c3fb4e28e9a13dadf698,1,ckan-data-gov-uk-b9148746-5c33-4684-b185-76a66e304bd2-ffb3104918,REVIEW_REQUIRED,DISCOVERED_ONLY,no governed pollutant/stressor relevance match; no machine-readable endpoint established; reachability unknown; licence review required
180010d6ea6f76260270,ckan-data-gov-uk-a7495ec8-fe31-4d6c-bff4-c5692ae0aff5-21f9ac8561,Forestry Commission,EWCO - NfC Ammonia Emissions Capture for SSSI Protection,https://data-forestry.opendata.arcgis.com/,unknown,United Kingdom; verify dataset record,England|Protected sites|SSSI|Woodland|afforestation|ammonia|environment|forestry|pollution,not supplied by discovery response,MATCHED,ammonia-ammonium|atmospheric-deposition,DIRECT_CROSS_MEDIA|PROCESS_LINK,none_observed,Not supplied by discovery response; verify the dataset record before reuse,unknown,no,no,no,,,,34f8578bca405e1159e2f83a74124f4158123462c1f0b66dea97ecd7c12894b1,1,ckan-data-gov-uk-a7495ec8-fe31-4d6c-bff4-c5692ae0aff5-21f9ac8561,REVIEW_REQUIRED,DISCOVERED_ONLY,no machine-readable endpoint established; reachability unknown; licence review required
183bc50cc69968d21176,ckan-data-gov-uk-09360ea9-d1fe-4c7b-b4e1-7d82723bb6f1-c8a9254fba,Environmental Information Data Centre,"Average Accumulated Exceedance (AAE) of critical loads of acidity and nutrient nitrogen by acid and nitrogen deposition for the UK, 2015-2017",https://data-package.ceh.ac.uk/sd/b65abf02-bfdb-4546-a3a3-26e829d80b38.zip,machine_service,United Kingdom; verify dataset record,Environmental Monitoring Facilities|Nutrient Nitrogen,not supplied by discovery response,MATCHED,ammonia-ammonium|atmospheric-deposition|nitrogen-dioxide,DIRECT|DIRECT_CROSS_MEDIA|PROCESS_LINK,none_observed,Not supplied by discovery response; verify the dataset record before reuse,yes,yes,no,no,2026-10-05T17:34:16.312843+00:00,reachable_secure,application/octet-stream,0479bcaa6ba82a4a6f27caead4ac60707e1b110b4ecdab3ab437c5e5cf28f19f,1,ckan-data-gov-uk-09360ea9-d1fe-4c7b-b4e1-7d82723bb6f1-c8a9254fba,REVIEW_REQUIRED,DISCOVERED_ONLY,licence review required
183d5b824d5da71c8aa4,ckan-data-gov-uk-d205a65d-5a8b-432e-9707-04add3cac07f-c0bcbc3bd7,Environmental Information Data Centre,"European Monitoring and Evaluation Program Model for the UK (EMEP4UK) daily atmospheric composition and flux output data, UK, 1960-2020",https://data-package.ceh.ac.uk/sd/40e30580-9191-45d8-8e99-21de3c048250.zip,machine_service,United Kingdom; verify dataset record,EMEP|EMEP4UK|European Monitoring and Evaluation Programme|Meteorological geographical features|UK-SCAPE|aerosols|deposition,not supplied by discovery response,MATCHED,atmospheric-deposition,PROCESS_LINK,none_observed,Not supplied by discovery response; verify the dataset record before reuse,yes,yes,no,no,2026-10-05T17:34:16.946163+00:00,reachable_secure,application/octet-stream,7137db378fa99c3119dd70792cc90707b4efd3b4b4ad1a06b5b84f30947fe2ad,1,ckan-data-gov-uk-d205a65d-5a8b-432e-9707-04add3cac07f-c0bcbc3bd7,REVIEW_REQUIRED,DISCOVERED_ONLY,licence review required
187c5af3f6d5fcbd1514,ckan-data-gov-uk-fc1a1022-5379-48f5-bcd6-fe7c1bed291e-e7ae2409d7,British Geological Survey (BGS),The impact of mineral dissolution on drainage relative permeability and residual trapping in two carbonate rocks,https://ukccs-research.org/accessions/index.html#item120231,unknown,United Kingdom; verify dataset record,Carbon capture and storage|NERC_DDC|Petrophysics,not supplied by discovery response,MATCHED,mercury,DIRECT_CROSS_MEDIA,none_observed,Not supplied by discovery response; verify the dataset record before reuse,unknown,no,no,no,,,,4bb4d1079ffd3f7f7814341d1d39cdabcaa1fd423cd048c0a6c2f1d0f82ebf69,1,ckan-data-gov-uk-fc1a1022-5379-48f5-bcd6-fe7c1bed291e-e7ae2409d7,REVIEW_REQUIRED,DISCOVERED_ONLY,no machine-readable endpoint established; reachability unknown; licence review required
19045b13cba279c929ee,ckan-data-gov-uk-d6fa45cc-7d29-4f36-9846-4abae534596a-e60060606f,Environmental Information Data Centre,"Modelled erosional impacts on soil and freshwater nitrogen and phosphorus dynamics in Lake Victoria’s catchment area, 2000-2022",https://data-package.ceh.ac.uk/sd/02977a5d-00a0-44f8-baee-d2e0eecb5df0.zip,machine_service,United Kingdom; verify dataset record,InVEST|Lake Victoria,not supplied by discovery response,MATCHED,atmospheric-deposition,PROCESS_LINK,none_observed,Not supplied by discovery response; verify the dataset record before reuse,yes,yes,no,no,2026-10-05T17:34:17.710342+00:00,reachable_secure,application/octet-stream,dc39edcdd59b4ee044bc6cf27e4225a2b32c681e0012a9669287b26482ae94a8,1,ckan-data-gov-uk-d6fa45cc-7d29-4f36-9846-4abae534596a-e60060606f,REVIEW_REQUIRED,DISCOVERED_ONLY,licence review required
196be86073e0fcfb2d1a,ckan-data-gov-uk-410412e2-468d-4596-b5d2-9868ca20faa2-9fe9729b18,Environmental Information Data Centre,"Monthly atmospheric ammonia, acid gas, inorganic aerosols and base cation concentrations from Northern Ireland DELTA gas and aerosol monitoring network, 2019-2020",https://data-package.ceh.ac.uk/sd/55ad7cf8-fc40-4b8a-9d35-ce970a915ff6.zip,machine_service,United Kingdom; verify dataset record,DELTA|Environmental Monitoring Facilities|Northern Ireland|acid gas|atmospheric|base cations|network|nitric acid,not supplied by discovery response,MATCHED,acid-gas-aerosol|ammonia-ammonium,DIRECT_CROSS_MEDIA,none_observed,Not supplied by discovery response; verify the dataset record before reuse,yes,yes,no,no,2026-10-05T17:34:18.444350+00:00,reachable_secure,application/octet-stream,8dce3514f65adb2d2505d63ef141742200340b8f868e7fdd08bda48993af0e0c,1,ckan-data-gov-uk-410412e2-468d-4596-b5d2-9868ca20faa2-9fe9729b18,REVIEW_REQUIRED,DISCOVERED_ONLY,licence review required
19fd213ef9875fe09fb7,ckan-data-gov-uk-20d1cc71-7afd-42ee-aa70-97af05f77e1a-ece43c5310,British Geological Survey (BGS),"2003 Strategic Environmental Assessment SEA4 Sample analysis - Particle Size Analysis and Heavy Metal analysis, Atlantic margin (north UKCS)",http://www.bgs.ac.uk/data/sea/home.html,unknown,United Kingdom; verify dataset record,Geology,not supplied by discovery response,MATCHED,mercury,DIRECT_CROSS_MEDIA,none_observed,Not supplied by discovery response; verify the dataset record before reuse,unknown,no,no,no,,,,93ab36b044fb713ee147ac1039bf7531c8306515153cbde8099231ae88da5a73,1,ckan-data-gov-uk-20d1cc71-7afd-42ee-aa70-97af05f77e1a-ece43c5310,REVIEW_REQUIRED,DISCOVERED_ONLY,no machine-readable endpoint established; reachability unknown; licence review required
1a1b2679f831a2ddc97b,ckan-data-gov-uk-36558795-1738-4e21-84cc-570897802a25-cc5ae90d5b,Environmental Information Data Centre,"Microplastics in sediments of the River Thames Basin, UK",https://data-package.ceh.ac.uk/sd/93837492-408f-4349-8dcd-ee833e84e47e.zip,machine_service,United Kingdom; verify dataset record,Environmental Monitoring Facilities|Microplastics|Raman|nylon|polyester|polyethylene|polypropylene|polystyrene,not supplied by discovery response,MATCHED,microplastics|particulate-matter,DIRECT|EMERGING_CROSS_MEDIA,none_observed,Not supplied by discovery response; verify the dataset record before reuse,yes,yes,no,no,2026-10-05T17:34:19.116162+00:00,reachable_secure,application/octet-stream,d1584c16c4c7ac6107475e836b6a3873045db615af733cab8cdd677834296e15,1,ckan-data-gov-uk-36558795-1738-4e21-84cc-570897802a25-cc5ae90d5b,REVIEW_REQUIRED,DISCOVERED_ONLY,licence review required
1a40b723e32f415556e8,ckan-data-gov-uk-088fb251-78dd-4509-aec7-9ea8ad015905-930ba9eb0a,City of York Council,The maximum Nitrogen Dioxide concentration in Blossom St/Holgate (ug/m3) (Calendar Year),https://data.yorkopendata.org/dataset/088fb251-78dd-4509-aec7-9ea8ad015905/resource/f65f3e0b-0d78-43ca-a968-69d099487418/download/kpi-can028b.csv,machine_service,United Kingdom; verify dataset record,,not supplied by discovery response,MATCHED,nitrogen-dioxide,DIRECT,none_observed,UK Open Government Licence (OGL),yes,yes,no,no,2026-10-05T17:34:20.786507+00:00,reachable_secure,text/csv,4fc3171897236f476d1209c0dd7faa3d140bc71860acf4af9cba9355f7444fab,1,ckan-data-gov-uk-088fb251-78dd-4509-aec7-9ea8ad015905-930ba9eb0a,REVIEW_REQUIRED,CANDIDATE_FOR_TEST,eligible for independent SCC Air Quality test reacquisition
1a9522280e0a2a38e9a1,ckan-data-gov-uk-69c41d5f-c7b0-4288-b863-177f75203a0b-1bde467e55,Environmental Information Data Centre,"Porewater and microbial community properties of permeable riverbed sediments across the south of England, 2018",https://data-package.ceh.ac.uk/sd/d432d96c-7aff-45a5-9d4b-37e4065afdd7.zip,machine_service,United Kingdom; verify dataset record,15N|16S rRNA|AOA|AOB|Anammox|Archaea|Ash|Broadstone|Comammox|Cray|Darent|Ebble|Environmental Monitoring Facilities|Greensand|Lambourn|Marden|Medway|Nadder|NirS|Plant|Rib|Stour|Wylye|ammonia oxidising|amoA|hzo|hzs|nirK|nirS|nosZ|nrxB|ureC,not supplied by discovery response,MATCHED,ammonia-ammonium,DIRECT_CROSS_MEDIA,none_observed,Not supplied by discovery response; verify the dataset record before reuse,yes,yes,no,no,2026-10-05T17:34:21.624559+00:00,reachable_secure,application/octet-stream,7a13e1b038b02614defbaa4da6b14b69379834377664e0d281c2958e297199d9,1,ckan-data-gov-uk-69c41d5f-c7b0-4288-b863-177f75203a0b-1bde467e55,REVIEW_REQUIRED,DISCOVERED_ONLY,licence review required
1aa3e262abb1fffffc74,ckan-data-gov-uk-83075de9-b5be-4501-9e12-2629fa38c043-4fd64599e4,Centre for Environmental Data Analysis,Global 10 Year Monthly Climatology and Monthly Composites of Phytoplankton Size Class from SeaWiFS Analyses as part of the National Centre for Earth Observation (NCEO) Theme 2 Sub-theme 6,http://oceancolor.gsfc.nasa.gov/SeaWiFS/,unknown,United Kingdom; verify dataset record,,not supplied by discovery response,NO_MATCH,,,none_observed,UK Open Government Licence (OGL),unknown,no,no,no,,,,52e2846868a42fcd8c42b429c6d995ddc80f2dbcd158e56d9eab1c6c5c7989a1,2,ckan-data-gov-uk-83075de9-b5be-4501-9e12-2629fa38c043-4fd64599e4|ckan-data-gov-uk-f09267fa-7d4e-4288-b3b8-008ffc5639ad-73b703449a,REVIEW_REQUIRED,DISCOVERED_ONLY,no governed pollutant/stressor relevance match; no machine-readable endpoint established; reachability unknown
1abfc490d3daa1a32632,ckan-data-gov-uk-4bf55a41-48fa-40f2-8f26-2d19d513de0a-c9d4d5ca71,Marine Environmental Data & Information Network,Dredge Contaminant Seabed Data in UK Waters 1998 - 2022,https://data.cefas.co.uk/view/21832,unknown,United Kingdom; verify dataset record,,not supplied by discovery response,MATCHED,pesticides|polycyclic-aromatic-hydrocarbons|volatile-organic-compounds,ASSOCIATED_CROSS_MEDIA|DIRECT|DIRECT_CROSS_MEDIA,none_observed,Not supplied by discovery response; verify the dataset record before reuse,unknown,no,no,no,,,,de442e7fe61f4c4ca81f6faa1bc092501df7f077aa304423264189f5737acd44,1,ckan-data-gov-uk-4bf55a41-48fa-40f2-8f26-2d19d513de0a-c9d4d5ca71,REVIEW_REQUIRED,DISCOVERED_ONLY,no machine-readable endpoint established; reachability unknown; licence review required
1b4f7caae5a0be0233ce,ckan-data-gov-uk-3f4405c6-0aa7-4087-8067-8efe0c364564-c68d9a2711,Cambridgeshire Insight,Air Quality Data from UK-AIR,https://data.cambridgeshireinsight.org.uk/sites/default/files/WickenFen_0.csv,machine_service,United Kingdom; verify dataset record,Environment|air quality|defra|pollution,not supplied by discovery response,MATCHED,nitrogen-dioxide,DIRECT,none_observed,Not supplied by discovery response; verify the dataset record before reuse,yes,yes,no,no,2026-10-05T17:34:22.003199+00:00,reachable_secure,text/csv,73164893b55605cafbdd4f707b6a68d477d4346f7ace9caa2cbe06a706e8e227,1,ckan-data-gov-uk-3f4405c6-0aa7-4087-8067-8efe0c364564-c68d9a2711,REVIEW_REQUIRED,DISCOVERED_ONLY,licence review required
1be12c7493a75b9b798c,ckan-data-gov-uk-956dbd75-1b42-4ccf-b785-7fb0660d506b-8f053e3cd9,Environmental Information Data Centre,"Time series of microbial carbon release from soil as carbon dioxide under different nitrogen and phosphorus treatments with a high glucose concentration added as a carbon source in the Conwy catchment, North Wales, UK (2016)",https://data-package.ceh.ac.uk/sd/a15c35d7-0247-4ea3-820b-f6f20cc5ffed.zip,machine_service,United Kingdom; verify dataset record,Conwy Catchment|Environmental Monitoring Facilities|Macronutrient Cycling Programme (MCP)|North Wales|Soil core|Turf2Surf (T2S)|liquid scintillation counter,not supplied by discovery response,NO_MATCH,,,none_observed,Not supplied by discovery response; verify the dataset record before reuse,unknown,yes,no,no,,,,53f491982e5767748a5dc61fc6371692a2aa865031179f61bcbd948a5523b6a6,1,ckan-data-gov-uk-956dbd75-1b42-4ccf-b785-7fb0660d506b-8f053e3cd9,REVIEW_REQUIRED,DISCOVERED_ONLY,no governed pollutant/stressor relevance match; reachability unknown; licence review required
1e54b3eb63eb051eb703,ckan-data-gov-uk-8df542a2-c0c1-4d30-909c-82f418bcc8eb-75a214ca00,Environmental Information Data Centre,"High resolution European Monitoring and Evaluation Program Model for the UK (EMEP4UK) annual vegetation specific atmospheric deposition of oxidised sulphur, oxidised nitrogen, and reduced nitrogen for 2018",https://data-package.ceh.ac.uk/sd/2adc10bf-e6f4-4e8d-b268-ee5d58d31c50.zip,machine_service,United Kingdom; verify dataset record,Atmospheric Conditions|Coarse nitrate particulate|EMEP|EMEP4UK|European Monitoring and Evaluation Programme|UK-SCAPE|oxides of sulphur|reduced nitrogen,not supplied by discovery response,MATCHED,atmospheric-deposition,PROCESS_LINK,none_observed,Not supplied by discovery response; verify the dataset record before reuse,yes,yes,no,no,2026-10-05T17:34:22.686892+00:00,reachable_secure,application/octet-stream,8157a841afbcda105c9bb713fc865c234b9eb9a8c0a8112afd303b67720d88e9,1,ckan-data-gov-uk-8df542a2-c0c1-4d30-909c-82f418bcc8eb-75a214ca00,REVIEW_REQUIRED,DISCOVERED_ONLY,licence review required
1e9ac049002be66805eb,ckan-data-gov-uk-a8a587c2-90e0-43a1-8393-0cb7f4a32fba-df7dc60a78,Southwark London Borough Council,Air Quality Management Area,https://www.data.gov.uk/dataset/air-quality-management-area3,catalogue_landing_page,United Kingdom; verify dataset record,,not supplied by discovery response,NO_MATCH,,,none_observed,Not supplied by discovery response; verify the dataset record before reuse,unknown,no,no,no,,,,ac183d3c93c2e35e8d6b9c77a63f0756a3f90e03c0540b0b097e451dcd4b5de0,1,ckan-data-gov-uk-a8a587c2-90e0-43a1-8393-0cb7f4a32fba-df7dc60a78,REVIEW_REQUIRED,DISCOVERED_ONLY,no governed pollutant/stressor relevance match; no machine-readable endpoint established; reachability unknown; licence review required
213146e5276f87a2e496,ckan-data-gov-uk-1fdee3a1-4c1c-4f17-a887-bb0ea3122856-26b68c23a4,Environmental Information Data Centre,"Topsoil nitrogen concentration estimates from the Countryside Survey of Great Britain, 2007 using a generalized additive model",https://data-package.ceh.ac.uk/sd/8ec2d5ae-5d19-4b58-8cf6-aafdad485bb2.zip,machine_service,United Kingdom; verify dataset record,Broad Habitat|Countryside Survey|Parent Material Model|Soil|UK-SCAPE,not supplied by discovery response,MATCHED,atmospheric-deposition,PROCESS_LINK,none_observed,Not supplied by discovery response; verify the dataset record before reuse,yes,yes,no,no,2026-10-05T17:34:23.418331+00:00,reachable_secure,application/octet-stream,d74b97cc1d81c5d96a202f80a7582b2d619d5bb9411e1b2ce03d4fb3a4cde572,1,ckan-data-gov-uk-1fdee3a1-4c1c-4f17-a887-bb0ea3122856-26b68c23a4,REVIEW_REQUIRED,DISCOVERED_ONLY,licence review required
220dc6406121cb02bfe9,defra-uk-air-data-archive,"Department for Environment, Food & Rural Affairs",UK-AIR Data Archive,https://uk-air.defra.gov.uk/data/,catalogue_landing_page,United Kingdom,air quality|atmosphere|monitoring,varies by monitoring network,NO_MATCH,,,none_observed,Open Government Licence v3.0 except where the source states otherwise; mapping products may carry additional terms,unknown,no,no,no,,,,72d7d984b79dafe0e7551b96e8abf88bb2a69d76ba7ac752f71dd14713040164,1,defra-uk-air-data-archive,REVIEW_REQUIRED,DISCOVERED_ONLY,no governed pollutant/stressor relevance match; no machine-readable endpoint established; reachability unknown
223efabfe441c7c71dc2,ckan-data-gov-uk-84cb8ac0-739a-4c58-9ac0-26130f0ca591-e646e6e10a,OpenDataNI,River Water Quality Monitoring 1990 to 2024 - Ammonia NH4-N,https://services-eu1.arcgis.com/kswen6BYexuc1SUk/arcgis/rest/services/River_Water_Quality_Monitoring_1990_to_2024_Ammonia/FeatureServer/0,machine_service,United Kingdom; verify dataset record,ammonia|chemistry|daera|fdi|freshwater-data-insights|niea|nitrate|nitrite|nitrogen|river-water-quality|water|water-science-and-evidence|wse,not supplied by discovery response,MATCHED,ammonia-ammonium,DIRECT_CROSS_MEDIA,none_observed,UK Open Government Licence (OGL),yes,yes,no,no,2026-10-05T17:34:23.891523+00:00,reachable_secure,text/html; charset=utf-8,842aa4af8e447cc1061c82ccc175e87f2b5c6fa9d87a8d44ce16d160e77796f3,2,ckan-data-gov-uk-3f115253-86b9-47f9-a97c-25a750aaa0f3-d8d80856d0|ckan-data-gov-uk-84cb8ac0-739a-4c58-9ac0-26130f0ca591-e646e6e10a,REVIEW_REQUIRED,CANDIDATE_FOR_TEST,eligible for independent SCC Air Quality test reacquisition
229cd443bbda0bbb043d,ckan-data-gov-uk-405b5dd6-6d97-4200-a7f4-926e70ff2c1c-f00b8e1c5f,Food Standards Agency,"Contaminants Monitoring Programme for Wild Caught Fish, Crustaceans and Cephalopods",https://fsaopendata.blob.core.windows.net/opendatacatalog/Per-andpolyfluoroalkylsubstances(PFAS).csv,machine_service,United Kingdom; verify dataset record,,not supplied by discovery response,NO_MATCH,,,none_observed,Creative Commons Attribution,unknown,yes,no,no,,,,670a058b2572dc89ef3c2cc0de09c60551c40c87a8b339ad9e17dbc441b65029,1,ckan-data-gov-uk-405b5dd6-6d97-4200-a7f4-926e70ff2c1c-f00b8e1c5f,REVIEW_REQUIRED,DISCOVERED_ONLY,no governed pollutant/stressor relevance match; reachability unknown
22f50f9ba5e130449855,ckan-data-gov-uk-960e28aa-e228-4a25-98fe-8b1e89d7a807-78775fae01,Marine Environmental Data & Information Network,Microplastic contamination data from mussels from the UK in 2022,https://data.cefas.co.uk/view/22083,unknown,United Kingdom; verify dataset record,,not supplied by discovery response,MATCHED,microplastics,EMERGING_CROSS_MEDIA,none_observed,Not supplied by discovery response; verify the dataset record before reuse,unknown,no,no,no,,,,c6f79f8d689fb4a190585d87368dfa1c155c7641a4d04abbca19595f4d7169a8,1,ckan-data-gov-uk-960e28aa-e228-4a25-98fe-8b1e89d7a807-78775fae01,REVIEW_REQUIRED,DISCOVERED_ONLY,no machine-readable endpoint established; reachability unknown; licence review required
230f590882d75b2875ef,ckan-data-gov-uk-37c31f7d-e812-4358-80cc-5762f984f62c-37ad167d79,British Geological Survey (BGS),"Organic pollutants in urban soils of Glasgow, UK",https://webapps.bgs.ac.uk/services/ngdc/accessions/index.html#item177454,unknown,United Kingdom; verify dataset record,Contamination|Hydrocarbons|NERC_DDC|Organic geochemistry|PCB|Pollution|Soils|TOC,not supplied by discovery response,MATCHED,polycyclic-aromatic-hydrocarbons|volatile-organic-compounds,DIRECT|DIRECT_CROSS_MEDIA,none_observed,Not supplied by discovery response; verify the dataset record before reuse,unknown,no,no,no,,,,474cbc5dd1d84124398ecb95cc0da0f7d0b7e2c9d768aac179667d4ecf2d0762,1,ckan-data-gov-uk-37c31f7d-e812-4358-80cc-5762f984f62c-37ad167d79,REVIEW_REQUIRED,DISCOVERED_ONLY,no machine-readable endpoint established; reachability unknown; licence review required
23395200e2ca6edb73ab,ckan-data-gov-uk-15ec8080-ee1c-469b-858e-546d2fb57c27-ebcc64003b,OpenDataNI,River Water Quality Monitoring 1990 to 2024 - All Parameters,https://services-eu1.arcgis.com/kswen6BYexuc1SUk/arcgis/rest/services/River_Water_Quality_Monitoring_1990_to_2024_All_Parameters/FeatureServer/0,machine_service,United Kingdom; verify dataset record,alkalinity|ammonia|biochemical-oxygen-demand|chemistry|conductivity|copper|daera|fdi|freshwater-data-insights|iron|niea|nitrate|nitrite|oxygen|ph|phosphorus|river-water-quality|suspended-solids|water|water-science-and-evidence|wse|zinc,not supplied by discovery response,MATCHED,ammonia-ammonium|heavy-metals|nitrogen-dioxide,DIRECT|DIRECT_CROSS_MEDIA,none_observed,UK Open Government Licence (OGL),yes,yes,no,no,2026-10-05T17:34:24.530007+00:00,reachable_secure,text/html; charset=utf-8,f7bcb10338bcc91dcb190906f18eaaa417e615f7fd286edea0660e9f873ceef8,2,ckan-data-gov-uk-0840ab33-18ae-4670-8523-ac43105f5902-760ff1912d|ckan-data-gov-uk-15ec8080-ee1c-469b-858e-546d2fb57c27-ebcc64003b,REVIEW_REQUIRED,CANDIDATE_FOR_TEST,eligible for independent SCC Air Quality test reacquisition
2384de6142889e82cc22,ckan-data-gov-uk-d5db94ec-5ffa-43df-9503-124c008d02c0-53de0a6752,Environmental Information Data Centre,"Degradation characteristics of bio-based teabags buried in soil, UK, November 2021-June 2022",https://data-package.ceh.ac.uk/sd/24eddfa6-c97e-4a27-a84f-063ab3981058.zip,machine_service,United Kingdom; verify dataset record,Production and Industrial Facilities|biopolymer|compostable plastic|deterioration|microplastics|plastic alternative|plastic substitute|soil degredation,not supplied by discovery response,MATCHED,microplastics,EMERGING_CROSS_MEDIA,none_observed,Not supplied by discovery response; verify the dataset record before reuse,yes,yes,no,no,2026-10-05T17:34:25.221241+00:00,reachable_secure,application/octet-stream,8d88e526999f50905166e210e0a5ca4803772726b3222f0822bbb0ebcaa77ad3,1,ckan-data-gov-uk-d5db94ec-5ffa-43df-9503-124c008d02c0-53de0a6752,REVIEW_REQUIRED,DISCOVERED_ONLY,licence review required
23ae7d770e4122721650,ckan-data-gov-uk-45840b75-3c86-4be7-b86e-cbae7d15ff17-655cf0bb1d,British Geological Survey (BGS),"2003 Strategic Environmental Assessment SEA2 Sediment hydrocarbon analyses of seabed sediments collected in Central and Southern North Sea, May/June 2001 ERT Report 637/R004",http://www.bgs.ac.uk/data/sea/home.html,unknown,United Kingdom; verify dataset record,Geology|Habitats and biotopes,not supplied by discovery response,NO_MATCH,,,none_observed,Not supplied by discovery response; verify the dataset record before reuse,unknown,no,no,no,,,,d0d5740342525c480256fdd9e02c9a75e1683f3bdea661aa6dce984f84121c8f,1,ckan-data-gov-uk-45840b75-3c86-4be7-b86e-cbae7d15ff17-655cf0bb1d,REVIEW_REQUIRED,DISCOVERED_ONLY,no governed pollutant/stressor relevance match; no machine-readable endpoint established; reachability unknown; licence review required
23d6e0279833de35e017,ckan-data-gov-uk-fa35ee67-eeef-4fd0-9d63-a7a805ad64f6-429c46da28,Scottish Government SpatialData.gov.scot,FGS Climatic Site Suitability - Native Broadleaves (W9),https://ogc.nature.scot/geoserver/scottishforestry/ows?service=WMS&request=GetCapabilities,machine_service,United Kingdom; verify dataset record,Environment|FGS|Felling|Forest Management|Forestry|Grant Schemes|Habitats and biotopes|Landscape|Licence|Ownership|Planning|Woodland,not supplied by discovery response,MATCHED,mercury,DIRECT_CROSS_MEDIA,none_observed,Not supplied by discovery response; verify the dataset record before reuse,yes,yes,no,no,2026-10-05T17:34:25.639653+00:00,reachable_secure,text/xml,2264f4219b39dc331c0cc282adec004aba8bf14737155fa958794473c5583e2a,1,ckan-data-gov-uk-fa35ee67-eeef-4fd0-9d63-a7a805ad64f6-429c46da28,REVIEW_REQUIRED,DISCOVERED_ONLY,licence review required
23e0bd7985bbe3167327,environment-agency-linked-data-apis,Environment Agency,Environment Agency Linked Data APIs,https://environment.data.gov.uk/apiportal,catalogue_landing_page,England,bathing water|ecology|flooding|hydrology|permits,varies by API; includes near-real-time services,NO_MATCH,,,none_observed,Open Government Licence v3.0 except where the service states otherwise,unknown,no,no,no,,,,3ede28109386d6c287214d09815dcd06fe026eaf43b902c720ce392ea84b485d,1,environment-agency-linked-data-apis,REVIEW_REQUIRED,DISCOVERED_ONLY,no governed pollutant/stressor relevance match; no machine-readable endpoint established; reachability unknown
2465657e5786d97829d4,ckan-data-gov-uk-cccef1ac-fcd2-456a-89eb-49f7206e9ce1-25fc2e78be,Forestry Commission,Forest condition survey (1987-2006),https://data-forestry.opendata.arcgis.com/documents/84dad3bf3e654713a81cdc38b9dd8278/explore,unknown,United Kingdom; verify dataset record,Tree condition|Tree health|UK|damage|environment|plant health care|pollution|research|survey,not supplied by discovery response,NO_MATCH,,,none_observed,UK Open Government Licence (OGL),unknown,no,no,no,,,,cd7de647729a3681e4c05cf62d98ecc8271122e0156bfc99c66bd151fb1575c7,1,ckan-data-gov-uk-cccef1ac-fcd2-456a-89eb-49f7206e9ce1-25fc2e78be,REVIEW_REQUIRED,DISCOVERED_ONLY,no governed pollutant/stressor relevance match; no machine-readable endpoint established; reachability unknown
246dc567c4681ca0837d,ckan-data-gov-uk-467a30fd-7e09-415f-9885-1a57e9bde05b-e4c39480d5,Environmental Information Data Centre,Water chemistry samples from Durleigh Reservoir 2018,https://data-package.ceh.ac.uk/sd/f5f85f15-8f3a-474c-ae58-7cdeab2a53ca.zip,machine_service,United Kingdom; verify dataset record,Environmental Monitoring Facilities|Potassium|magnesium|manganese|water chemistry,not supplied by discovery response,MATCHED,ammonia-ammonium|heavy-metals,DIRECT_CROSS_MEDIA,none_observed,Not supplied by discovery response; verify the dataset record before reuse,yes,yes,no,no,2026-10-05T17:34:26.427511+00:00,reachable_secure,application/octet-stream,a8e17d622e0920f999e0c286d71291e5899137cc6247e1bd18b3fc920e04d91f,1,ckan-data-gov-uk-467a30fd-7e09-415f-9885-1a57e9bde05b-e4c39480d5,REVIEW_REQUIRED,DISCOVERED_ONLY,licence review required
247e08bd90393e28ea9b,ckan-data-gov-uk-9633d8ef-ee55-4344-847f-2df98d3a53ca-fc5f12b45b,Dacorum Borough Council,AIR QUALITY MANAGEMENT AREAS,https://www.data.gov.uk/dataset/air-quality-management-areas16,catalogue_landing_page,United Kingdom; verify dataset record,,not supplied by discovery response,NO_MATCH,,,none_observed,Not supplied by discovery response; verify the dataset record before reuse,unknown,no,no,no,,,,9306460153b81ce0e099230b2a7718f7e501e25ddea2e4c239c31c93d3bcce0f,1,ckan-data-gov-uk-9633d8ef-ee55-4344-847f-2df98d3a53ca-fc5f12b45b,REVIEW_REQUIRED,DISCOVERED_ONLY,no governed pollutant/stressor relevance match; no machine-readable endpoint established; reachability unknown; licence review required
2490d1b2f39c84f4d48c,ckan-data-gov-uk-140b9ac4-3139-4e4e-84fc-489f43846345-c8c80099ee,Milton Keynes Council,Air Quality Management Areas,https://www.data.gov.uk/dataset/air-quality-management-areas9,catalogue_landing_page,United Kingdom; verify dataset record,,not supplied by discovery response,NO_MATCH,,,none_observed,Not supplied by discovery response; verify the dataset record before reuse,unknown,no,no,no,,,,14bce25cffe4f6a363db83ca47689899fa757da6e487ab4ef721113b4bc3219b,2,ckan-data-gov-uk-140b9ac4-3139-4e4e-84fc-489f43846345-c8c80099ee|ckan-data-gov-uk-196659c8-53fe-41ee-a07d-0e361ff0cac8-8d965b073d,REVIEW_REQUIRED,DISCOVERED_ONLY,no governed pollutant/stressor relevance match; no machine-readable endpoint established; reachability unknown; licence review required
264cf00a9ebe71f29ad0,ckan-data-gov-uk-4df373a5-0ac7-43db-9002-d9ea5a4b97aa-7dde3deb04,British Geological Survey (BGS),Data tables for carbon in global Palaeoproterozoic black shales (NERC Grant NE/M010953/1),https://webapps.bgs.ac.uk/services/ngdc/accessions/index.html#item169192,unknown,United Kingdom; verify dataset record,Carbon isotopes|Carbonaceous shale|NERC_DDC|Orogenic belt|Orogeny|Subduction|TOC,not supplied by discovery response,NO_MATCH,,,none_observed,Not supplied by discovery response; verify the dataset record before reuse,unknown,no,no,no,,,,9c801613113b91829e276c17fef625bbde052c11e3573164905f6bc86d4b6c56,1,ckan-data-gov-uk-4df373a5-0ac7-43db-9002-d9ea5a4b97aa-7dde3deb04,REVIEW_REQUIRED,DISCOVERED_ONLY,no governed pollutant/stressor relevance match; no machine-readable endpoint established; reachability unknown; licence review required
265e6171966194964b20,ckan-data-gov-uk-96b2196c-56a3-4933-a691-a4ab6f41771b-5d076020ec,Environment Agency,Historic GQA Headline Indicators of Water Courses (Wales) - Chemistry,https://environment.data.gov.uk/api/file/download?fileDataSetId=ebf56f71-e3cc-4a6b-b937-b7307466320a&fileName=Historic_GQA_Headline_Indicators_of_Water_Courses_-_Chemistry.zip.zip,machine_service,United Kingdom; verify dataset record,environment|inlandWaters|monitoring data|monitoring technique|water quality river,not supplied by discovery response,MATCHED,ammonia-ammonium,DIRECT_CROSS_MEDIA,none_observed,Not supplied by discovery response; verify the dataset record before reuse,yes,yes,no,no,2026-10-05T17:34:27.515102+00:00,reachable_secure,application/octet-stream,b2d9f689258b1193a4e4608d2092e30d72cd1a6327ac266576a1952bab61713d,1,ckan-data-gov-uk-96b2196c-56a3-4933-a691-a4ab6f41771b-5d076020ec,REVIEW_REQUIRED,DISCOVERED_ONLY,licence review required
26dcc2c9608843d76e18,ckan-data-gov-uk-f472d497-d016-4f18-baa7-37d9013d4184-a9b52a0b65,OpenDataNI,River Water Quality Monitoring 1990 to 2018 - Ammonia,https://services-eu1.arcgis.com/kswen6BYexuc1SUk/arcgis/rest/services/WaterQualityAnalysis1990to2018_NH4/FeatureServer/0,machine_service,United Kingdom; verify dataset record,DAERA|Lakes|Monitoring Sites|NIEA|Northern Ireland|Protected Areas|Rivers|Science|Surface waters|WFD|Water|Water Framework Directive|Water Quality,not supplied by discovery response,MATCHED,ammonia-ammonium,DIRECT_CROSS_MEDIA,none_observed,UK Open Government Licence (OGL),yes,yes,no,no,2026-10-05T17:34:27.920920+00:00,reachable_secure,text/html; charset=utf-8,ef7a1f2101c77d7db42df0ac3b0bbed4404515823bf6af50f6fdee82baee1e5d,10,ckan-data-gov-uk-201320ff-0a8c-4a2c-a91c-f0a9d8147896-8daab4d460|ckan-data-gov-uk-367b3faf-a467-4e7f-ab2f-d0c53506c8e3-48e4562a09|ckan-data-gov-uk-519952b9-c2b0-4e9d-866c-b0e8324e36d0-b5ec3c3db9|ckan-data-gov-uk-59b17842-102b-4f30-9a72-46631f4cee58-f61cf2e5fe|ckan-data-gov-uk-7ced8725-a4c4-45e2-af75-4350c9ece829-e101621bbd|ckan-data-gov-uk-9650fc38-3313-4680-8b56-a5f81dcb17bf-886a935735|ckan-data-gov-uk-bae1da2a-0388-43fd-b727-6b0022a7134d-2a9694a0aa|ckan-data-gov-uk-c2cc9903-99ea-4a10-9064-610766816d22-f623162d2c|ckan-data-gov-uk-f3551674-729d-4b6d-9f3e-65e7fe6dd3cf-83bf807710|ckan-data-gov-uk-f472d497-d016-4f18-baa7-37d9013d4184-a9b52a0b65,REVIEW_REQUIRED,CANDIDATE_FOR_TEST,eligible for independent SCC Air Quality test reacquisition
26dd52fd4a8440b3b4ae,ckan-data-gov-uk-e4e889bd-8c53-4680-92b5-7123589d55e2-b7f6bf50bc,British Geological Survey (BGS),"Full chemical analysis results of volcanic plume samples during Holuhraun eruption (Iceland), collected in January 2015 (NERC grant NE/M021130/1)",https://webapps.bgs.ac.uk/services/ngdc/accessions/index.html#item106250,unknown,United Kingdom; verify dataset record,Air quality|Chromatography|ICP spectroscopy|NERC_DDC|Volcanic eruption|Volcanic gases,not supplied by discovery response,MATCHED,heavy-metals,DIRECT_CROSS_MEDIA,none_observed,Not supplied by discovery response; verify the dataset record before reuse,unknown,no,no,no,,,,0f92da825fcbc08c765f02773d93358a5709113c6842321d58ca4f56e793dd6d,1,ckan-data-gov-uk-e4e889bd-8c53-4680-92b5-7123589d55e2-b7f6bf50bc,REVIEW_REQUIRED,DISCOVERED_ONLY,no machine-readable endpoint established; reachability unknown; licence review required
28335f0cfde87f47ea4c,ckan-data-gov-uk-7973f640-25b2-4a36-8128-29cb72bbddd1-8489b68906,Environment Agency,Sensitive Areas - Eutrophic Lakes,https://environment.data.gov.uk/api/file/download?fileDataSetId=add4cd43-4827-4167-8c8d-692a1c539245&fileName=Sensitive_Areas_Eutrophic_Lakes.shp.zip,machine_service,United Kingdom; verify dataset record,biota|coastal pollution|environment|eutrophication|inlandWaters|lake pollution|river pollution|sensitive area|sensitive environment|waste water|water pollution|water quality,not supplied by discovery response,NO_MATCH,,,none_observed,Not supplied by discovery response; verify the dataset record before reuse,unknown,yes,no,no,,,,c6ce0c9c356c2e98e87c4b7219af9f489bf806ad41ade0b0292873cb300e85a4,1,ckan-data-gov-uk-7973f640-25b2-4a36-8128-29cb72bbddd1-8489b68906,REVIEW_REQUIRED,DISCOVERED_ONLY,no governed pollutant/stressor relevance match; reachability unknown; licence review required
29b12f1cf031a506d403,ckan-data-gov-uk-f1ce9dff-ca38-4e3d-ac2a-f841aea73a50-418f5b5808,Environmental Information Data Centre,UK Environmental Change Network (ECN) atmospheric nitrogen chemistry data: 1993-2015,https://data-package.ceh.ac.uk/sd/baf51776-c2d0-4e57-9cd3-30cd6336d9cf.zip,machine_service,United Kingdom; verify dataset record,Alice Holt|Atmospheric Conditions|Drayton|Environmental Change Network|Glensaugh|Hillsborough|ILTER|LTER|Moor House - Upper Teesdale|NO2|North Wyke|Rothamsted|Sourhope|Wytham|Yr Wyddfa - Snowdon,not supplied by discovery response,MATCHED,nitrogen-dioxide,DIRECT,none_observed,Not supplied by discovery response; verify the dataset record before reuse,yes,yes,no,no,2026-10-05T17:34:28.586837+00:00,reachable_secure,application/octet-stream,73864bb2df3e6e3310e1db21f580852045f4a589c446d85bdd46369c944dcd3b,1,ckan-data-gov-uk-f1ce9dff-ca38-4e3d-ac2a-f841aea73a50-418f5b5808,REVIEW_REQUIRED,DISCOVERED_ONLY,licence review required
29c1f18052744fefb060,ckan-data-gov-uk-2d6439a7-a325-4053-a750-3081e2319187-56f4485436,Environmental Information Data Centre,"Ecosystem functions and vegetation data for Winklebury Hill, Salisbury Plain, UK 2016",https://data-package.ceh.ac.uk/sd/e8a1bf2d-bc6b-452f-ab9d-40fa2288fce6.zip,machine_service,United Kingdom; verify dataset record,Environmental Monitoring Facilities|PAR|Wessex BESS|ecosystem respiration|net ecosystem CO2 exchange|nitrous oxide,not supplied by discovery response,MATCHED,ammonia-ammonium,DIRECT_CROSS_MEDIA,none_observed,Not supplied by discovery response; verify the dataset record before reuse,yes,yes,no,no,2026-10-05T17:34:29.241435+00:00,reachable_secure,application/octet-stream,2322ff341d601df5376581502608310c1725a7a37b7458cf4a2de80ab6bb4bfd,1,ckan-data-gov-uk-2d6439a7-a325-4053-a750-3081e2319187-56f4485436,REVIEW_REQUIRED,DISCOVERED_ONLY,licence review required
2a0255c261b7963689f4,ckan-data-gov-uk-945fd350-2e4b-495b-af44-86e44f31abba-7de9e12c2a,Environmental Information Data Centre,Deposition and concentration of nitrogen and sulphur for protected sites in the UK (2015-2017),https://data-package.ceh.ac.uk/sd/5537065d-4166-438a-be4f-52f59875a6e1.zip,machine_service,United Kingdom; verify dataset record,Environmental Monitoring Facilities|ecosystem impacts from atmospheric pollution|natura 2000|nitrogen deposition|source attribution,not supplied by discovery response,MATCHED,ammonia-ammonium|atmospheric-deposition,DIRECT_CROSS_MEDIA|PROCESS_LINK,none_observed,Not supplied by discovery response; verify the dataset record before reuse,yes,yes,no,no,2026-10-05T17:34:29.837699+00:00,reachable_secure,application/octet-stream,69a931ad720ac4aaa8092f500c4b3d5ae890335fdd8c01e1206385f492db3360,1,ckan-data-gov-uk-945fd350-2e4b-495b-af44-86e44f31abba-7de9e12c2a,REVIEW_REQUIRED,DISCOVERED_ONLY,licence review required
2a2a28e7263cc2171bba,ckan-data-gov-uk-2c6fd737-2c31-44a1-9c93-022f266865b2-09b8f80a01,Scottish Government SpatialData.gov.scot,Air Quality Management Areas - Scotland,https://www.spatialdata.gov.scot:443/geonetwork/srv/api/records/68e89bb8-8093-4049-be8e-0029bad4d13a/formatters/xml,machine_service,United Kingdom; verify dataset record,Area management/restriction/regulation zones and r,not supplied by discovery response,MATCHED,nitrogen-dioxide|particulate-matter,DIRECT,none_observed,Not supplied by discovery response; verify the dataset record before reuse,yes,yes,no,no,2026-10-05T17:34:30.591056+00:00,reachable_secure,application/xml,a7e8347718611465a7b9988a86f44181ae367bc50a12f6e20db608fd56f4969d,1,ckan-data-gov-uk-2c6fd737-2c31-44a1-9c93-022f266865b2-09b8f80a01,REVIEW_REQUIRED,DISCOVERED_ONLY,licence review required
2b9f42c23a62078f8635,ckan-data-gov-uk-4ec8b0b5-8f89-4255-84c7-aa54f9bd6cbc-df7a4b1e62,Natural Resources Wales,SSSI NH3 Critical Levels,https://datamap.gov.wales/capabilities/layer/3583/?ows_service=wms,machine_service,United Kingdom; verify dataset record,ammonia,not supplied by discovery response,MATCHED,ammonia-ammonium,DIRECT_CROSS_MEDIA,none_observed,Not supplied by discovery response; verify the dataset record before reuse,yes,yes,no,no,2026-10-05T17:34:33.836896+00:00,reachable_secure,text/xml,ba9be297e1ccd6a6f0d4e05ce93087b330daf793cf5775396cf235a4829c8ae0,1,ckan-data-gov-uk-4ec8b0b5-8f89-4255-84c7-aa54f9bd6cbc-df7a4b1e62,REVIEW_REQUIRED,DISCOVERED_ONLY,licence review required
2c689fcbd4168596ed74,ckan-data-gov-uk-51682281-318a-4658-bfae-6660d7a421e7-d562cc5be5,Joint Nature Conservation Committee,Species point records from 1977-78 WWA Usk and Wye estuaries sublittoral survey,http://data.jncc.gov.uk/data/420a87bc-0450-4c37-bb9d-5e82ed52a0b6-1977-78-WWA-Usk-and-Wye-estuaries-sublittoral-survey.csv,machine_service,United Kingdom; verify dataset record,,not supplied by discovery response,NO_MATCH,,,none_observed,UK Open Government Licence (OGL),unknown,yes,no,no,,,,881545d31efac380114a9073245aff4a15738f570d2f6aa3af659838d04c4149,1,ckan-data-gov-uk-51682281-318a-4658-bfae-6660d7a421e7-d562cc5be5,REVIEW_REQUIRED,DISCOVERED_ONLY,no governed pollutant/stressor relevance match; reachability unknown
2c9b49fb88bf316e5974,ckan-data-gov-uk-5d6cb258-7bb6-42e5-b720-11bb3fd99e2e-8713b1567a,City of York Council,% of Talkabout panel who think that the council and partners are not doing well at reducing air pollution,https://data.yorkopendata.org/dataset/5d6cb258-7bb6-42e5-b720-11bb3fd99e2e/resource/605d3fff-8577-48bc-b76b-cbc7a7e225f6/download/kpi-tap29b.csv,machine_service,United Kingdom; verify dataset record,,not supplied by discovery response,NO_MATCH,,,none_observed,OGL-UK-3.0,unknown,yes,no,no,,,,44f555357bf614ec50182ab371a718d059e553a4c95c307c6a12e87abc8bfd99,1,ckan-data-gov-uk-5d6cb258-7bb6-42e5-b720-11bb3fd99e2e-8713b1567a,REVIEW_REQUIRED,DISCOVERED_ONLY,no governed pollutant/stressor relevance match; reachability unknown
2cc4ee6b3fb6aa5f5db7,ckan-data-gov-uk-4bcb7055-75f9-480a-8892-e618b033f90f-152a2dfa3b,Bath and North East Somerset Council,Air Quality Monitoring Stations,https://feeds.getmapping.com/33188.wmsx?service=wms&version=1.3.0&request=getcapabilities&login=c1387c7d-7660-47c4-95da-457bc2631cf4&password=REDACTED,machine_service,United Kingdom; verify dataset record,,not supplied by discovery response,MATCHED,nitrogen-dioxide|particulate-matter,DIRECT,redacted_or_required,Not supplied by discovery response; verify the dataset record before reuse,unknown,yes,no,no,,,,c6f4328cbd17f1b56f299b5272585a5f53807d92fb10056f8c20aa5e09b6afce,1,ckan-data-gov-uk-4bcb7055-75f9-480a-8892-e618b033f90f-152a2dfa3b,REVIEW_REQUIRED,DISCOVERED_ONLY,reachability unknown; licence review required; authentication redacted_or_required
2ce386d412ad981cc5ce,ckan-data-gov-uk-1d066006-1a1a-4e60-a758-72d53af4af4a-935c7e14b2,Caerphilly County Borough Council,Air Quality Management Areas,https://www.data.gov.uk/dataset/air-quality-management-areas14,catalogue_landing_page,United Kingdom; verify dataset record,,not supplied by discovery response,NO_MATCH,,,none_observed,Not supplied by discovery response; verify the dataset record before reuse,unknown,no,no,no,,,,fbe9467c3b3397cfb00f2c2ed98675ff81e878e688921a16c3bb5e149ce3c06d,1,ckan-data-gov-uk-1d066006-1a1a-4e60-a758-72d53af4af4a-935c7e14b2,REVIEW_REQUIRED,DISCOVERED_ONLY,no governed pollutant/stressor relevance match; no machine-readable endpoint established; reachability unknown; licence review required
2d7f8640d4246b90cd03,ckan-data-gov-uk-43e1f29c-eb9b-47bf-894d-6d11f1e7e22e-f0e4fcabb3,Environment Agency,WFD Cycle 2 Lake Ammonia Classification,https://environment.data.gov.uk/api/file/download?fileDataSetId=5a5a7d68-e4e5-44a9-ac07-7665e840cd4e&fileName=WFD_SW_Classification_Status_and_Objectives_Cycle2_v3.xlsx,machine_service,United Kingdom; verify dataset record,EC directive|environment|water quality,not supplied by discovery response,MATCHED,ammonia-ammonium,DIRECT_CROSS_MEDIA,none_observed,Not supplied by discovery response; verify the dataset record before reuse,no,yes,no,no,2026-10-05T17:34:34.660676+00:00,access_restricted,,83b9eb6ef5b21cf46b962417384bfb614617bc27f14c747ff850197c7b49e97c,1,ckan-data-gov-uk-43e1f29c-eb9b-47bf-894d-6d11f1e7e22e-f0e4fcabb3,REVIEW_REQUIRED,DISCOVERED_ONLY,reachability no; licence review required
2d8dc4b9d7ca956f0dcd,ckan-data-gov-uk-2faa6f17-a016-45b5-ad6f-5e95685e6c94-a005e3665c,Environmental Information Data Centre,"Ammonia measurements from passive samplers at Ballynahone Bog field site, Northern Ireland, 2019",https://data-package.ceh.ac.uk/sd/001ab5e0-32a2-4ec7-a6c9-9bad57c46ee6.zip,machine_service,United Kingdom; verify dataset record,ALPHA sampler|Environmental Monitoring Facilities,not supplied by discovery response,MATCHED,ammonia-ammonium,DIRECT_CROSS_MEDIA,none_observed,Not supplied by discovery response; verify the dataset record before reuse,no,yes,no,no,2026-10-05T17:34:40.803942+00:00,transient_network_failure,,e6b77190f57d5e09b48b314687554722cafe94476931dd1a66ebbdc80ab1a92c,1,ckan-data-gov-uk-2faa6f17-a016-45b5-ad6f-5e95685e6c94-a005e3665c,REVIEW_REQUIRED,DISCOVERED_ONLY,reachability no; licence review required
2de0b139aed4e89e44bc,ckan-data-gov-uk-0a00e346-d9b2-4905-a85c-490c73cf2425-b91d54b2ef,Environmental Information Data Centre,"Water chemistry data and elemental content of dissolved organic matter extracted from freshwaters in the UK, 2018-19",https://data-package.ceh.ac.uk/sd/3c77e7bf-78a0-433c-b260-b630e9a36cc0.zip,machine_service,United Kingdom; verify dataset record,DOM|Environmental Monitoring Facilities|Extraction|Freshwater|Water Chemistry,not supplied by discovery response,NO_MATCH,,,none_observed,Not supplied by discovery response; verify the dataset record before reuse,unknown,yes,no,no,,,,907b6e1471f546d931200cd5d48e47eb1502720ad8aca0b48422db962e90c794,1,ckan-data-gov-uk-0a00e346-d9b2-4905-a85c-490c73cf2425-b91d54b2ef,REVIEW_REQUIRED,DISCOVERED_ONLY,no governed pollutant/stressor relevance match; reachability unknown; licence review required
2eb3787759cbc57d5616,ckan-data-gov-uk-723ec546-2241-4621-ab36-24b0968e23ff-0508a91cb0,British Geological Survey (BGS),"SoS Minerals Madagascar ion adsorption deposits, inorganic leaching of rare earth elements (NERC Grant NE/M011232/2)",https://webapps.bgs.ac.uk/services/ngdc/accessions/index.html#item163345,unknown,United Kingdom; verify dataset record,Absorption|Laterites|NERC_DDC|Rare earth elements,not supplied by discovery response,MATCHED,ammonia-ammonium,DIRECT_CROSS_MEDIA,none_observed,Not supplied by discovery response; verify the dataset record before reuse,unknown,no,no,no,,,,1204e71efd26e0155448c4b5301aa6c9b55fe5cf16269b7233648867cf9595d4,1,ckan-data-gov-uk-723ec546-2241-4621-ab36-24b0968e23ff-0508a91cb0,REVIEW_REQUIRED,DISCOVERED_ONLY,no machine-readable endpoint established; reachability unknown; licence review required
2ef1c772a9b463833b2e,ckan-data-gov-uk-7ce319e3-1c31-45f7-9aa4-0237c8cc7396-41ca8dbc2e,Dudley Metropolitan Borough Council,Air Quality Management Areas,https://maps.dudley.gov.uk/getows.ashx?mapsource=mapsources%2Finspire&service=WMS&language=English&request=GetCapabilities&version=1.1.0,machine_service,United Kingdom; verify dataset record,Environmental Monitoring|Environmental monitoring facilities,not supplied by discovery response,MATCHED,nitrogen-dioxide,DIRECT,none_observed,UK Open Government Licence (OGL),yes,yes,no,no,2026-10-05T17:34:41.334842+00:00,reachable_secure,application/vnd.ogc.wms_xml; charset=UTF-8,8a716c0947b1dcb2d7ec75bbb14aa3f74b591ee7dc700406dce706460d11aea6,1,ckan-data-gov-uk-7ce319e3-1c31-45f7-9aa4-0237c8cc7396-41ca8dbc2e,REVIEW_REQUIRED,CANDIDATE_FOR_TEST,eligible for independent SCC Air Quality test reacquisition
2f22062e59a627d7feea,ckan-data-gov-uk-c6617e8a-d3e7-4ea9-96d5-98ec04d5975f-19a7672557,Kirklees Council,Kirklees Air Quality Management Areas,https://www.data.gov.uk/dataset/kirklees-air-quality-management-areas,catalogue_landing_page,United Kingdom; verify dataset record,Air Quality Management Areas,not supplied by discovery response,NO_MATCH,,,none_observed,UK Open Government Licence (OGL),unknown,no,no,no,,,,02a60b06b849f25a7d2c5476735cd5cae4b02ec4bf1db588996ff6d0d6f9c045,1,ckan-data-gov-uk-c6617e8a-d3e7-4ea9-96d5-98ec04d5975f-19a7672557,REVIEW_REQUIRED,DISCOVERED_ONLY,no governed pollutant/stressor relevance match; no machine-readable endpoint established; reachability unknown
2fc959d527178e187138,ckan-data-gov-uk-b78b26e8-bb80-433c-84a8-3fe5d8653a96-84ab52c30b,"Centre for Environment, Fisheries & Aquaculture Science","2009 - 2011 Centre for Environment, Fisheries & Aquaculture Science (Cefas) 2009-2011 North Sea and English Channel Nutrient Analysis",https://www.data.gov.uk/dataset/2009-2011-centre-for-environment-fisheries-aquaculture-science-cefas-2009-2011-north-sea-and-en2,catalogue_landing_page,United Kingdom; verify dataset record,,not supplied by discovery response,MATCHED,ammonia-ammonium|nitrogen-dioxide,DIRECT|DIRECT_CROSS_MEDIA,none_observed,UK Open Government Licence (OGL),unknown,no,no,no,,,,bf561952af764265fbc001c047e61d977765439c248d83fa861ad60d885a47af,1,ckan-data-gov-uk-b78b26e8-bb80-433c-84a8-3fe5d8653a96-84ab52c30b,REVIEW_REQUIRED,DISCOVERED_ONLY,no machine-readable endpoint established; reachability unknown
2ff09ce8bcc308cb988e,ckan-data-gov-uk-ae025b3b-bd93-4bf4-b5c1-b3e203c56a17-6d6f239aad,Brentwood Borough Council,air_quality_management_areas,http://essex.astuntechnology.com/getows.ashx?mapsource=Essex%2FInspire_Brentwood&service=WMS&request=GetCapabilities,machine_service,United Kingdom; verify dataset record,,not supplied by discovery response,NO_MATCH,,,none_observed,Not supplied by discovery response; verify the dataset record before reuse,unknown,yes,no,no,,,,122cdfb1237334b4ee69ec38840b7cb142f505515f8228fc93fe5c2078f61120,1,ckan-data-gov-uk-ae025b3b-bd93-4bf4-b5c1-b3e203c56a17-6d6f239aad,REVIEW_REQUIRED,DISCOVERED_ONLY,no governed pollutant/stressor relevance match; reachability unknown; licence review required
30470cf93387283b6600,ckan-data-gov-uk-9721cbc2-e988-4fd1-905e-737a565fcf8c-5a5a64587a,British Geological Survey (BGS),QICS Data: Effect of a controlled sub-seabed release of CO2 in Ardmucknish Bay on microbial activity (2012 - 2014),https://ukccs-research.org/accessions/index.html#item35606,unknown,United Kingdom; verify dataset record,Bacteria|Carbon|Environmental impact|Monitoring|NERC_DDC|Nitrogen cycle|Storage,not supplied by discovery response,MATCHED,ammonia-ammonium,DIRECT_CROSS_MEDIA,none_observed,Not supplied by discovery response; verify the dataset record before reuse,unknown,no,no,no,,,,084c7e8b008794dc0979bf36b400bf03796bf4cd3113647eb6bd36f24a26e0c4,1,ckan-data-gov-uk-9721cbc2-e988-4fd1-905e-737a565fcf8c-5a5a64587a,REVIEW_REQUIRED,DISCOVERED_ONLY,no machine-readable endpoint established; reachability unknown; licence review required
309a2738c414061142c3,ckan-data-gov-uk-d13d47de-4c79-4b58-bb0c-f5979b060f34-cf5ad3e5cc,"Department for Environment, Food and Rural Affairs",Data selector for Air Quality statistics,https://uk-air.defra.gov.uk/data/data_selector,unknown,United Kingdom; verify dataset record,,not supplied by discovery response,MATCHED,black-carbon|mercury|nitrogen-dioxide|particulate-matter|volatile-organic-compounds,DIRECT|DIRECT_CROSS_MEDIA,none_observed,UK Open Government Licence (OGL),unknown,no,no,no,,,,15d2499f1c3f33dfc707e5ca4ebd91d5a27de7d00925c402c7ca6604c86d5fe0,1,ckan-data-gov-uk-d13d47de-4c79-4b58-bb0c-f5979b060f34-cf5ad3e5cc,REVIEW_REQUIRED,DISCOVERED_ONLY,no machine-readable endpoint established; reachability unknown
316c1dd680cc577e4e57,ckan-data-gov-uk-2b72f251-5205-42ca-af17-6c5bb8c74c10-e6417635dd,Marine Environmental Data & Information Network,CLiP Vanuatu Microplastics in biota 2018,https://data.cefas.co.uk/view/19806,unknown,United Kingdom; verify dataset record,,not supplied by discovery response,MATCHED,microplastics|particulate-matter,DIRECT|EMERGING_CROSS_MEDIA,none_observed,Not supplied by discovery response; verify the dataset record before reuse,unknown,no,no,no,,,,2581f1b0524182ead84b7dc0dd2b1a0943cdf8c91ca8246b641a611b731caa1d,1,ckan-data-gov-uk-2b72f251-5205-42ca-af17-6c5bb8c74c10-e6417635dd,REVIEW_REQUIRED,DISCOVERED_ONLY,no machine-readable endpoint established; reachability unknown; licence review required
3176289bc98ea23b87ff,ckan-data-gov-uk-a22ced6f-2e5c-481c-a11a-f0f62a298c75-d3db831524,British Geological Survey (BGS),Leading linear growth rates for steady uniform morphodynamic overland flows at different Froude numbers and grain diameters (NERC Grant NE/S00274X/1),https://webapps.bgs.ac.uk/services/ngdc/accessions/index.html#item139765,unknown,United Kingdom; verify dataset record,Fluid dynamics|NERC_DDC,not supplied by discovery response,MATCHED,particulate-matter,DIRECT,none_observed,Not supplied by discovery response; verify the dataset record before reuse,unknown,no,no,no,,,,aa38f76d26920b7c354c4f619984c170b91c6bcd3cd82e12c138f02f6f8424a8,1,ckan-data-gov-uk-a22ced6f-2e5c-481c-a11a-f0f62a298c75-d3db831524,REVIEW_REQUIRED,DISCOVERED_ONLY,no machine-readable endpoint established; reachability unknown; licence review required
321f2f56c0e5ca63b83c,ckan-data-gov-uk-ed7967d5-3449-4f6a-a8d7-74c88f64565a-6c38635a2d,Environmental Information Data Centre,"Sulphur and nitrogen atmospheric Concentration Based Estimated Deposition (CBED) data for the UK, 2018-2020",https://data-package.ceh.ac.uk/sd/4a5a9140-96f1-4aee-b547-ef570238fdbd.zip,machine_service,United Kingdom; verify dataset record,Atmospheric Conditions|Environmental Monitoring Facilities,not supplied by discovery response,MATCHED,atmospheric-deposition|particulate-matter,DIRECT|PROCESS_LINK,none_observed,Not supplied by discovery response; verify the dataset record before reuse,no,yes,no,no,2026-10-05T17:34:47.470610+00:00,transient_network_failure,,3279c641a848d2d0eddd3cdf40e1c365909d635dc8b6737479f781ad86e6354e,1,ckan-data-gov-uk-ed7967d5-3449-4f6a-a8d7-74c88f64565a-6c38635a2d,REVIEW_REQUIRED,DISCOVERED_ONLY,reachability no; licence review required
322c8eab08134de84702,ckan-data-gov-uk-cdfaceb1-5b02-4c9d-8050-18dc89102ec0-c3bcd58ef3,Scottish Government SpatialData.gov.scot,SPRI_AIR,https://www.data.gov.uk/dataset/spri_air,catalogue_landing_page,United Kingdom; verify dataset record,,not supplied by discovery response,NO_MATCH,,,none_observed,Not supplied by discovery response; verify the dataset record before reuse,unknown,no,no,no,,,,583f5a4cbf7e0d0b970eb0f6accc60385f875ab95846e5ee2c010d9027353aff,1,ckan-data-gov-uk-cdfaceb1-5b02-4c9d-8050-18dc89102ec0-c3bcd58ef3,REVIEW_REQUIRED,DISCOVERED_ONLY,no governed pollutant/stressor relevance match; no machine-readable endpoint established; reachability unknown; licence review required
3261e06418dbb65f56a0,ckan-data-gov-uk-6615682d-117c-4e37-a17d-196173f44a23-7da51e0acd,Greater London Authority,London Atmospheric Emissions Inventory (LAEI) 2006 Modelled Concentration Grid Points,https://www.data.gov.uk/dataset/london-atmospheric-emissions-inventory-laei-2006-modelled-concentration-grid-points1,catalogue_landing_page,United Kingdom; verify dataset record,air-quality|environment|geo|laei|pollution,not supplied by discovery response,NO_MATCH,,,none_observed,Not supplied by discovery response; verify the dataset record before reuse,unknown,no,no,no,,,,a388acfdbfbe06f7b20dce595c2ee4ea79bf58f553835c3077f03e40fc719831,1,ckan-data-gov-uk-6615682d-117c-4e37-a17d-196173f44a23-7da51e0acd,REVIEW_REQUIRED,DISCOVERED_ONLY,no governed pollutant/stressor relevance match; no machine-readable endpoint established; reachability unknown; licence review required
3276d468e781f92ff0c0,ckan-data-gov-uk-380fdc86-ec10-45ce-a5af-3acc34b18208-9065c72631,British Geological Survey (BGS),"2004 Strategic Environmental Assessment SEA5 Sediment hydrocarbon analysis of seabed sediments collected in North of Scotland, August - October 2003",http://www.bgs.ac.uk/data/sea/home.html,unknown,United Kingdom; verify dataset record,Geology,not supplied by discovery response,NO_MATCH,,,none_observed,Not supplied by discovery response; verify the dataset record before reuse,unknown,no,no,no,,,,3f1294f07fbf9ba57d6ef7db675fb54c91ec0f6e1d1d552490007c5f98be47f7,1,ckan-data-gov-uk-380fdc86-ec10-45ce-a5af-3acc34b18208-9065c72631,REVIEW_REQUIRED,DISCOVERED_ONLY,no governed pollutant/stressor relevance match; no machine-readable endpoint established; reachability unknown; licence review required
336b087cd5346a2595a5,arcgis-natural-england-f0edaf2ebb364900baf4904daa5b155e-f14fcd8ced,Natural England,Purple Horizons - Woodland Opportunities Nature Recovery Map,https://services.arcgis.com/JJzESW51TqeY9uat/arcgis/rest/services/Purple_Horizons_Woodland_Opportunities/FeatureServer,machine_service,England; verify item extent,Natural England|Projects|habitats|landscape|woodland|woodland creation,not supplied by discovery response,NO_MATCH,,,none_observed,There are no public access constraints to this data. Use of this data is subject to the Open Government Licence - www.nationalarchives.gov.uk/doc/open-government-licence/version/3/,unknown,yes,no,no,,,,537a18011f4502722e8f42cc5057c05782f80b06b6df802cdecdb416d6f4a21b,1,arcgis-natural-england-f0edaf2ebb364900baf4904daa5b155e-f14fcd8ced,REVIEW_REQUIRED,DISCOVERED_ONLY,no governed pollutant/stressor relevance match; reachability unknown
3415d1ed763c1b6bb48b,ckan-data-gov-uk-d5a67686-40fb-419a-967d-cbebf7e81ec9-df2b0183fc,Joint Nature Conservation Committee,Habitat point records from 1983 Collins Selsey Bill to East Solent sublittoral survey,http://data.jncc.gov.uk/data/b5ea3db8-0cc8-4c18-b497-817b9278b3f4-1983-Collins-Selsey-Bill-to-East-Solent-sublittoral-survey.csv,machine_service,United Kingdom; verify dataset record,,not supplied by discovery response,NO_MATCH,,,none_observed,UK Open Government Licence (OGL),unknown,yes,no,no,,,,b8a2c0daccf259ff6dee88b16df6bb31b1285df6a7c7db212d8419044d6eb063,1,ckan-data-gov-uk-d5a67686-40fb-419a-967d-cbebf7e81ec9-df2b0183fc,REVIEW_REQUIRED,DISCOVERED_ONLY,no governed pollutant/stressor relevance match; reachability unknown
3429c7cdd030417bec66,ckan-data-gov-uk-677ac0a0-d8f1-4482-b244-b768895a8e43-b658fcb41f,Wigan Metropolitan Borough Council,Air Quality Management Areas,https://opendata.wigan.gov.uk/api/download/v1/items/bcc7dfa3031c45b593ca00332c66b7f6/shapefile?layers=0,machine_service,United Kingdom; verify dataset record,air|areas|data|environment|health|management|open|quality|wigan,not supplied by discovery response,NO_MATCH,,,none_observed,Not supplied by discovery response; verify the dataset record before reuse,unknown,yes,no,no,,,,1ec6a4d1f30bf9662eb74636732d293c291df7ad0b25c9fc2d3c7a738029eca3,1,ckan-data-gov-uk-677ac0a0-d8f1-4482-b244-b768895a8e43-b658fcb41f,REVIEW_REQUIRED,DISCOVERED_ONLY,no governed pollutant/stressor relevance match; reachability unknown; licence review required
3453e3d127275a2ba0bd,ckan-data-gov-uk-90afc84e-3354-4257-9aa8-ea106c557681-20820f3d94,Environmental Information Data Centre,"Air pollution removed by vegetation in the UK, 2015",https://data-package.ceh.ac.uk/sd/bad6721c-574b-4229-b023-c7b13ae4c099.zip,machine_service,United Kingdom; verify dataset record,"Atmospheric Conditions|EMEP|UK Status, Change and Projections of the Environme|UK-SCAPE",not supplied by discovery response,NO_MATCH,,,none_observed,Not supplied by discovery response; verify the dataset record before reuse,unknown,yes,no,no,,,,80139b14fc196fb6546eca161a02519621d4fb3ea68256737f2fa3372a34413c,1,ckan-data-gov-uk-90afc84e-3354-4257-9aa8-ea106c557681-20820f3d94,REVIEW_REQUIRED,DISCOVERED_ONLY,no governed pollutant/stressor relevance match; reachability unknown; licence review required
35d2ae08762824bcc0d9,ckan-data-gov-uk-bda4e065-41e5-4b78-b405-41c1d3606225-79230b4201,Environment Agency,Historic UK Water Quality Sampling Harmonised Monitoring Scheme Summary Data,https://environment.data.gov.uk/api/file/download?fileDataSetId=e8d5b43a-5f8e-4e9f-a98f-22e8ede0974c&fileName=Historic_UK_Water_Quality_Sampling_Harmonised_Monitoring_Scheme_Summary_Data.zip,machine_service,United Kingdom; verify dataset record,ammonia|environment|inlandWaters|monitoring data|pesticide|river pollution|sampling|water quality,not supplied by discovery response,MATCHED,ammonia-ammonium|pesticides,ASSOCIATED_CROSS_MEDIA|DIRECT_CROSS_MEDIA,none_observed,Not supplied by discovery response; verify the dataset record before reuse,no,yes,no,no,2026-10-05T17:34:48.353620+00:00,access_restricted,,305cc9268a874ae21c4cd85d81b2861216cf3c2401d6579672735c52e3f4aab8,1,ckan-data-gov-uk-bda4e065-41e5-4b78-b405-41c1d3606225-79230b4201,REVIEW_REQUIRED,DISCOVERED_ONLY,reachability no; licence review required
361ee3c802d23c56f4f5,ckan-data-gov-uk-79d99da6-4eb7-47a7-9c22-7e0c91db6ee5-45465b2b16,OpenDataNI,RiverWaterQualityMonitoring 1990to2024 Nitrogen NH4N,https://services-eu1.arcgis.com/kswen6BYexuc1SUk/arcgis/rest/services/River_Water_Quality_Monitoring_1990_to_2024_Ammonia/FeatureServer/9,machine_service,United Kingdom; verify dataset record,ammonia|chemistry|daera|fdi|freshwater-data-insights|niea|nitrate|nitrite|nitrogen|river-water-quality|water|water-science-and-evidence|wse,not supplied by discovery response,MATCHED,ammonia-ammonium,DIRECT_CROSS_MEDIA,none_observed,UK Open Government Licence (OGL),yes,yes,no,no,2026-10-05T17:34:48.732587+00:00,reachable_secure,text/html; charset=utf-8,a32e152bb921d9f2c1f935965c1cf70f21948d75dbdff1fdfbb1f03211f0d57c,1,ckan-data-gov-uk-79d99da6-4eb7-47a7-9c22-7e0c91db6ee5-45465b2b16,REVIEW_REQUIRED,CANDIDATE_FOR_TEST,eligible for independent SCC Air Quality test reacquisition
36591f65f3d435dea03f,ckan-data-gov-uk-fa324959-08f8-454e-9865-8fe086c8e0d1-91c06a4ee1,Scottish Government SpatialData.gov.scot,FGS Climatic Site Suitability - Native Broadleaves (W16),https://ogc.nature.scot/geoserver/scottishforestry/ows?service=WMS&request=GetCapabilities,machine_service,United Kingdom; verify dataset record,Environment|FGS|Felling|Forest Management|Forestry|Grant Schemes|Habitats and biotopes|Landscape|Licence|Ownership|Planning|Woodland,not supplied by discovery response,MATCHED,mercury,DIRECT_CROSS_MEDIA,none_observed,Not supplied by discovery response; verify the dataset record before reuse,yes,yes,no,no,2026-10-05T17:34:49.132992+00:00,reachable_secure,text/xml,b4c51b3b109a7e1f8dfb90e2410b18d3535205d97edd55a678f9db83b8414b5c,1,ckan-data-gov-uk-fa324959-08f8-454e-9865-8fe086c8e0d1-91c06a4ee1,REVIEW_REQUIRED,DISCOVERED_ONLY,licence review required
369077e88023b2b83b8a,ckan-data-gov-uk-9bc1f189-3682-4bca-9839-b1b7c535ff08-bc9235b796,Joint Nature Conservation Committee,Air quality demand layer for Slurry Infrastructure Grant Round 1,https://hub.jncc.gov.uk/assets/55b0ab55-428c-47e1-bbb8-9bb4166d11b8,unknown,United Kingdom; verify dataset record,Air quality regulation|Decision-making|Ecosystem services|Natural Capital Library|Policy|Pollution|Pressures|Protected Areas|Terrestrial,not supplied by discovery response,MATCHED,ammonia-ammonium,DIRECT_CROSS_MEDIA,none_observed,Not supplied by discovery response; verify the dataset record before reuse,unknown,no,no,no,,,,12c2a731b2e0fe49bbe2fbcef36428c427880211e275c779d87c4f1e1a2948db,1,ckan-data-gov-uk-9bc1f189-3682-4bca-9839-b1b7c535ff08-bc9235b796,REVIEW_REQUIRED,DISCOVERED_ONLY,no machine-readable endpoint established; reachability unknown; licence review required
369b6ecea4cee3247474,ckan-data-gov-uk-ee66c280-5b57-4285-9a96-d0cb45912efd-30125cd017,East Staffordshire Borough Council,Air Quality Management Areas,https://www.data.gov.uk/dataset/air-quality-management-areas6,catalogue_landing_page,United Kingdom; verify dataset record,,not supplied by discovery response,MATCHED,nitrogen-dioxide,DIRECT,none_observed,Not supplied by discovery response; verify the dataset record before reuse,unknown,no,no,no,,,,a49e446949ed9dddcf9e7fb7d47007d738fff5cf7000a3302387de9377c57bae,1,ckan-data-gov-uk-ee66c280-5b57-4285-9a96-d0cb45912efd-30125cd017,REVIEW_REQUIRED,DISCOVERED_ONLY,no machine-readable endpoint established; reachability unknown; licence review required
37d1709cde7268496bd6,ckan-data-gov-uk-2ae05de7-ce02-4115-8dfb-ebbac93cb6ac-a238ee3178,Southampton City Council,Air Quality Management Areas,http://www.southampton.gov.uk/geoserver/Inspire/wms?service=wms&version=1.3.0&request=GetCapabilities,machine_service,United Kingdom; verify dataset record,,not supplied by discovery response,NO_MATCH,,,none_observed,Not supplied by discovery response; verify the dataset record before reuse,unknown,yes,no,no,,,,f81524f0bce4fe188571419708f5314cbd092a926c14f97afb5685ae472dd55d,1,ckan-data-gov-uk-2ae05de7-ce02-4115-8dfb-ebbac93cb6ac-a238ee3178,REVIEW_REQUIRED,DISCOVERED_ONLY,no governed pollutant/stressor relevance match; reachability unknown; licence review required
38540cc74aa3157a9961,ckan-data-gov-uk-1011cbd5-5c43-4f38-9c3a-60190e8e7a37-937437ffeb,Environmental Information Data Centre,"Monthly ammonia measurements from passive samplers using ALPHA® PTFE1010 membrane at four UK Eutrophying and Acidifying Pollutants (UKEAP) network sites, 2021",https://data-package.ceh.ac.uk/sd/ab6e6c87-0433-4b13-bf6c-24c81359cde3.zip,machine_service,United Kingdom; verify dataset record,Ammonia monitoring|Environmental Monitoring Facilities|UKEAP|passive sampler,not supplied by discovery response,MATCHED,ammonia-ammonium,DIRECT_CROSS_MEDIA,none_observed,Not supplied by discovery response; verify the dataset record before reuse,no,yes,no,no,2026-10-05T17:34:55.143000+00:00,transient_network_failure,,9d03c3436bb80801507a555018316ac43efcab0fcca67144775c0cece80c674e,1,ckan-data-gov-uk-1011cbd5-5c43-4f38-9c3a-60190e8e7a37-937437ffeb,REVIEW_REQUIRED,DISCOVERED_ONLY,reachability no; licence review required
385c2b183704a7bd91d9,ckan-data-gov-uk-f391a290-038a-4ace-a1cc-18acca62938f-05fcbbcd4f,Environmental Information Data Centre,"Biodiversity and environmental conditions along public walking routes in three UK towns (Bedford, Luton and Milton Keynes), 2014",https://data-package.ceh.ac.uk/sd/65b23264-2991-4ce2-83e7-7729a3947d75.zip,machine_service,United Kingdom; verify dataset record,BESS|Bedford|Bedfordshire|Buckinghamshire|Environmental Monitoring Facilities|F3UES|Luton|Milton Keyes|Particulate matter|Point count|Pollard walk|Public right of way|Transect|United Kingdom|UrbanBess|Walking route,not supplied by discovery response,MATCHED,particulate-matter,DIRECT,none_observed,Not supplied by discovery response; verify the dataset record before reuse,no,yes,no,no,2026-10-05T17:35:01.280454+00:00,transient_network_failure,,10fe419f5910d184167bd07e74dba2c045d9492c7cae6286a36c26ba38f2f07c,1,ckan-data-gov-uk-f391a290-038a-4ace-a1cc-18acca62938f-05fcbbcd4f,REVIEW_REQUIRED,DISCOVERED_ONLY,reachability no; licence review required
38b781634f35ca3617d4,ckan-data-gov-uk-f1331f64-fff9-4a27-94cb-a9b72e492223-1d1357b9db,Environmental Information Data Centre,Sulphur and nitrogen atmospheric Concentration Based Estimated Deposition (CBED) data for the UK (2013-2015),https://data-package.ceh.ac.uk/sd/fd8151e9-0ee2-4dfa-a254-470c9bb9bc1e.zip,machine_service,United Kingdom; verify dataset record,Atmospheric Conditions|Concentration Based Estimated Deposition (CBED)|UK-SCAPE|base cations|nitrogen|pollutant|sulphur,not supplied by discovery response,MATCHED,atmospheric-deposition|particulate-matter,DIRECT|PROCESS_LINK,none_observed,Not supplied by discovery response; verify the dataset record before reuse,no,yes,no,no,2026-10-05T17:35:07.405879+00:00,transient_network_failure,,cea3b44211b32c1b34505c773ddc88ab1eee9a3507516200ee5847311e09ec13,1,ckan-data-gov-uk-f1331f64-fff9-4a27-94cb-a9b72e492223-1d1357b9db,REVIEW_REQUIRED,DISCOVERED_ONLY,reachability no; licence review required
39343a8862f1d31f0cfe,ckan-data-gov-uk-2412e0d3-91af-46b0-bf5c-81e2880d9497-d131a7f170,Greater London Authority,Air quality summary statistics,https://www.data.gov.uk/dataset/air-quality-summary-statistics1,catalogue_landing_page,United Kingdom; verify dataset record,,not supplied by discovery response,MATCHED,nitrogen-dioxide|particulate-matter,DIRECT,none_observed,Not supplied by discovery response; verify the dataset record before reuse,unknown,no,no,no,,,,c99ee782a51e1d2be5a672cce379b309000b11e0ecb77555cdedcd3631d207e8,1,ckan-data-gov-uk-2412e0d3-91af-46b0-bf5c-81e2880d9497-d131a7f170,REVIEW_REQUIRED,DISCOVERED_ONLY,no machine-readable endpoint established; reachability unknown; licence review required
39bdf861fd9039ddbd8e,ckan-data-gov-uk-da38af4f-0903-4274-afe7-6e1f0a0b2d7d-e89fea6942,Greater London Authority,London Atmospheric Emissions Inventory (LAEI) 2013 Air Quality Focus Areas - December 2016 update,https://www.data.gov.uk/dataset/london-atmospheric-emissions-inventory-laei-2013-air-quality-focus-areas-december-2016-update1,catalogue_landing_page,United Kingdom; verify dataset record,NO2|air-pollution|air-quality|exposure|hotspots|nitrogen-dioxide,not supplied by discovery response,MATCHED,nitrogen-dioxide,DIRECT,none_observed,Not supplied by discovery response; verify the dataset record before reuse,unknown,no,no,no,,,,45745804a14788708cd2eb6ce8cb3e4fab6c34b46f0ff6544d7e7741ceb9f90f,1,ckan-data-gov-uk-da38af4f-0903-4274-afe7-6e1f0a0b2d7d-e89fea6942,REVIEW_REQUIRED,DISCOVERED_ONLY,no machine-readable endpoint established; reachability unknown; licence review required
3ab7db0706d80b324be7,ckan-data-gov-uk-67415ea5-6414-4875-9e96-ced13e37b140-b475a1148c,Natural Resources Wales,Phase 2 Saltmarsh Survey of Wales,https://datamap.gov.wales/capabilities/layergroup/3605/?access_token=REDACTED&ows_service=wms,machine_service,United Kingdom; verify dataset record,"Animals, Plants and Other Organisms (SMNR)|Coastal Margins (SMNR)|Ecosystem (SMNR)|Management Areas (SMNR)|National Vegetation Classification (NVC)|Natural Resources (Incl. Features and Processes) (|Phase 2 Survey (Phase II)|Sea and Coast (SMNR)|Soil and Land (SMNR)|Soils (SMNR)|Sustainable Management of Natural Resources (SMNR)|habitat mapping|habitat surveys (habitat monitoring)|saltmarsh (salt-marsh) (salt marsh)|species inventory|vegetation (see also specific types eg.coastal or|vegetation classification|vegetation surveys (vegetation monitoring)(see als",not supplied by discovery response,NO_MATCH,,,redacted_or_required,Not supplied by discovery response; verify the dataset record before reuse,unknown,yes,no,no,,,,4099613a8a3bc6bd190f98353ef7af54c75917358d71658531a73d713edff257,1,ckan-data-gov-uk-67415ea5-6414-4875-9e96-ced13e37b140-b475a1148c,REVIEW_REQUIRED,DISCOVERED_ONLY,no governed pollutant/stressor relevance match; reachability unknown; licence review required; authentication redacted_or_required
3b33ad91b7aa7d447788,ckan-data-gov-uk-4117f4e1-e9b5-43ab-ae97-22add2c87e0a-7b1f24d3a0,Environmental Information Data Centre,"Cloud and rain pollutant concentration and deposition data at Bowbeat, Peebles, 2003-2006",https://data-package.ceh.ac.uk/sd/2dca8f2f-a21b-4f77-bc8c-326269ab58d1.zip,machine_service,United Kingdom; verify dataset record,Atmospheric Conditions|Cloud chemistry|Pollutant Concentration|Rain chemistry|Seeder-feeder effect,not supplied by discovery response,MATCHED,atmospheric-deposition,PROCESS_LINK,none_observed,Not supplied by discovery response; verify the dataset record before reuse,no,yes,no,no,2026-10-05T17:35:13.416072+00:00,transient_network_failure,,1115bb5fa8a34bd9ea9c14d9a22a945797f5b27e13bc113de06fbaaed3ed9b06,1,ckan-data-gov-uk-4117f4e1-e9b5-43ab-ae97-22add2c87e0a-7b1f24d3a0,REVIEW_REQUIRED,DISCOVERED_ONLY,reachability no; licence review required
3c1bd40932a59ebb5490,ckan-data-gov-uk-6978686a-9110-43f4-ad9a-7a86d1f1c7d7-b99c0b1ccc,Scottish Government SpatialData.gov.scot,FGS Climatic Site Suitability - Native Broadleaves (W7),https://ogc.nature.scot/geoserver/scottishforestry/ows?service=WMS&request=GetCapabilities,machine_service,United Kingdom; verify dataset record,Environment|FGS|Felling|Forest Management|Forestry|Grant Schemes|Habitats and biotopes|Landscape|Licence|Ownership|Planning|Woodland,not supplied by discovery response,MATCHED,mercury,DIRECT_CROSS_MEDIA,none_observed,Not supplied by discovery response; verify the dataset record before reuse,yes,yes,no,no,2026-10-05T17:35:13.779318+00:00,reachable_secure,text/xml,d5a5a699ca802a675437a5fdae8b06cd298df14367d97534c76af755d538c991,1,ckan-data-gov-uk-6978686a-9110-43f4-ad9a-7a86d1f1c7d7-b99c0b1ccc,REVIEW_REQUIRED,DISCOVERED_ONLY,licence review required
3c492e84add4b19216d8,ckan-data-gov-uk-67d43ef5-0e8b-4017-9fa3-fd181b284de3-fb37062996,Environmental Information Data Centre,Sulphur and nitrogen atmospheric Concentration Based Estimated Deposition (CBED) data for the UK 2016-2018,https://data-package.ceh.ac.uk/sd/5999d471-fe1d-45fa-889d-3156edb785a7.zip,machine_service,United Kingdom; verify dataset record,Atmospheric Conditions|Concentration Based Estimated Deposition (CBED)|Environmental Monitoring Facilities|base cations|pollutant,not supplied by discovery response,MATCHED,atmospheric-deposition|particulate-matter,DIRECT|PROCESS_LINK,none_observed,Not supplied by discovery response; verify the dataset record before reuse,no,yes,no,no,2026-10-05T17:35:19.788524+00:00,transient_network_failure,,26a91f327d9e62a8c8c54b254f42ee6888a681ef32db844118123e9f23556dc8,1,ckan-data-gov-uk-67d43ef5-0e8b-4017-9fa3-fd181b284de3-fb37062996,REVIEW_REQUIRED,DISCOVERED_ONLY,reachability no; licence review required
3cdf1e7c1e16c23ac70f,ckan-data-gov-uk-c1cb40cb-0b01-46ee-9671-b7a86014d616-f0224d396d,Bristol City Council,Air Quality Monitors,https://www.data.gov.uk/dataset/air-quality-monitors1,catalogue_landing_page,United Kingdom; verify dataset record,Environmental and earth sciences|Environmental monitoring facilities|Environmental protection,not supplied by discovery response,MATCHED,nitrogen-dioxide,DIRECT,none_observed,Not supplied by discovery response; verify the dataset record before reuse,yes,no,no,no,2026-09-21T18:39:21.585318+00:00,reachable_secure,text/html; charset=utf-8,d16cd50f5eb2d57e215eaf5a6f29aaeb78d6c715f46da9c64eeaf21c9682a0b6,1,ckan-data-gov-uk-c1cb40cb-0b01-46ee-9671-b7a86014d616-f0224d396d,REVIEW_REQUIRED,DISCOVERED_ONLY,no machine-readable endpoint established; licence review required
3cf01f0433c1f20630a5,ckan-data-gov-uk-71122a55-d61c-408b-b116-10e00e8de061-b462d46895,British Geological Survey (BGS),"2001 Strategic Environmental Assessment SEA1 Environmental Survey 2000 - Sample analysis data report: hydrocarbons, total organic carbon/nitrogen (Faroe Shetland Channel)",http://www.bgs.ac.uk/data/sea/home.html,unknown,United Kingdom; verify dataset record,Geology,not supplied by discovery response,MATCHED,polycyclic-aromatic-hydrocarbons|volatile-organic-compounds,DIRECT|DIRECT_CROSS_MEDIA,none_observed,Not supplied by discovery response; verify the dataset record before reuse,unknown,no,no,no,,,,f0566b9900f6e4221e1efdef3b5ece8ee6d9745106e2978e9b2937e244398f7d,1,ckan-data-gov-uk-71122a55-d61c-408b-b116-10e00e8de061-b462d46895,REVIEW_REQUIRED,DISCOVERED_ONLY,no machine-readable endpoint established; reachability unknown; licence review required
3d83b97e33421100fef6,ckan-data-gov-uk-6e987abf-06ed-4207-adca-55680d0e34c7-8cbc555966,Environmental Information Data Centre,Soil physico-chemical properties 1998 [Countryside Survey],https://data-package.ceh.ac.uk/sd/9d1eada2-3f8b-4a7b-a9b0-a7a04d05ff72.zip,machine_service,United Kingdom; verify dataset record,Great Britain|Soil,not supplied by discovery response,NO_MATCH,,,none_observed,Not supplied by discovery response; verify the dataset record before reuse,unknown,yes,no,no,,,,f9ce31b6ff872867fc50b748dcb568c2d3235e9438559bf3b62302e61d15eeb4,1,ckan-data-gov-uk-6e987abf-06ed-4207-adca-55680d0e34c7-8cbc555966,REVIEW_REQUIRED,DISCOVERED_ONLY,no governed pollutant/stressor relevance match; reachability unknown; licence review required
3db83764ef2c21a6caee,ckan-data-gov-uk-e43dfa00-d268-4983-b859-66e97448647e-eba3b48e2f,Greater London Authority,Ultra Low Emissions Zone 2019,https://www.data.gov.uk/dataset/ultra-low-emissions-zone-20191,catalogue_landing_page,United Kingdom; verify dataset record,EV|MapLondon|air quality|airqualitymap|pollution,not supplied by discovery response,NO_MATCH,,,none_observed,Not supplied by discovery response; verify the dataset record before reuse,unknown,no,no,no,,,,c3e922e2a55e93727e3ceffab58f0546890013a752bf249a7676f422edc2feb3,1,ckan-data-gov-uk-e43dfa00-d268-4983-b859-66e97448647e-eba3b48e2f,REVIEW_REQUIRED,DISCOVERED_ONLY,no governed pollutant/stressor relevance match; no machine-readable endpoint established; reachability unknown; licence review required
3de796c40821fb400547,ckan-data-gov-uk-b55e94b0-82f8-481b-b467-3fa1584b3420-6893db5ed4,Leeds City Council,Local authority pollution prevention control,https://datamillnorth.org/download/local-authority-pollution-prevention-control/92c8622b-a14b-403c-b00d-e5bbcc94d709/LEEDS%2520CITY%2520COUNCIL%2520PERMITTED%2520PART%2520A2%2520AND%2520PART%2520B%2520PROCESSES.csv,machine_service,United Kingdom; verify dataset record,Air Quality|Locality Lab|Permits|Vehicle|air|air pollution|emissions|environment|petrol,not supplied by discovery response,NO_MATCH,,,none_observed,UK Open Government Licence (OGL),unknown,yes,no,no,,,,c76fe04325dc12bb4f2e61026a030f895fe3ebd694f053cd49d01498adfafafc,1,ckan-data-gov-uk-b55e94b0-82f8-481b-b467-3fa1584b3420-6893db5ed4,REVIEW_REQUIRED,DISCOVERED_ONLY,no governed pollutant/stressor relevance match; reachability unknown
3e1c9088793271e65bd1,ckan-data-gov-uk-4845de73-0a58-4320-ad97-1413923c3319-be25b900d8,Sandwell Metropolitan Borough Council,Sandwell MBC Air Quality Management Areas,https://www.data.gov.uk/dataset/sandwell-mbc-air-quality-management-areas,catalogue_landing_page,United Kingdom; verify dataset record,,not supplied by discovery response,NO_MATCH,,,none_observed,Not supplied by discovery response; verify the dataset record before reuse,unknown,no,no,no,,,,9c15dbe79c1314f5b02bc8667012e9b18c86257d5854be1e88b3e8c2f5f7ec24,1,ckan-data-gov-uk-4845de73-0a58-4320-ad97-1413923c3319-be25b900d8,REVIEW_REQUIRED,DISCOVERED_ONLY,no governed pollutant/stressor relevance match; no machine-readable endpoint established; reachability unknown; licence review required
3e3a2f8717d77e8a829e,ckan-data-gov-uk-74db3bad-0ffe-45da-873f-1e19fbd56d6b-8bff2570d5,South Northamptonshire Council,Air Quality Management Zone,https://www.data.gov.uk/dataset/air-quality-management-zone,catalogue_landing_page,United Kingdom; verify dataset record,,not supplied by discovery response,NO_MATCH,,,none_observed,Not supplied by discovery response; verify the dataset record before reuse,unknown,no,no,no,,,,fee1db7c146692e3c6134212e2df4101bc93ac5aa599ed2ee63e3e8d2678f833,1,ckan-data-gov-uk-74db3bad-0ffe-45da-873f-1e19fbd56d6b-8bff2570d5,REVIEW_REQUIRED,DISCOVERED_ONLY,no governed pollutant/stressor relevance match; no machine-readable endpoint established; reachability unknown; licence review required
3f042c68ab6f23363880,ckan-data-gov-uk-c71c10cb-6412-48e4-a9f9-d6c3eba9807a-1f5366a720,Greater London Authority,Modelling the long-term health impacts of air pollution in London,https://www.data.gov.uk/dataset/modelling-the-long-term-health-impacts-of-air-pollution-in-london1,catalogue_landing_page,United Kingdom; verify dataset record,London air quality|air pollutant|air pollution|air quality|emissions|london concentrations|london emissions|london pollution|nitrogen dioxide|no2|particulate matter|pm10|pm2.5,not supplied by discovery response,MATCHED,nitrogen-dioxide|particulate-matter,DIRECT,none_observed,Not supplied by discovery response; verify the dataset record before reuse,unknown,no,no,no,,,,1c35acf14aa8d7af8daee1a859468f9dca96a1f55a3177f0164691f1a7075ab3,1,ckan-data-gov-uk-c71c10cb-6412-48e4-a9f9-d6c3eba9807a-1f5366a720,REVIEW_REQUIRED,DISCOVERED_ONLY,no machine-readable endpoint established; reachability unknown; licence review required
3f07aa9d1c8343b8169a,ckan-data-gov-uk-ab493b41-de13-4d65-8d93-734bd6339684-30efccdfab,British Geological Survey (BGS),"Mississippian Bowland Shale dataset: from Hind Clough, Marl Hill 4 (MHD4) and Cominco S9 (Craven Basin, UK). Iron Speciation, total organic carbon and selected major and trace element geochemical data (NERC grant NE/L002493/1)",https://www2.bgs.ac.uk/nationalgeosciencedatacentre/citedData/catalogue/f4dacd24-795b-482c-877f-0e4fda6fe6da.html,unknown,United Kingdom; verify dataset record,Geochemistry|NERC_DDC|TOC|Trace elements|X ray fluorescence spectroscopy,not supplied by discovery response,MATCHED,heavy-metals,DIRECT_CROSS_MEDIA,none_observed,Not supplied by discovery response; verify the dataset record before reuse,unknown,no,no,no,,,,84eb043916cceea7aa7302ff6836c8998d0e58e41a3552f1b032b4671d8e6e40,1,ckan-data-gov-uk-ab493b41-de13-4d65-8d93-734bd6339684-30efccdfab,REVIEW_REQUIRED,DISCOVERED_ONLY,no machine-readable endpoint established; reachability unknown; licence review required
3f92cb3817c67635208d,ckan-data-gov-uk-cfa82edd-7878-4ea6-8d8e-49d3b7212be4-24452dc62c,Environment Agency,Historic River Quality Objectives,https://environment.data.gov.uk/api/file/download?fileDataSetId=dd093905-e386-459b-bc9f-b5664ffb77f3&fileName=Historic_River_Quality_Objectives.zip.zip,machine_service,United Kingdom; verify dataset record,environment|inlandWaters|water analysis|water pollution|water quality,not supplied by discovery response,MATCHED,ammonia-ammonium|heavy-metals,DIRECT_CROSS_MEDIA,none_observed,Not supplied by discovery response; verify the dataset record before reuse,yes,yes,no,no,2026-10-05T17:35:22.093317+00:00,reachable_secure,application/octet-stream,7ca5e277956a2b6c37eb1e9bdb3651d3e6c079e9f94ce7b40a99a6d1213a67a4,1,ckan-data-gov-uk-cfa82edd-7878-4ea6-8d8e-49d3b7212be4-24452dc62c,REVIEW_REQUIRED,DISCOVERED_ONLY,licence review required
403865509955ef087c01,ckan-data-gov-uk-c6ea7dab-5b1e-428f-aba8-ec409ae9296f-ce5d8c3852,City of York Council,Local Air Quality Monitoring Stations,https://opendata.arcgis.com/datasets/fdbe3526db3d4b69babd705b5b801455_39.kml,machine_service,United Kingdom; verify dataset record,,not supplied by discovery response,MATCHED,nitrogen-dioxide,DIRECT,none_observed,UK Open Government Licence (OGL),no,yes,no,no,2026-10-05T17:35:24.402632+00:00,network_failure,,7273d8b4cd1c0e62182a967b802371e88030c408a8661ec3f0dc84700f788097,1,ckan-data-gov-uk-c6ea7dab-5b1e-428f-aba8-ec409ae9296f-ce5d8c3852,REVIEW_REQUIRED,DISCOVERED_ONLY,reachability no
40b9278933fc24c3b5e7,ckan-data-gov-uk-4ab44587-fa02-4051-8a97-8d9261bb0d68-24bdf94d33,Environmental Information Data Centre,"Ammonia measurements from passive samplers at Ballynahone Bog field site, Northern Ireland, 2022",https://data-package.ceh.ac.uk/sd/4cc95ba0-1e1b-42c6-b58c-719583638bac.zip,machine_service,United Kingdom; verify dataset record,Environmental Monitoring Facilities|ammonia monitoring|passive sampler,not supplied by discovery response,MATCHED,ammonia-ammonium,DIRECT_CROSS_MEDIA,none_observed,Not supplied by discovery response; verify the dataset record before reuse,no,yes,no,no,2026-10-05T17:35:30.411830+00:00,transient_network_failure,,3a11787be60894f49579bf2e646c758929bfd008e3319d7f3a48ceb3f08cfbe0,1,ckan-data-gov-uk-4ab44587-fa02-4051-8a97-8d9261bb0d68-24bdf94d33,REVIEW_REQUIRED,DISCOVERED_ONLY,reachability no; licence review required
4100e0e8349b2c223ab0,ckan-data-gov-uk-cd1f4924-92ab-4511-b57b-ad1add50f78a-a6bfbc3767,Environmental Information Data Centre,European Monitoring and Evaluation Program Model for the UK (EMEP4UK) daily ozone and particulate matter surface concentration for Southeast Asia for 2019 with and without forest fire emissions,https://data-package.ceh.ac.uk/sd/b8fc9e84-c837-4ecf-a638-c0ef0900b9c3.zip,machine_service,United Kingdom; verify dataset record,Air Quality|Atmospheric Chemistry Transport Modelling|Atmospheric Conditions|Wildfires,not supplied by discovery response,MATCHED,particulate-matter,DIRECT,none_observed,Not supplied by discovery response; verify the dataset record before reuse,no,yes,no,no,2026-10-05T17:35:36.421197+00:00,transient_network_failure,,4b7a342cc15a31cfa53cea236f2fea14acfafa0f7148312cc3ca3ac56b165cf8,1,ckan-data-gov-uk-cd1f4924-92ab-4511-b57b-ad1add50f78a-a6bfbc3767,REVIEW_REQUIRED,DISCOVERED_ONLY,reachability no; licence review required
41cc072302730c037806,ckan-data-gov-uk-3309b121-020f-48fd-a377-4c9a8d076ed6-e61f5ffaa9,Environmental Information Data Centre,"Meteorological and atmospheric dust data from Kangerlussuaq, southwest Greenland, 2017-2019",https://data-package.ceh.ac.uk/sd/ea6ff6d0-a2da-418f-ac6f-7e6b777e40c5.zip,machine_service,United Kingdom; verify dataset record,Environmental Monitoring Facilities|Greenland,not supplied by discovery response,MATCHED,atmospheric-deposition,PROCESS_LINK,none_observed,Not supplied by discovery response; verify the dataset record before reuse,no,yes,no,no,2026-10-05T17:35:42.555780+00:00,transient_network_failure,,dabbecb1e9b4872b373d230d8be0618824379c4d71c2a45c38d6ce18ee3c8a36,1,ckan-data-gov-uk-3309b121-020f-48fd-a377-4c9a8d076ed6-e61f5ffaa9,REVIEW_REQUIRED,DISCOVERED_ONLY,reachability no; licence review required
424d524fcb5afe179407,ckan-data-gov-uk-a17b9789-14e9-4c40-9d50-057dc26ad59e-1c09d8a3bf,Marine Environmental Data & Information Network,Glaven and Stiffkey Estuarine and Coastal Investigation - 2016-2017 - Nutrients,https://data.cefas.co.uk/view/18395,unknown,United Kingdom; verify dataset record,,not supplied by discovery response,MATCHED,particulate-matter,DIRECT,none_observed,Not supplied by discovery response; verify the dataset record before reuse,unknown,no,no,no,,,,38b441f904df32e2aa74b64eeee261e938ba2aba204aeaa7dbd09092a22b92f8,1,ckan-data-gov-uk-a17b9789-14e9-4c40-9d50-057dc26ad59e-1c09d8a3bf,REVIEW_REQUIRED,DISCOVERED_ONLY,no machine-readable endpoint established; reachability unknown; licence review required
42b989a79a0d14c94621,ckan-data-gov-uk-09f143ad-b2c7-4a24-a060-dc8649a7838f-10bd9c5c84,British Geological Survey (BGS),Metal Speciation And Bioavailability For Risk Assessment And Remediation.,https://www.nottingham.ac.uk/environment/research/environmental-modelling.aspx,unknown,United Kingdom; verify dataset record,Geochemistry|Minerals|NERC_DDC,not supplied by discovery response,MATCHED,heavy-metals,DIRECT_CROSS_MEDIA,none_observed,Not supplied by discovery response; verify the dataset record before reuse,unknown,no,no,no,,,,e07f20f357dd0fe749f5214dce5e29a7ff2cdc024fe41ff3bedafa4af895731f,1,ckan-data-gov-uk-09f143ad-b2c7-4a24-a060-dc8649a7838f-10bd9c5c84,REVIEW_REQUIRED,DISCOVERED_ONLY,no machine-readable endpoint established; reachability unknown; licence review required
430f4eb45bcd2a41d425,ckan-data-gov-uk-0ca3c668-0ee5-4c78-a006-b446a16c9fe9-b034055b7e,British Geological Survey (BGS),UKGEOS Glasgow groundwater and surface water chemistry dataset release (2022-2024),https://webapps.bgs.ac.uk/services/ngdc/accessions/index.html#item190725,unknown,United Kingdom; verify dataset record,Boreholes|Chemical analysis|Geochemistry|Groundwater|Mine waters|Monitoring|NERC_DDC|Surface waters|Water chemistry,not supplied by discovery response,MATCHED,ammonia-ammonium|polycyclic-aromatic-hydrocarbons|volatile-organic-compounds,DIRECT|DIRECT_CROSS_MEDIA,none_observed,Not supplied by discovery response; verify the dataset record before reuse,unknown,no,no,no,,,,7252e310145286880a2ae1ba42dcf37e8607b65188e8de9bf72c83fc4a13a266,1,ckan-data-gov-uk-0ca3c668-0ee5-4c78-a006-b446a16c9fe9-b034055b7e,REVIEW_REQUIRED,DISCOVERED_ONLY,no machine-readable endpoint established; reachability unknown; licence review required
431d095b1f1ee0ee5345,ckan-data-gov-uk-74a744e4-dc65-45a3-9619-e83849d0a259-b46f3d8834,Colchester Borough Council,air_quality_management_zone,http://essex.astuntechnology.com/getows.ashx?mapsource=Essex%2FInspire_Colchester&version=1.1.1&request=GetCapabilities&service=WMS,machine_service,United Kingdom; verify dataset record,,not supplied by discovery response,NO_MATCH,,,none_observed,Not supplied by discovery response; verify the dataset record before reuse,unknown,yes,no,no,,,,fdc950ba65064b697befd817e28314edf5f695cd899583e2f05826b6989727c0,1,ckan-data-gov-uk-74a744e4-dc65-45a3-9619-e83849d0a259-b46f3d8834,REVIEW_REQUIRED,DISCOVERED_ONLY,no governed pollutant/stressor relevance match; reachability unknown; licence review required
432040e1615e713226d4,ckan-data-gov-uk-3c41ac82-d5e3-4b89-8ec9-2d1149d2a1e1-dbecaf8bc0,Environmental Information Data Centre,Source Attribution - deposition of nitrogen and sulphur to UK,https://data-package.ceh.ac.uk/sd/e5bfac9b-0642-4b5b-a780-e5801b2dab8b.zip,machine_service,United Kingdom; verify dataset record,Air pollution dispersion terminology|Atmospheric Conditions|atmospheric pollution|nitrogen deposition|source attribution,not supplied by discovery response,MATCHED,atmospheric-deposition,PROCESS_LINK,none_observed,Not supplied by discovery response; verify the dataset record before reuse,no,yes,no,no,2026-10-05T17:35:48.566906+00:00,transient_network_failure,,384da731f8e0bad1aa3c725a635a090f3af2dde5d23207a53b53232a94126a97,1,ckan-data-gov-uk-3c41ac82-d5e3-4b89-8ec9-2d1149d2a1e1-dbecaf8bc0,REVIEW_REQUIRED,DISCOVERED_ONLY,reachability no; licence review required
436f89c1cdbe7fb4966b,ckan-data-gov-uk-5c0b2729-10ec-40c2-9842-65e4291a178b-c12e0adf02,Environmental Information Data Centre,"Estimates of anthropogenic emissions of metals and air pollutants in the UK at a 1km resolution, 1750-2100",https://data-package.ceh.ac.uk/sd/4b392dc0-0219-4494-8420-82e42b93b445.zip,machine_service,United Kingdom; verify dataset record,Environmental Monitoring Facilities|NOx emissions|SSP|UK|atmospheric pollution|historical emissions|metals,not supplied by discovery response,MATCHED,ammonia-ammonium|particulate-matter,DIRECT|DIRECT_CROSS_MEDIA,none_observed,Not supplied by discovery response; verify the dataset record before reuse,no,yes,no,no,2026-10-05T17:35:54.576285+00:00,transient_network_failure,,70fea78d88df78467a4695a8cc307cb2d8e7a3ab1daf1d56531d8b9f1b0c7e7b,1,ckan-data-gov-uk-5c0b2729-10ec-40c2-9842-65e4291a178b-c12e0adf02,REVIEW_REQUIRED,DISCOVERED_ONLY,reachability no; licence review required
43a0eb2b8609006ed0d3,ckan-data-gov-uk-d8cd5fec-0659-423b-bd8d-edd9538c26b3-6467d155d8,Environmental Information Data Centre,"Nitrous oxide emissions and associated microbial diversity, soil biochemical properties and crop growth and yield from a field trial of winter barley with the addition of microplastics, Abergwyngregyn, UK, 2020-2021",https://data-package.ceh.ac.uk/sd/a5410834-1c38-455b-a850-3fb3434d4bb0.zip,machine_service,United Kingdom; verify dataset record,Bioplastic|Environmental Monitoring Facilities|synthetic plastic,not supplied by discovery response,MATCHED,microplastics,EMERGING_CROSS_MEDIA,none_observed,Not supplied by discovery response; verify the dataset record before reuse,no,yes,no,no,2026-10-05T17:36:00.715714+00:00,transient_network_failure,,71e305e860a25ed678416c1b37690e6771397663dab5c79368294c65eb6a16d9,1,ckan-data-gov-uk-d8cd5fec-0659-423b-bd8d-edd9538c26b3-6467d155d8,REVIEW_REQUIRED,DISCOVERED_ONLY,reachability no; licence review required
43b84f2835ce1d912c9b,ckan-data-gov-uk-7b92213d-2584-4288-b77a-0d56d8b2647a-05243e34e7,Environment Agency,OSPAR,https://support.environment.data.gov.uk/hc/en-gb,unknown,United Kingdom; verify dataset record,OpenData|marine environment|marine pollution|river|sampling,not supplied by discovery response,MATCHED,heavy-metals|mercury,DIRECT_CROSS_MEDIA,none_observed,Not supplied by discovery response; verify the dataset record before reuse,unknown,no,no,no,,,,f16cbd6b3f8b68498b1a68fdec1aeee56ca9653d1734c4e8669fedb67e66aeb2,1,ckan-data-gov-uk-7b92213d-2584-4288-b77a-0d56d8b2647a-05243e34e7,REVIEW_REQUIRED,DISCOVERED_ONLY,no machine-readable endpoint established; reachability unknown; licence review required
43d00a1f2cc89b0203e2,ckan-data-gov-uk-b105155e-e4bb-4e03-a592-c1c7cb2c93f1-9aa455b55e,OpenDataNI,Annex B NIEA Mercury 25 Site review 05 11 2025,https://opendata-daerani.hub.arcgis.com/documents/DAERANI::annex-b-niea-mercury-25-site-review-05-11-2025,unknown,United Kingdom; verify dataset record,contaminated-land|daera|hg|historical-land-use|mercury|ni|northern-ireland|uk|united-kingdom,not supplied by discovery response,MATCHED,mercury,DIRECT_CROSS_MEDIA,none_observed,UK Open Government Licence (OGL),unknown,no,no,no,,,,c23c4dde4b15efa6d4205ec7a955e0a1f6cb6ba073e09ef244d4c58c764f69b3,1,ckan-data-gov-uk-b105155e-e4bb-4e03-a592-c1c7cb2c93f1-9aa455b55e,REVIEW_REQUIRED,DISCOVERED_ONLY,no machine-readable endpoint established; reachability unknown
43d36389ec8537b200e0,ckan-data-gov-uk-9b21f6b1-aad6-4b80-964e-1e7127b59adc-a8d17dc50c,Environmental Information Data Centre,Hampshire Avon: trace gas fluxes from experimentally manipulated plots in three sub-catchments,https://data-package.ceh.ac.uk/sd/8031c2c1-7032-4958-b314-7664d747b988.zip,machine_service,United Kingdom; verify dataset record,Hampshire Avon|Hydrography|Nitrous oxide|Nutrient addition|flux,not supplied by discovery response,NO_MATCH,,,none_observed,Not supplied by discovery response; verify the dataset record before reuse,unknown,yes,no,no,,,,bd2bb5b6166b641550f8b21037bac21e8388cafa3bf96a873f1422cbe96943cf,1,ckan-data-gov-uk-9b21f6b1-aad6-4b80-964e-1e7127b59adc-a8d17dc50c,REVIEW_REQUIRED,DISCOVERED_ONLY,no governed pollutant/stressor relevance match; reachability unknown; licence review required
443ef9228fcd264d5c9a,ckan-data-gov-uk-a0ed33ee-5180-4bab-a4c4-31c2300e1907-53ba959934,OpenDataNI,Mercury Q&A Document Annex C,https://opendata-daerani.hub.arcgis.com/documents/DAERANI::mercury-qa-document-annex-c-,unknown,United Kingdom; verify dataset record,contaminated-land|daera|hg|historical-land-use|industrial-land-use|mercury|ni|northern-ireland|uk|united-kingdon,not supplied by discovery response,MATCHED,mercury,DIRECT_CROSS_MEDIA,none_observed,UK Open Government Licence (OGL),unknown,no,no,no,,,,e3837394086374d66ae7fb0466c380e2bc7c5bb4c3877d0d87bd53bcc96238f1,1,ckan-data-gov-uk-a0ed33ee-5180-4bab-a4c4-31c2300e1907-53ba959934,REVIEW_REQUIRED,DISCOVERED_ONLY,no machine-readable endpoint established; reachability unknown
44fe27a890719e09fd06,ckan-data-gov-uk-30c9e623-4ad8-4396-b2f9-fd5e9c47ec96-1e0d9dcf53,British Geological Survey (BGS),"Integrated assessment and modelling of soil contaminant behaviour, transport and impact at remediable urban sites",https://www.bgs.ac.uk/,unknown,United Kingdom; verify dataset record,Environmental science|NERC_DDC|Pollution|Public health|Soils|Water quality,not supplied by discovery response,MATCHED,heavy-metals,DIRECT_CROSS_MEDIA,none_observed,Not supplied by discovery response; verify the dataset record before reuse,unknown,no,no,no,,,,02916c43f0c4057fe2dda0438afbc8af438956b55738095ddff1014ef5d0b3bb,1,ckan-data-gov-uk-30c9e623-4ad8-4396-b2f9-fd5e9c47ec96-1e0d9dcf53,REVIEW_REQUIRED,DISCOVERED_ONLY,no machine-readable endpoint established; reachability unknown; licence review required
45283bd6ef51159259e1,ckan-data-gov-uk-b93fa9c3-c97a-4175-846f-01be88d8ec18-93bfab2838,British Geological Survey (BGS),Video files of 3D spherical mantle convection simulations testing the influence of convection on mantle differentiation and preservation of primitive undegassed material,https://webapps.bgs.ac.uk/services/ngdc/accessions/index.html#item188502,unknown,United Kingdom; verify dataset record,Earth mantle|NERC_DDC|Tectonics,not supplied by discovery response,MATCHED,particulate-matter,DIRECT,none_observed,Not supplied by discovery response; verify the dataset record before reuse,unknown,no,no,no,,,,74d497ad71953a36d126b511a2aa8b00f904a741cfbbd3562ee1d03b09d8303c,1,ckan-data-gov-uk-b93fa9c3-c97a-4175-846f-01be88d8ec18-93bfab2838,REVIEW_REQUIRED,DISCOVERED_ONLY,no machine-readable endpoint established; reachability unknown; licence review required
4535a06be5ef6e3e65a5,ckan-data-gov-uk-33ccc168-296b-4b35-96e3-834a5144fdd9-9884e1bf46,Environmental Information Data Centre,"Sediment records of the 2016-2017 flood from Notwane dam, Upper Limpopo basin, Botswana",https://data-package.ceh.ac.uk/sd/022b3fff-55d7-46f5-b11f-2f7366e508b0.zip,machine_service,United Kingdom; verify dataset record,Notwane Dam|grain size|trace metals,not supplied by discovery response,NO_MATCH,,,none_observed,Not supplied by discovery response; verify the dataset record before reuse,unknown,yes,no,no,,,,62f469191b51c8f10d11197928773a768cdf934bc1ae081e089c73ad40486395,1,ckan-data-gov-uk-33ccc168-296b-4b35-96e3-834a5144fdd9-9884e1bf46,REVIEW_REQUIRED,DISCOVERED_ONLY,no governed pollutant/stressor relevance match; reachability unknown; licence review required
4611cf4834733b6941d0,ckan-data-gov-uk-a9b91cc7-6045-466f-9153-85b2effb3a7b-36c6854137,Cotswold District Council,Local Air Quality Monitoring Stations,https://cotswold-district-council-datasets-cotswold.hub.arcgis.com/datasets/b520f4380ee64bdcb24d544f0d5b124e_0/explore?location=51.784608%2C-1.925892%2C12.08,unknown,United Kingdom; verify dataset record,,not supplied by discovery response,NO_MATCH,,,none_observed,UK Open Government Licence (OGL),unknown,no,no,no,,,,75d4b227a1c50ba4528a2a36d575024928a7670093a576d529fda56c18a5f160,1,ckan-data-gov-uk-a9b91cc7-6045-466f-9153-85b2effb3a7b-36c6854137,REVIEW_REQUIRED,DISCOVERED_ONLY,no governed pollutant/stressor relevance match; no machine-readable endpoint established; reachability unknown
46329721b8aa65208905,ckan-data-gov-uk-7b307217-2861-4f36-8aec-6b70ac405da8-30fd24c87e,Environmental Information Data Centre,"Deposition and concentration of nitrogen and sulphur for protected sites in the UK, 2018-2020",https://data-package.ceh.ac.uk/sd/f83a56ef-15ad-4270-aefd-a6ef4b24b4ee.zip,machine_service,United Kingdom; verify dataset record,Environmental Monitoring Facilities,not supplied by discovery response,MATCHED,ammonia-ammonium,DIRECT_CROSS_MEDIA,none_observed,Not supplied by discovery response; verify the dataset record before reuse,no,yes,no,no,2026-10-05T17:36:06.727799+00:00,transient_network_failure,,0ebfdf7ad1e4fc9b2367a91a1530f58e5219be476b5568fe7d01b72cb04f54dc,1,ckan-data-gov-uk-7b307217-2861-4f36-8aec-6b70ac405da8-30fd24c87e,REVIEW_REQUIRED,DISCOVERED_ONLY,reachability no; licence review required
46a13e6827570cf13640,ckan-data-gov-uk-456392eb-32da-4215-979e-c93699e712dc-63fa80fd36,Bolton Metropolitan Borough Council,Air Quality Management Zone,https://www.data.gov.uk/dataset/air-quality-management-zone2,catalogue_landing_page,United Kingdom; verify dataset record,,not supplied by discovery response,NO_MATCH,,,none_observed,Not supplied by discovery response; verify the dataset record before reuse,yes,no,no,no,2026-09-21T18:39:19.023727+00:00,reachable_secure,text/html; charset=utf-8,575ed9d690664ef1d617870b0ef08d85f5d5e6ba62ad0f57e9150b39cb985bde,1,ckan-data-gov-uk-456392eb-32da-4215-979e-c93699e712dc-63fa80fd36,REVIEW_REQUIRED,DISCOVERED_ONLY,no governed pollutant/stressor relevance match; no machine-readable endpoint established; licence review required
46eb410f8183d662e4f6,ckan-data-gov-uk-8cf55dd4-60aa-4e33-8d97-b49c23d0adbe-e10f814155,City of York Council,Air Quality Monitoring Stations Data,https://data.yorkopendata.org/dataset/8cf55dd4-60aa-4e33-8d97-b49c23d0adbe/resource/85504bf3-bd97-4f71-9085-1df6d803c171/download/allsites2017.csv,machine_service,United Kingdom; verify dataset record,,not supplied by discovery response,MATCHED,nitrogen-dioxide,DIRECT,none_observed,OGL-UK-3.0,yes,yes,no,no,2026-10-05T17:36:08.250206+00:00,reachable_secure,text/csv,33f325798991459b296d0ce7e7a9022fa172ff49f061cb462130ace5332931d3,1,ckan-data-gov-uk-8cf55dd4-60aa-4e33-8d97-b49c23d0adbe-e10f814155,REVIEW_REQUIRED,CANDIDATE_FOR_TEST,eligible for independent SCC Air Quality test reacquisition
4759d1d59c22609fa7ec,ckan-data-gov-uk-a1760b52-06c6-40e8-ba1d-cbce4db5866a-4560b79c11,Environmental Information Data Centre,"Ammonia measurements from a passive sampler at Ballynahone Bog field site, Northern Ireland, 2021",https://data-package.ceh.ac.uk/sd/2d0e7fc2-237e-40b9-a10a-16a3993cf8ad.zip,machine_service,United Kingdom; verify dataset record,ALPHA sampler|Environmental Monitoring Facilities,not supplied by discovery response,MATCHED,ammonia-ammonium,DIRECT_CROSS_MEDIA,none_observed,Not supplied by discovery response; verify the dataset record before reuse,no,yes,no,no,2026-10-05T17:36:14.382609+00:00,transient_network_failure,,d4bdf3f1bf5a1ebdec41eee2f6fff0ebbd07a69c029621ca305cd0c8c0e8eb77,1,ckan-data-gov-uk-a1760b52-06c6-40e8-ba1d-cbce4db5866a-4560b79c11,REVIEW_REQUIRED,DISCOVERED_ONLY,reachability no; licence review required
4785c929276653cf2687,ckan-data-gov-uk-9c7a84cc-39ca-4d7b-9bf5-c66023258433-b44ba9f6f3,Environmental Information Data Centre,"Soil respiration responses to carbon, nitrogen and phosphorous additions to topsoil and subsoil cores from the Conwy catchment in North Wales (2014)",https://data-package.ceh.ac.uk/sd/0c17a041-8852-4800-9c04-2ab2dd858837.zip,machine_service,United Kingdom; verify dataset record,Conwy catchment|Environmental Monitoring Facilities|Macronutrients Programme (MCP)|North Wales|Turf2Surf (T2S),not supplied by discovery response,MATCHED,ammonia-ammonium,DIRECT_CROSS_MEDIA,none_observed,Not supplied by discovery response; verify the dataset record before reuse,no,yes,no,no,2026-10-05T17:36:20.524681+00:00,transient_network_failure,,e7c1537908ea19d0bf5c2a3c25c79bee81c6e9f59017fbba8df178dbd9f72379,1,ckan-data-gov-uk-9c7a84cc-39ca-4d7b-9bf5-c66023258433-b44ba9f6f3,REVIEW_REQUIRED,DISCOVERED_ONLY,reachability no; licence review required
478749f6eb2ca6d09916,ckan-data-gov-uk-46a297da-be97-4c83-9c8f-6b48c35d6fd6-c09efac2fc,Sandwell Metropolitan Borough Council,Sandwell MBC Air Quality Monitoring Stations,https://www.data.gov.uk/dataset/sandwell-mbc-air-quality-monitoring-stations,catalogue_landing_page,United Kingdom; verify dataset record,,not supplied by discovery response,MATCHED,nitrogen-dioxide|particulate-matter,DIRECT,none_observed,Not supplied by discovery response; verify the dataset record before reuse,unknown,no,no,no,,,,c3461b3000a094830297da63d87f6b3d0eb2c7fa25a75269f4ba9ce932930ba5,1,ckan-data-gov-uk-46a297da-be97-4c83-9c8f-6b48c35d6fd6-c09efac2fc,REVIEW_REQUIRED,DISCOVERED_ONLY,no machine-readable endpoint established; reachability unknown; licence review required
47931594cae37a1cbc19,ckan-data-gov-uk-383897bf-9dea-4ecf-bfe1-7bb22fa3e72d-7a1e15caa1,Environmental Information Data Centre,"Biogeochemistry and phytoplankton data from Loch Etive, Scotland, October 2022",https://data-package.ceh.ac.uk/sd/50f4344e-a79a-4e1f-a9ee-e7985ed847cd.zip,machine_service,United Kingdom; verify dataset record,Hydrography|Loch Etive|Scotland,not supplied by discovery response,MATCHED,ammonia-ammonium,DIRECT_CROSS_MEDIA,none_observed,Not supplied by discovery response; verify the dataset record before reuse,no,yes,no,no,2026-10-05T17:36:26.648897+00:00,transient_network_failure,,14e842ef971b3e922dc7d8cf42b5c2e198148e9f8dadb75ff24c6c21eb5d718a,1,ckan-data-gov-uk-383897bf-9dea-4ecf-bfe1-7bb22fa3e72d-7a1e15caa1,REVIEW_REQUIRED,DISCOVERED_ONLY,reachability no; licence review required
47bfea1b296977471ece,ckan-data-gov-uk-6ab87962-cc5e-43c6-85a7-53bf8e693d43-1ba4fe0007,Sheffield City Council,Sheffield Clean Air Zone,https://sheffieldcitycouncil.cloud.esriuk.com/server/services/AGOL/OpenData/MapServer/WMSServer?request=GetCapabilities&service=WMS,machine_service,United Kingdom; verify dataset record,,not supplied by discovery response,NO_MATCH,,,none_observed,UK Open Government Licence (OGL),unknown,yes,no,no,,,,f22c4b07b950312d6b619d349eca56bb61100310ab45c553fc79344ae451f576,1,ckan-data-gov-uk-6ab87962-cc5e-43c6-85a7-53bf8e693d43-1ba4fe0007,REVIEW_REQUIRED,DISCOVERED_ONLY,no governed pollutant/stressor relevance match; reachability unknown
47eafb1cf678c58dc0a2,ckan-data-gov-uk-fe713d57-7789-4f6b-bdd4-17643adf93f7-712c6f189e,Environmental Information Data Centre,Vegetation change at Whim peatbog (2002-2016),https://data-package.ceh.ac.uk/sd/65ecd65f-e518-4cf5-85bf-7d93e66fdb96.zip,machine_service,United Kingdom; verify dataset record,Environmental Monitoring Facilities|UK-SCAPE,not supplied by discovery response,MATCHED,ammonia-ammonium,DIRECT_CROSS_MEDIA,none_observed,Not supplied by discovery response; verify the dataset record before reuse,no,yes,no,no,2026-10-05T17:36:32.779327+00:00,transient_network_failure,,83d7286e1d10162f23a8854e818c028fe15bb73498b526976ad351540c32aa24,1,ckan-data-gov-uk-fe713d57-7789-4f6b-bdd4-17643adf93f7-712c6f189e,REVIEW_REQUIRED,DISCOVERED_ONLY,reachability no; licence review required
489a8c1087b33af19ac3,ckan-data-gov-uk-970f7c10-f760-401c-8d0b-7b8845544b66-2b08027fdc,Liverpool City Council,Liverpool Air Quality,https://www.data.gov.uk/dataset/liverpool-air-quality,catalogue_landing_page,United Kingdom; verify dataset record,,not supplied by discovery response,NO_MATCH,,,none_observed,Not supplied by discovery response; verify the dataset record before reuse,unknown,no,no,no,,,,253949b38b2994026ed7ecc6fc8bf4bb6376e8cd886d514fb4f5508d07d63b96,1,ckan-data-gov-uk-970f7c10-f760-401c-8d0b-7b8845544b66-2b08027fdc,REVIEW_REQUIRED,DISCOVERED_ONLY,no governed pollutant/stressor relevance match; no machine-readable endpoint established; reachability unknown; licence review required
49aa0a67b44ff6f389e2,ckan-data-gov-uk-fb0c8a84-bc57-4392-81a5-d4ff28cf14cd-e12872ad95,British Geological Survey (BGS),2005 Strategic Environmental Assessment SEA6 Sample analysis - Chemistry (Irish Sea),http://www.bgs.ac.uk/data/sea/home.html,unknown,United Kingdom; verify dataset record,Geology,not supplied by discovery response,MATCHED,mercury,DIRECT_CROSS_MEDIA,none_observed,Not supplied by discovery response; verify the dataset record before reuse,unknown,no,no,no,,,,b756c5bde1f8a39a3249a0064dea4f6c8ffdcd36891389eee4da35f8bb5cdabd,1,ckan-data-gov-uk-fb0c8a84-bc57-4392-81a5-d4ff28cf14cd-e12872ad95,REVIEW_REQUIRED,DISCOVERED_ONLY,no machine-readable endpoint established; reachability unknown; licence review required
49ada3e79344309ecfd9,ckan-data-gov-uk-5e5d5181-8133-4271-8f3c-935feceefd18-adbbba15d2,British Geological Survey (BGS),Uffington Lycimeter data,https://www.bgs.ac.uk/,unknown,United Kingdom; verify dataset record,Base metals|Contamination|Hydrogeology|Minerals|NERC_DDC,not supplied by discovery response,MATCHED,heavy-metals,DIRECT_CROSS_MEDIA,none_observed,Not supplied by discovery response; verify the dataset record before reuse,unknown,no,no,no,,,,cdf0e1ed591b1928d1eb9bb5a14f6e89775211c63b27a24b9ae585ecc7f57ad1,1,ckan-data-gov-uk-5e5d5181-8133-4271-8f3c-935feceefd18-adbbba15d2,REVIEW_REQUIRED,DISCOVERED_ONLY,no machine-readable endpoint established; reachability unknown; licence review required
49bedfbeb10dca284f77,ckan-data-gov-uk-bf683d40-f9e3-42f8-b204-628075505aeb-f6007205cf,Environmental Information Data Centre,"Ecosystem functions and vegetation data for Winklebury Hill, Salisbury Plain, UK in 2015",https://data-package.ceh.ac.uk/sd/0e2bbef4-47db-43dc-849b-c7ce49d5bcec.zip,machine_service,United Kingdom; verify dataset record,Environmental Monitoring Facilities|PAR|Wessex BESS|ecosystem respiration|net ecosystem CO2 exchange|nitrous oxide|soil moisture,not supplied by discovery response,MATCHED,ammonia-ammonium,DIRECT_CROSS_MEDIA,none_observed,Not supplied by discovery response; verify the dataset record before reuse,no,yes,no,no,2026-10-05T17:36:38.907172+00:00,transient_network_failure,,806bbea70e5331112e447a205542dc174d94bd5c99613875183b2c3aca1394cb,1,ckan-data-gov-uk-bf683d40-f9e3-42f8-b204-628075505aeb-f6007205cf,REVIEW_REQUIRED,DISCOVERED_ONLY,reachability no; licence review required
4a6b1b4238d8fd6a0a82,ckan-data-gov-uk-46f77f79-6479-4018-9a16-92e7e883c6da-3d4e8547a0,Environmental Information Data Centre,Community antimicrobial resistance genes and concentrations of polycyclic aromatic hydrocarbons and metals in NE England soils (2016),https://data-package.ceh.ac.uk/sd/35b49db6-8522-4c6b-a779-820268292603.zip,machine_service,United Kingdom; verify dataset record,AMR|PAH|PTE|Polycyclic aromatic compounds|Soil|antimicrobial resistance|potentially toxic elements,not supplied by discovery response,MATCHED,heavy-metals|mercury|polycyclic-aromatic-hydrocarbons|volatile-organic-compounds,DIRECT|DIRECT_CROSS_MEDIA,none_observed,Not supplied by discovery response; verify the dataset record before reuse,no,yes,no,no,2026-10-05T17:36:45.033912+00:00,transient_network_failure,,dca9a87f9473260e375f4f1d5bd3180cc81030535d29554aedb0819b7ce56c35,1,ckan-data-gov-uk-46f77f79-6479-4018-9a16-92e7e883c6da-3d4e8547a0,REVIEW_REQUIRED,DISCOVERED_ONLY,reachability no; licence review required
4abca603717ed53b0179,ckan-data-gov-uk-f4638d95-b217-4468-9ec2-602ab7501d6a-4cf2861da2,Greater London Authority,London Atmospheric Emissions Inventory (LAEI) 2010 Air Quality Focus Areas,https://www.data.gov.uk/dataset/london-atmospheric-emissions-inventory-laei-2010-air-quality-focus-areas1,catalogue_landing_page,United Kingdom; verify dataset record,air-quality|exposure|focus-areas|gis|hotspots|laqm|nitrogen-dioxide|particulate-matter|pollution,not supplied by discovery response,MATCHED,nitrogen-dioxide,DIRECT,none_observed,Not supplied by discovery response; verify the dataset record before reuse,unknown,no,no,no,,,,5c6f6adcf20634ef45e7166ced281aae04680276a5a5ae48a7c539af3b7c76cc,1,ckan-data-gov-uk-f4638d95-b217-4468-9ec2-602ab7501d6a-4cf2861da2,REVIEW_REQUIRED,DISCOVERED_ONLY,no machine-readable endpoint established; reachability unknown; licence review required
4af51ea745f3c344764f,ckan-data-gov-uk-6c450d5b-de7e-4f88-870e-7c24f9a9a528-a14afd3a5a,British Geological Survey (BGS),British Geological Survey (BGS) Sampling Survey 1978/3: Northern North Sea (04/Apr/1978 to 13/Apr/1978),http://mapapps2.bgs.ac.uk/geoindex_offshore/home.html?cruise=1978%2F3,unknown,United Kingdom; verify dataset record,,not supplied by discovery response,NO_MATCH,,,none_observed,Not supplied by discovery response; verify the dataset record before reuse,unknown,no,no,no,,,,7b28417195f653db29fa2f4ffe182d96e3d6e8c973375c11965d9466f96a41c8,1,ckan-data-gov-uk-6c450d5b-de7e-4f88-870e-7c24f9a9a528-a14afd3a5a,REVIEW_REQUIRED,DISCOVERED_ONLY,no governed pollutant/stressor relevance match; no machine-readable endpoint established; reachability unknown; licence review required
4b42e93af8a4eaf2eb6a,ckan-data-gov-uk-9e97da97-3607-4048-a781-a1e98296dc26-14b3cf6916,Environmental Information Data Centre,Source apportionment of nutrient contributions to rivers in England and Wales modelled with SAGIS,https://data-package.ceh.ac.uk/sd/8c5d9e38-0244-4a39-8600-a85513a6fecf.zip,machine_service,United Kingdom; verify dataset record,Environmental Monitoring Facilities|SAGIS|SIMCAT,not supplied by discovery response,MATCHED,atmospheric-deposition,PROCESS_LINK,none_observed,Not supplied by discovery response; verify the dataset record before reuse,no,yes,no,no,2026-10-05T17:36:51.043843+00:00,transient_network_failure,,aed86d46f4d2d83b23997887acb6b75847856d6bbf5f43f4a4ee5f65703847f1,1,ckan-data-gov-uk-9e97da97-3607-4048-a781-a1e98296dc26-14b3cf6916,REVIEW_REQUIRED,DISCOVERED_ONLY,reachability no; licence review required
4b446c840b1d00e597f3,ckan-data-gov-uk-734da4a2-bd01-4c96-89c6-2a5a79546c2f-449773401b,Joint Nature Conservation Committee,"UK Biodiversity Indicator B5a, Air pollution",http://jncc.defra.gov.uk/page-4245,unknown,United Kingdom; verify dataset record,,not supplied by discovery response,MATCHED,ammonia-ammonium|atmospheric-deposition|heavy-metals|nitrogen-dioxide,DIRECT|DIRECT_CROSS_MEDIA|PROCESS_LINK,none_observed,UK Open Government Licence (OGL),unknown,no,no,no,,,,6fd8ffa0ffb77a50e56bfa0ab8a825532463ed01ef4ffa23d9fed1ec0f031904,1,ckan-data-gov-uk-734da4a2-bd01-4c96-89c6-2a5a79546c2f-449773401b,REVIEW_REQUIRED,DISCOVERED_ONLY,no machine-readable endpoint established; reachability unknown
4b8f26caf3bcb43e42c4,ckan-data-gov-uk-33d8723d-d1f1-469e-9e6a-5d6d0058fd1e-92438d6c44,British Geological Survey (BGS),"Isotope analysis data from NERC grant ""The Processes that Shape the Continental Record"" NERC grant NE/J021822/1",http://dx.doi.org/10.1016/j.precamres.2015.05.011,unknown,United Kingdom; verify dataset record,Continental crust|Geochemical data|Isotopes|NERC_DDC|Oxygen isotopes|Sample analysis|Zircon,not supplied by discovery response,NO_MATCH,,,none_observed,Not supplied by discovery response; verify the dataset record before reuse,unknown,no,no,no,,,,f02e472429a5e29bb4a3cf7b2786e4db16299fffd693c9c5bffb7e19a1f6da24,1,ckan-data-gov-uk-33d8723d-d1f1-469e-9e6a-5d6d0058fd1e-92438d6c44,REVIEW_REQUIRED,DISCOVERED_ONLY,no governed pollutant/stressor relevance match; no machine-readable endpoint established; reachability unknown; licence review required
4dc69f7ab37e94c283b1,ckan-data-gov-uk-0f843dbd-785b-46d5-9fc9-7668ec2cddd7-b81403f09b,Environmental Information Data Centre,Denitrification and greenhouse gas emissions in natural and semi-natural terrestrial ecosystems [LTLS],https://data-package.ceh.ac.uk/sd/d970c095-129a-41ac-9c82-950ab7804581.zip,machine_service,United Kingdom; verify dataset record,Environmental Monitoring Facilities|Ribble Wyre,not supplied by discovery response,MATCHED,ammonia-ammonium,DIRECT_CROSS_MEDIA,none_observed,Not supplied by discovery response; verify the dataset record before reuse,no,yes,no,no,2026-10-05T17:36:57.172960+00:00,transient_network_failure,,6fd82c74630e667f5753ed43d5422c9aea41f8e709db8e5b01ab415de4290a0f,1,ckan-data-gov-uk-0f843dbd-785b-46d5-9fc9-7668ec2cddd7-b81403f09b,REVIEW_REQUIRED,DISCOVERED_ONLY,reachability no; licence review required
4f567ce43e5fdc1c29fb,ckan-data-gov-uk-3c99df25-0847-41a3-9b53-1e6d325bd585-c9d578505d,Joint Nature Conservation Committee,Habitat point records from 1988 OPRU HRE Loughor Estuary/Burry Inlet survey,http://data.jncc.gov.uk/data/a530d876-863a-42e6-b95c-3981760b86e4-1988-OPRU-HRE-Loughor-Estuary-Burry-Inlet-survey.csv,machine_service,United Kingdom; verify dataset record,,not supplied by discovery response,MATCHED,heavy-metals,DIRECT_CROSS_MEDIA,none_observed,UK Open Government Licence (OGL),unknown,yes,no,no,,,,0004c0cc012b54510dd229b7db5cedbb32cf067a62d4f911c881fdb6c15ea602,1,ckan-data-gov-uk-3c99df25-0847-41a3-9b53-1e6d325bd585-c9d578505d,REVIEW_REQUIRED,DISCOVERED_ONLY,reachability unknown
4fecae56eff4e5812292,ckan-data-gov-uk-99ea7efb-f490-42ab-840f-2f50cd5da967-1aca8307f7,City of York Council,The maximum Nitrogen Dioxide concentration in Salisbury Terrace (ug/m3) (Calendar Year),https://data.yorkopendata.org/dataset/99ea7efb-f490-42ab-840f-2f50cd5da967/resource/410fe24a-495b-403f-be64-5a4572acca6f/download/kpi-can028.csv,machine_service,United Kingdom; verify dataset record,,not supplied by discovery response,MATCHED,nitrogen-dioxide,DIRECT,none_observed,UK Open Government Licence (OGL),yes,yes,no,no,2026-10-05T17:36:58.581019+00:00,reachable_secure,text/csv,a438615a4cb6eb87885704208da13271713d5055c837dd81a1d7c0b72cc959b6,1,ckan-data-gov-uk-99ea7efb-f490-42ab-840f-2f50cd5da967-1aca8307f7,REVIEW_REQUIRED,CANDIDATE_FOR_TEST,eligible for independent SCC Air Quality test reacquisition
50b6ba3ec47d907c6a4f,ckan-data-gov-uk-b11bf03d-04c4-46e5-a720-287745e88db3-660419b7c4,Joint Nature Conservation Committee,Species point records from 1985 OPRU HRE Fal Estuary survey,http://data.jncc.gov.uk/data/be549fe0-74b8-485c-bd8b-9c4119e05719-1985-OPRU-HRE-Fal-Estuary-survey.csv,machine_service,United Kingdom; verify dataset record,,not supplied by discovery response,NO_MATCH,,,none_observed,UK Open Government Licence (OGL),unknown,yes,no,no,,,,69870db8f4916b256060da2da7adb33753f2f3e4ee9846bf9f9b57e5ffa40df1,1,ckan-data-gov-uk-b11bf03d-04c4-46e5-a720-287745e88db3-660419b7c4,REVIEW_REQUIRED,DISCOVERED_ONLY,no governed pollutant/stressor relevance match; reachability unknown
50d4fbce831b9465adb4,ckan-data-gov-uk-35b589a0-ec77-48fc-ae33-9901191d93e3-a508504843,The Food and Environment Research Agency,Polycyclic Aromatic Hydrocarbons (PAHs) in Food,https://www.data.gov.uk/dataset/polycyclic-aromatic-hydrocarbons-pahs-in-food,catalogue_landing_page,United Kingdom; verify dataset record,,not supplied by discovery response,MATCHED,polycyclic-aromatic-hydrocarbons|volatile-organic-compounds,DIRECT|DIRECT_CROSS_MEDIA,none_observed,Not supplied by discovery response; verify the dataset record before reuse,unknown,no,no,no,,,,28102b1ac0687a64b098d251a82d335371d26d744ed9232ffdb2b07d754504d4,1,ckan-data-gov-uk-35b589a0-ec77-48fc-ae33-9901191d93e3-a508504843,REVIEW_REQUIRED,DISCOVERED_ONLY,no machine-readable endpoint established; reachability unknown; licence review required
526adef9bd6e8c853f5a,ckan-data-gov-uk-52741a2d-8b5e-45bb-871c-f9ed0c89c281-af5a11164d,South Ribble Borough Council,Air Quality Management Zones,https://www.data.gov.uk/dataset/air-quality-management-zones1,catalogue_landing_page,United Kingdom; verify dataset record,,not supplied by discovery response,NO_MATCH,,,none_observed,Not supplied by discovery response; verify the dataset record before reuse,unknown,no,no,no,,,,1869d20c306df9db7b850854b58e6b35bc8abb6e97f0072997253b6b8ac8b6d1,1,ckan-data-gov-uk-52741a2d-8b5e-45bb-871c-f9ed0c89c281-af5a11164d,REVIEW_REQUIRED,DISCOVERED_ONLY,no governed pollutant/stressor relevance match; no machine-readable endpoint established; reachability unknown; licence review required
52c3e77057df51ff3893,ckan-data-gov-uk-e802cd8a-d750-4f9a-8830-ca3e05714a02-fe9565a706,Swindon Borough Council,Air Quality Monitors,https://xmap.cloud/webservices/data/swindon/air_quality_monitors_39307/wms?username=swindon&password=REDACTED&request=GetCapabilities,machine_service,United Kingdom; verify dataset record,air|environment|quality,not supplied by discovery response,NO_MATCH,,,redacted_or_required,Not supplied by discovery response; verify the dataset record before reuse,unknown,yes,no,no,,,,e26c416a7a785cbd68c679e9661081edff0a9d2053ef72b6a69c498f6393e9a4,1,ckan-data-gov-uk-e802cd8a-d750-4f9a-8830-ca3e05714a02-fe9565a706,REVIEW_REQUIRED,DISCOVERED_ONLY,no governed pollutant/stressor relevance match; reachability unknown; licence review required; authentication redacted_or_required
53db8ff86029dc52e53d,ckan-data-gov-uk-2b41463c-2a51-4967-874b-79bbc3652a3d-0fa0002938,Environmental Information Data Centre,"210Pb-dated historical lake sediment metal concentrations from The Lake District, England (mid-19th century to 2016)",https://data-package.ceh.ac.uk/sd/87dec506-ca7f-4b57-a605-486ec9d8cca2.zip,machine_service,United Kingdom; verify dataset record,Soil|geochemistry|lead-210|legacy mine waste|trace metals,not supplied by discovery response,MATCHED,heavy-metals|mercury,DIRECT_CROSS_MEDIA,none_observed,Not supplied by discovery response; verify the dataset record before reuse,no,yes,no,no,2026-10-05T17:37:04.713120+00:00,transient_network_failure,,ac8b64353e784470be58f88a0145521c12440f061b5e3adae0fe5a2b60bdf321,1,ckan-data-gov-uk-2b41463c-2a51-4967-874b-79bbc3652a3d-0fa0002938,REVIEW_REQUIRED,DISCOVERED_ONLY,reachability no; licence review required
53e2b1d105364160d525,ckan-data-gov-uk-4f8a86e0-be57-42ab-9add-fd49ad15ee6c-3e3b443b8b,Scottish Government SpatialData.gov.scot,FGS Climatic Site Suitability - Diverse Conifer - Scots Pine,https://ogc.nature.scot/geoserver/scottishforestry/ows?service=WMS&request=GetCapabilities,machine_service,United Kingdom; verify dataset record,Environment|FGS|Felling|Forest Management|Forestry|Grant Schemes|Habitats and biotopes|Landscape|Licence|Ownership|Planning|Woodland,not supplied by discovery response,MATCHED,mercury,DIRECT_CROSS_MEDIA,none_observed,Not supplied by discovery response; verify the dataset record before reuse,yes,yes,no,no,2026-10-05T17:37:05.118506+00:00,reachable_secure,text/xml,1767d9a6b1c0408a45e229faf22807264bd7f6bdccf2ea53d4d0f47ab1b18ba4,1,ckan-data-gov-uk-4f8a86e0-be57-42ab-9add-fd49ad15ee6c-3e3b443b8b,REVIEW_REQUIRED,DISCOVERED_ONLY,licence review required
54b379f8966342951de1,ckan-data-gov-uk-54a1eee9-12ca-4dc6-a7ba-04329f100fbf-9dd3070c17,Environmental Information Data Centre,"Cation and suspended sediment concentrations from the Mackenzie River and Estuary, Canada, September 2022",https://data-package.ceh.ac.uk/sd/7565893d-95ec-4f89-94c5-952457820fa7.zip,machine_service,United Kingdom; verify dataset record,Aqueous|Canada|Geochemistry|Mackenzie|Northwest Territories (NWT)|River Chemistry|Suspended Sediment,not supplied by discovery response,MATCHED,acid-gas-aerosol|particulate-matter,DIRECT|DIRECT_CROSS_MEDIA,none_observed,Not supplied by discovery response; verify the dataset record before reuse,no,yes,no,no,2026-10-05T17:37:11.252829+00:00,transient_network_failure,,d589c047fb024bdadbc5fe8a38f7e0fdf31186a0e0649f7dec57e654138ba0e6,1,ckan-data-gov-uk-54a1eee9-12ca-4dc6-a7ba-04329f100fbf-9dd3070c17,REVIEW_REQUIRED,DISCOVERED_ONLY,reachability no; licence review required
550191d9f9532aa2fea9,ckan-data-gov-uk-5467284c-bfbd-4b68-8cfd-bfac3af7d934-bc9fad8357,The Food and Environment Research Agency,UK Shellfish Project,https://www.data.gov.uk/dataset/uk-shellfish-project,catalogue_landing_page,United Kingdom; verify dataset record,,not supplied by discovery response,MATCHED,polycyclic-aromatic-hydrocarbons|volatile-organic-compounds,DIRECT|DIRECT_CROSS_MEDIA,none_observed,Not supplied by discovery response; verify the dataset record before reuse,unknown,no,no,no,,,,2ca4aa8faf9b68d186aac4b9197d72c2880f24a5af46ffdf773dc947d11ba879,1,ckan-data-gov-uk-5467284c-bfbd-4b68-8cfd-bfac3af7d934-bc9fad8357,REVIEW_REQUIRED,DISCOVERED_ONLY,no machine-readable endpoint established; reachability unknown; licence review required
555e388e6c7383971970,ckan-data-gov-uk-07e2e997-1f32-455b-a7eb-6f708bb3cb87-02e5952c38,British Geological Survey (BGS),"MFIX input and output files for the study of granular rheology using mixtures with varying size, density, particle friction, and flow geometry",https://webapps.bgs.ac.uk/services/ngdc/accessions/index.html#item186553,unknown,United Kingdom; verify dataset record,Lava flows|NERC_DDC|Pyroclastic rocks|Rheology,not supplied by discovery response,NO_MATCH,,,none_observed,Not supplied by discovery response; verify the dataset record before reuse,unknown,no,no,no,,,,d4d7d8d16fa3fa6890f854c3b182f3665e5783ba5f67cfb7afef170e471aaf9c,1,ckan-data-gov-uk-07e2e997-1f32-455b-a7eb-6f708bb3cb87-02e5952c38,REVIEW_REQUIRED,DISCOVERED_ONLY,no governed pollutant/stressor relevance match; no machine-readable endpoint established; reachability unknown; licence review required
563302895a700f65d7d3,ckan-data-gov-uk-3b5dfc24-ce36-40d4-b081-3d3d18d1e8b7-dcdf321105,Marine Environmental Data & Information Network,2007-2008 North Sea Nutrient Analysis,https://data.cefas.co.uk/view/911,unknown,United Kingdom; verify dataset record,,not supplied by discovery response,MATCHED,ammonia-ammonium|nitrogen-dioxide,DIRECT|DIRECT_CROSS_MEDIA,none_observed,Not supplied by discovery response; verify the dataset record before reuse,unknown,no,no,no,,,,8ca7b4daac663b8907f4f7c07d87d4b27fb4472f8237d56f8e7378f05fbdfff5,1,ckan-data-gov-uk-3b5dfc24-ce36-40d4-b081-3d3d18d1e8b7-dcdf321105,REVIEW_REQUIRED,DISCOVERED_ONLY,no machine-readable endpoint established; reachability unknown; licence review required
56367b270de29ba1bdcb,ckan-data-gov-uk-1a2fda64-aa01-4f99-8d7a-4b614965f2f3-3365d5f89d,Environmental Information Data Centre,Water quality data from the Ribble and Wyre catchments 2008-2010,https://data-package.ceh.ac.uk/sd/b4b44b04-bfd0-40ca-b60a-681018eb78ce.zip,machine_service,United Kingdom; verify dataset record,Blackburn|Burnley|Environmental Monitoring Facilities|Pennines|Preston|Ribble|Ribble estuary|South Blackpool|Wyre,not supplied by discovery response,MATCHED,mercury,DIRECT_CROSS_MEDIA,none_observed,Not supplied by discovery response; verify the dataset record before reuse,no,yes,no,no,2026-10-05T17:37:17.262544+00:00,transient_network_failure,,e00a19a7f3896561d45f85544d25ad91bd6fc7e85f8374d47f84c337484d8af3,1,ckan-data-gov-uk-1a2fda64-aa01-4f99-8d7a-4b614965f2f3-3365d5f89d,REVIEW_REQUIRED,DISCOVERED_ONLY,reachability no; licence review required
56530b50f9cdd8098c72,ckan-data-gov-uk-95521713-7cbc-49b1-b428-83ac0f309016-b74092400b,Environmental Information Data Centre,"Freshwater particulate organic radiocarbon for four major UK catchments, 2013-2014",https://data-package.ceh.ac.uk/sd/4962468f-54c4-49ff-adb8-03e9e88cffdd.zip,machine_service,United Kingdom; verify dataset record,Environmental Monitoring Facilities,not supplied by discovery response,MATCHED,particulate-matter,DIRECT,none_observed,Not supplied by discovery response; verify the dataset record before reuse,no,yes,no,no,2026-10-05T17:37:23.295101+00:00,transient_network_failure,,486b1c465e35b3df163a7f8a54c1a54e48c7e087781b4264bd9f436c39b13243,1,ckan-data-gov-uk-95521713-7cbc-49b1-b428-83ac0f309016-b74092400b,REVIEW_REQUIRED,DISCOVERED_ONLY,reachability no; licence review required
58131b7c65e49f8998ca,ckan-data-gov-uk-79afd93f-3c9e-4bbe-a21e-4ca64cb0fa7d-ffb8adfaba,Environmental Information Data Centre,Modelled surface nitrogen dioxide (NO2) for the grassland growing season in the UK and USA in 2018,https://data-package.ceh.ac.uk/sd/d2524c77-c0b6-4228-a743-ec6f16623d80.zip,machine_service,United Kingdom; verify dataset record,Air pollution|EMEP model|Environmental Monitoring Facilities|grasslands|nitrogen dioxide,not supplied by discovery response,MATCHED,nitrogen-dioxide,DIRECT,none_observed,Not supplied by discovery response; verify the dataset record before reuse,no,yes,no,no,2026-10-05T17:37:29.304550+00:00,transient_network_failure,,a5c79470f100dd227a962996149d817c309bd588cd082d64e986f48266cdc757,1,ckan-data-gov-uk-79afd93f-3c9e-4bbe-a21e-4ca64cb0fa7d-ffb8adfaba,REVIEW_REQUIRED,DISCOVERED_ONLY,reachability no; licence review required
5825e2ecca8fd46d22d5,ckan-data-gov-uk-fea991ee-73db-41e2-a939-a5024f4af1b4-3b2465a18c,Scottish Government SpatialData.gov.scot,FGS Climatic Site Suitability - Native Upland Birch (W4),https://ogc.nature.scot/geoserver/scottishforestry/ows?service=WMS&request=GetCapabilities,machine_service,United Kingdom; verify dataset record,Environment|FGS|Felling|Forest Management|Forestry|Grant Schemes|Habitats and biotopes|Landscape|Licence|Ownership|Planning|Woodland,not supplied by discovery response,MATCHED,mercury,DIRECT_CROSS_MEDIA,none_observed,Not supplied by discovery response; verify the dataset record before reuse,yes,yes,no,no,2026-10-05T17:37:29.699825+00:00,reachable_secure,text/xml,9d3302f9b1a29fdfe7b937c13878bc0f9fc8aac043f588d98e67f51322ddcf10,1,ckan-data-gov-uk-fea991ee-73db-41e2-a939-a5024f4af1b4-3b2465a18c,REVIEW_REQUIRED,DISCOVERED_ONLY,licence review required
5880fb30ff44fecca0d7,ckan-data-gov-uk-48e1d9bd-5bb1-4b9f-a7ff-f212b31ef805-f97dd12bf0,Scottish Government SpatialData.gov.scot,Air Quality Management Areas - North Lanarkshire,https://www.data.gov.uk/dataset/air-quality-management-areas-north-lanarkshire,catalogue_landing_page,United Kingdom; verify dataset record,North Lanarkshire Council|Utility and governmental services|air|areas|management|nlc|north lanarkshire|quality,not supplied by discovery response,NO_MATCH,,,none_observed,Not supplied by discovery response; verify the dataset record before reuse,unknown,no,no,no,,,,efadc50976e59c3acf0cddbfd840b43623101f5bfffdbb3a6fbb4c0c6c706bc1,1,ckan-data-gov-uk-48e1d9bd-5bb1-4b9f-a7ff-f212b31ef805-f97dd12bf0,REVIEW_REQUIRED,DISCOVERED_ONLY,no governed pollutant/stressor relevance match; no machine-readable endpoint established; reachability unknown; licence review required
58c92ac8e034f6bbf06a,ckan-data-gov-uk-e8e5ffcf-dc5e-4850-93e0-be09d4467841-0d8791d6f1,Durham County Council,Nitrogen Dioxide Diffusion Tube Network,https://maps.durham.gov.uk/inspire/GML/GB-DHM-8441.gml,machine_service,United Kingdom; verify dataset record,Air Quality|air pollution|airhack,not supplied by discovery response,MATCHED,nitrogen-dioxide,DIRECT,none_observed,Not supplied by discovery response; verify the dataset record before reuse,yes,yes,no,no,2026-10-05T17:37:30.410214+00:00,reachable_secure,application/gml+xml,f07896592602ee2c502da6f9536e8839b584f777d23011df90371b6988552066,2,ckan-data-gov-uk-e8e5ffcf-dc5e-4850-93e0-be09d4467841-0d8791d6f1|ckan-data-gov-uk-ff40f832-6719-42cf-97ed-788e5d3f3ed9-8754796dd9,REVIEW_REQUIRED,DISCOVERED_ONLY,licence review required
5968ebfd1e000849be7a,ckan-data-gov-uk-616f9240-53a2-43b2-8f9c-1c85b3daaf40-e86ad9761f,Milton Keynes Council,Air Quality Monitoring Stations,https://www.data.gov.uk/dataset/air-quality-monitoring-stations5,catalogue_landing_page,United Kingdom; verify dataset record,,not supplied by discovery response,NO_MATCH,,,none_observed,Not supplied by discovery response; verify the dataset record before reuse,unknown,no,no,no,,,,731853049e947fcd9e18f6a7fd53f00404420b30f8cc5cecc27fb02276709d37,2,ckan-data-gov-uk-22aedbec-6fa7-45a7-bfa1-39c565c98c2a-509e8ef725|ckan-data-gov-uk-616f9240-53a2-43b2-8f9c-1c85b3daaf40-e86ad9761f,REVIEW_REQUIRED,DISCOVERED_ONLY,no governed pollutant/stressor relevance match; no machine-readable endpoint established; reachability unknown; licence review required
59fcd5d0b62cfc64e3f7,ckan-data-gov-uk-b138edc8-9746-4f9a-acfa-cd299eba78fd-cc22ede0af,"Department for Environment, Food and Rural Affairs",Annual average concentrations of toxic substances from the Toxic Organic Micropollutants Survey (TOMPS),http://uk-air.defra.gov.uk/data/tomps-data,unknown,United Kingdom; verify dataset record,,not supplied by discovery response,NO_MATCH,,,none_observed,UK Open Government Licence (OGL),unknown,no,no,no,,,,134c5a3131ea0e5cd26ba6b1f104ea98c66aa84c8c9ad488846947b6023c623f,1,ckan-data-gov-uk-b138edc8-9746-4f9a-acfa-cd299eba78fd-cc22ede0af,REVIEW_REQUIRED,DISCOVERED_ONLY,no governed pollutant/stressor relevance match; no machine-readable endpoint established; reachability unknown
5a06d7813287d1d87833,ckan-data-gov-uk-e6234812-7655-4f2e-aa74-869afb1460d2-d7702db06a,Environmental Information Data Centre,"Ammonia measurements from passive samplers at Ballynahone Bog field site, Northern Ireland, 2020",https://data-package.ceh.ac.uk/sd/ae00e10c-63b2-4b40-a8c1-998bd1c3e0ac.zip,machine_service,United Kingdom; verify dataset record,ALPHA sampler|Environmental Monitoring Facilities,not supplied by discovery response,MATCHED,ammonia-ammonium,DIRECT_CROSS_MEDIA,none_observed,Not supplied by discovery response; verify the dataset record before reuse,no,yes,no,no,2026-10-05T17:37:36.414589+00:00,transient_network_failure,,b630a55b33fbdef124079f538129d893265bf249ad6e542bd3ab551f7d7b1ef3,1,ckan-data-gov-uk-e6234812-7655-4f2e-aa74-869afb1460d2-d7702db06a,REVIEW_REQUIRED,DISCOVERED_ONLY,reachability no; licence review required
5a45957dec164f261439,ckan-data-gov-uk-59e9a551-203d-41f2-946a-c2ec557c2397-7f540e02c2,Marine Environmental Data & Information Network,CLiP Vanuatu Microplastics in sediment 2017,https://data.cefas.co.uk/view/19773,unknown,United Kingdom; verify dataset record,,not supplied by discovery response,MATCHED,microplastics|particulate-matter,DIRECT|EMERGING_CROSS_MEDIA,none_observed,Not supplied by discovery response; verify the dataset record before reuse,unknown,no,no,no,,,,c587f8ba3650e6d2afe9902e577a09e9733997ee7f9aa4ceeb988bc5f4db7ba7,1,ckan-data-gov-uk-59e9a551-203d-41f2-946a-c2ec557c2397-7f540e02c2,REVIEW_REQUIRED,DISCOVERED_ONLY,no machine-readable endpoint established; reachability unknown; licence review required
5a8fc20b876f7d8dd7b1,bgs-opengeoscience,British Geological Survey,BGS OpenGeoscience,https://www.bgs.ac.uk/geological-data/opengeoscience/,catalogue_landing_page,"Great Britain and UK offshore areas, product dependent",geology|geoscience|ground conditions,varies by product,NO_MATCH,,,none_observed,Product-specific; many OpenGeoscience datasets use the Open Government Licence with BGS acknowledgement requirements,yes,no,no,no,2026-09-21T18:39:24.371064+00:00,reachable_secure,text/html; charset=UTF-8,35ba93eb1a547126d8e4b9a973144121b9e716ddbd173a94ca10b01523b5572a,1,bgs-opengeoscience,REVIEW_REQUIRED,DISCOVERED_ONLY,no governed pollutant/stressor relevance match; no machine-readable endpoint established
5b930db93eb9622f0caa,ckan-data-gov-uk-7718919b-dd2c-4a89-82b1-3a59f93d5e59-9acfbebcff,Joint Nature Conservation Committee,Species point records from 1988 Rostron Scilly Isles sublittoral sediment survey,http://data.jncc.gov.uk/data/4c9f51bb-3c24-446c-9e0f-711a7fd34526-1988-Rostron-Scilly-Isles-sublittoral-sediment-survey.csv,machine_service,United Kingdom; verify dataset record,,not supplied by discovery response,NO_MATCH,,,none_observed,UK Open Government Licence (OGL),unknown,yes,no,no,,,,6214ba75b0294649139830bde61e1193a07f44149fe826f5353e07024da65818,1,ckan-data-gov-uk-7718919b-dd2c-4a89-82b1-3a59f93d5e59-9acfbebcff,REVIEW_REQUIRED,DISCOVERED_ONLY,no governed pollutant/stressor relevance match; reachability unknown
5c90927163d52cd962b6,ckan-data-gov-uk-4a53ddd5-61ce-4482-884c-8b20319c4a31-8a39ee1d79,Scottish Government SpatialData.gov.scot,FGS Climatic Site Suitability - Diverse Conifer - Norway Spruce,https://ogc.nature.scot/geoserver/scottishforestry/ows?service=WMS&request=GetCapabilities,machine_service,United Kingdom; verify dataset record,Environment|FGS|Felling|Forest Management|Forestry|Grant Schemes|Habitats and biotopes|Landscape|Licence|Ownership|Planning|Woodland,not supplied by discovery response,MATCHED,mercury,DIRECT_CROSS_MEDIA,none_observed,Not supplied by discovery response; verify the dataset record before reuse,yes,yes,no,no,2026-10-05T17:37:36.858672+00:00,reachable_secure,text/xml,96705d09ef18f3b6b56a656f3e98a8398cfc79db1c43a7e7c361b79f667a098e,1,ckan-data-gov-uk-4a53ddd5-61ce-4482-884c-8b20319c4a31-8a39ee1d79,REVIEW_REQUIRED,DISCOVERED_ONLY,licence review required
5d2a7898cefcd84277a2,ckan-data-gov-uk-aebeddd7-770f-4886-8d01-31c88e8304d2-889c00da83,Runnymede Borough Council,Air Quality Management Areas,https://maps.runnymede.gov.uk/geoserver/environment/air_quality_management_areas/wms?service=WMS&request=GetCapabilities,machine_service,United Kingdom; verify dataset record,,not supplied by discovery response,NO_MATCH,,,none_observed,UK Open Government Licence (OGL),unknown,yes,no,no,,,,b6cbe809c10090da4482452a3b96012cda40e3a754e4ef8ec69f5042a6e3ad51,1,ckan-data-gov-uk-aebeddd7-770f-4886-8d01-31c88e8304d2-889c00da83,REVIEW_REQUIRED,DISCOVERED_ONLY,no governed pollutant/stressor relevance match; reachability unknown
5d39e508d837825a740c,ckan-data-gov-uk-4e2af4fd-2621-4b37-a4b1-a8753bce0a4d-0b661f5b11,Scottish Government SpatialData.gov.scot,National Forest Estate Recreation Points GB,https://data-forestry.opendata.arcgis.com/,unknown,United Kingdom; verify dataset record,Environment|Felling|Forest Management|Land use|Landscape|Ownership|Planning|Woodland,not supplied by discovery response,NO_MATCH,,,none_observed,Not supplied by discovery response; verify the dataset record before reuse,unknown,no,no,no,,,,dbe79909ad094b6ca3037114527e770a7d6365abd7fcd84d22abb1ef07cc1954,1,ckan-data-gov-uk-4e2af4fd-2621-4b37-a4b1-a8753bce0a4d-0b661f5b11,REVIEW_REQUIRED,DISCOVERED_ONLY,no governed pollutant/stressor relevance match; no machine-readable endpoint established; reachability unknown; licence review required
5e504c669bea2441e326,ckan-data-gov-uk-cd96151c-16e0-4007-b54b-700a50d3c8b8-20341c2792,Joint Nature Conservation Committee,"UK Biodiversity Indicator B5b, Marine pollution",https://www.data.gov.uk/dataset/uk-biodiversity-indicator-b5b-marine-pollution,catalogue_landing_page,United Kingdom; verify dataset record,,not supplied by discovery response,MATCHED,heavy-metals|mercury|pesticides,ASSOCIATED_CROSS_MEDIA|DIRECT_CROSS_MEDIA,none_observed,UK Open Government Licence (OGL),unknown,no,no,no,,,,dda31a28a38786796506dddf3fc0981636625b144ccb5bd7fa9a17d9489365fa,1,ckan-data-gov-uk-cd96151c-16e0-4007-b54b-700a50d3c8b8-20341c2792,REVIEW_REQUIRED,DISCOVERED_ONLY,no machine-readable endpoint established; reachability unknown
5e60b9da6cf85be782df,ckan-data-gov-uk-56f72d14-e92b-47bb-bec8-c5a7283ffbd7-c864a800c1,Environmental Information Data Centre,"Field measurements of alkalinity, chloride-ion, conductivity, pH and nutrients in rainwater (2004-2006) [LOCAR]",https://data-package.ceh.ac.uk/sd/274b541c-ee28-4041-8d3a-be5e970cd74e.zip,machine_service,United Kingdom; verify dataset record,Environmental Monitoring Facilities|LOCAR|The Lowland Catchment Research Programme|rainwater,not supplied by discovery response,MATCHED,acid-gas-aerosol|ammonia-ammonium|atmospheric-deposition,DIRECT_CROSS_MEDIA|PROCESS_LINK,none_observed,Not supplied by discovery response; verify the dataset record before reuse,no,yes,no,no,2026-10-05T17:37:42.998378+00:00,transient_network_failure,,603dcd179dd53a2641b06681b01429c1609fb7e4de65e1b27f5d047188faa7e8,1,ckan-data-gov-uk-56f72d14-e92b-47bb-bec8-c5a7283ffbd7-c864a800c1,REVIEW_REQUIRED,DISCOVERED_ONLY,reachability no; licence review required
5e8183f886c9c20791d6,ckan-data-gov-uk-d62a11bb-8ecf-430f-bab0-cce63c6d0755-6a9b86728c,Wiltshire Council,Wiltshire Council - NOx Diffusion Tubes,https://wiltshire-council-open-data-hub-wiltscouncil.hub.arcgis.com/datasets/WiltsCouncil::nox-diffusion-tubes/about,unknown,United Kingdom; verify dataset record,,not supplied by discovery response,MATCHED,nitrogen-dioxide,DIRECT,none_observed,Other (Non-Commercial),unknown,no,no,no,,,,96f6a4c203f74cb20eec790f82860adaf459101818ad71e9efa5039e2bf5504f,1,ckan-data-gov-uk-d62a11bb-8ecf-430f-bab0-cce63c6d0755-6a9b86728c,REVIEW_REQUIRED,DISCOVERED_ONLY,no machine-readable endpoint established; reachability unknown
5eb5037f5a34b8b9ffb2,ckan-data-gov-uk-ef13110e-d5a0-4330-abed-b36e6ece417c-eb3d0345ee,Natural Resources Wales,Urban Waste Water Treatment Regulations (UWWTR) Sensitive Areas - Eutrophic,https://datamap.gov.wales/capabilities/layergroup/5375/?ows_service=wms,machine_service,United Kingdom; verify dataset record,Coastal Margins (SMNR)|Ecosystem (SMNR)|Freshwater and Wetlands (SMNR)|Management Areas (SMNR)|Marine (SMNR)|Natural Resources (Incl. Features and Processes) (|Sea and Coast (SMNR)|Soils (SMNR)|Sustainable Management of Natural Resources (SMNR)|Urban (SMNR)|Water Quality (SMNR)|Water Resources (SMNR)|Water pollution|Water quality|coastal pollution|eutrophication|lake pollution|river pollution|sensitivity mapping|wastewater (waste water),not supplied by discovery response,NO_MATCH,,,none_observed,Not supplied by discovery response; verify the dataset record before reuse,unknown,yes,no,no,,,,efd6228d6c4564365db39287a1e31009b1200619e8502f94f7ae5d8105427ded,1,ckan-data-gov-uk-ef13110e-d5a0-4330-abed-b36e6ece417c-eb3d0345ee,REVIEW_REQUIRED,DISCOVERED_ONLY,no governed pollutant/stressor relevance match; reachability unknown; licence review required
5f27bf6b2e333c19de8a,ckan-data-gov-uk-1ed9883b-2c5b-4e62-a599-37db8ce57955-0748064546,Greater London Authority,London Average Air Quality Levels,https://www.data.gov.uk/dataset/london-average-air-quality-levels1,catalogue_landing_page,United Kingdom; verify dataset record,air-pollution|air-quality|aq|daily|emissions|hourly|index|levels|monitoring|nitrogen-dioxide|no|no2|nox|o3|particulate-matter|pm10|pm25|pollution|so2,not supplied by discovery response,MATCHED,nitrogen-dioxide|particulate-matter,DIRECT,none_observed,Not supplied by discovery response; verify the dataset record before reuse,unknown,no,no,no,,,,e68aacec9afeffded3c8c6cf06cc634fae498e2af000128cd4e48845b53f05f8,1,ckan-data-gov-uk-1ed9883b-2c5b-4e62-a599-37db8ce57955-0748064546,REVIEW_REQUIRED,DISCOVERED_ONLY,no machine-readable endpoint established; reachability unknown; licence review required
5f2cfddb5e2fa3f651f6,ckan-data-gov-uk-21c26457-1cfd-47fe-8db2-c404fdaa3288-e8a0f7d1c9,Scottish Government SpatialData.gov.scot,SPRI_Waste_Water_Releases,http://map.sepa.org.uk/atom/SEPA_SPRI_Waste_Water_releases.atom,machine_service,United Kingdom; verify dataset record,Environmental monitoring facilities|SPRI|air|discharge|emmisions|environment|natural environment|waste|water,not supplied by discovery response,NO_MATCH,,,none_observed,Not supplied by discovery response; verify the dataset record before reuse,unknown,yes,no,no,,,,96a13e72d8b7354c6fb5df840256c59ed8dec92cee1a40cff397cb8cf351b62a,1,ckan-data-gov-uk-21c26457-1cfd-47fe-8db2-c404fdaa3288-e8a0f7d1c9,REVIEW_REQUIRED,DISCOVERED_ONLY,no governed pollutant/stressor relevance match; reachability unknown; licence review required
5ff06c64519813f1a9e2,ckan-data-gov-uk-fb15ad27-d011-452a-9ef9-7ae2a91713f5-ced49da5bf,Leicester City Council,Air Quality - Nitrogen Dioxide - Hourly Mean,https://data.leicester.gov.uk/api/explore/v2.1/catalog/datasets/air-quality-nitrogen-dioxide-hourly-mean/exports/xlsx?use_labels=true,machine_service,United Kingdom; verify dataset record,Air Quality|NO2|Nitrogen Dioxide,not supplied by discovery response,MATCHED,nitrogen-dioxide,DIRECT,none_observed,Not supplied by discovery response; verify the dataset record before reuse,yes,yes,no,no,2026-10-05T17:37:43.710552+00:00,reachable_secure,application/vnd.openxmlformats-officedocument.spreadsheetml.sheet; charset=utf-8,a413b161d59a4b913cb38d89297597d74a096889838af38c639322c7cf9100a0,1,ckan-data-gov-uk-fb15ad27-d011-452a-9ef9-7ae2a91713f5-ced49da5bf,REVIEW_REQUIRED,DISCOVERED_ONLY,licence review required
60865533eed614dc35df,ckan-data-gov-uk-c6f8e325-b2b6-467b-94b8-c33674807981-8e6b68dc3f,Marine Environmental Data & Information Network,"1989 University of Southampton, Poole Bay, Benthic hand-core and dive survey",https://www.data.gov.uk/dataset/1989-university-of-southampton-poole-bay-benthic-hand-core-and-dive-survey,catalogue_landing_page,United Kingdom; verify dataset record,,not supplied by discovery response,MATCHED,heavy-metals,DIRECT_CROSS_MEDIA,none_observed,Not supplied by discovery response; verify the dataset record before reuse,unknown,no,no,no,,,,389ff1cce8529c933cf729b70e2456859f70f08b2e5e9969d5f8197def142fb2,1,ckan-data-gov-uk-c6f8e325-b2b6-467b-94b8-c33674807981-8e6b68dc3f,REVIEW_REQUIRED,DISCOVERED_ONLY,no machine-readable endpoint established; reachability unknown; licence review required
60ddd0c245bb817449f2,ckan-data-gov-uk-0cd7bd2a-5fa5-4500-8674-82deb1dbff24-1dec699577,Environmental Information Data Centre,Nitrous oxide fluxes and associated soil measurements from a mixed livestock farm in central Scotland (2012-2013),https://data-package.ceh.ac.uk/sd/54edbdcf-086e-40a7-b2cc-c1e4fcbfbbbc.zip,machine_service,United Kingdom; verify dataset record,Environmental Monitoring Facilities,not supplied by discovery response,MATCHED,ammonia-ammonium,DIRECT_CROSS_MEDIA,none_observed,Not supplied by discovery response; verify the dataset record before reuse,no,yes,no,no,2026-10-05T17:37:49.853223+00:00,transient_network_failure,,b53b195053a68ab73e858f3c90c3b16a76684d33a193032981b5e6a3fa419b71,1,ckan-data-gov-uk-0cd7bd2a-5fa5-4500-8674-82deb1dbff24-1dec699577,REVIEW_REQUIRED,DISCOVERED_ONLY,reachability no; licence review required
615e7b926f557c077614,ckan-data-gov-uk-71cd1923-4090-4949-8465-9034c898fc2a-75da542756,Greater London Authority,Air Quality Monitoring - Diffusion Tube Results,https://www.data.gov.uk/dataset/air-quality-monitoring-diffusion-tube-results1,catalogue_landing_page,United Kingdom; verify dataset record,Air Quality,not supplied by discovery response,MATCHED,nitrogen-dioxide,DIRECT,none_observed,Not supplied by discovery response; verify the dataset record before reuse,unknown,no,no,no,,,,ec2875bde9b5b65363fc56c87d480f75def45a5f613d225696e27cc60cbea6a9,1,ckan-data-gov-uk-71cd1923-4090-4949-8465-9034c898fc2a-75da542756,REVIEW_REQUIRED,DISCOVERED_ONLY,no machine-readable endpoint established; reachability unknown; licence review required
615f0c989090bebe1df8,ckan-data-gov-uk-def844a5-c494-4b4e-b6ab-458054b24952-23194dcded,Leeds City Council,Leeds annual nitrogen dioxide diffusion tube data,https://datamillnorth.org/download/leeds-nitrogen-dioxide-diffusion-tube-network/97329c14-9b47-4ddf-b903-616699cdc500/DiffusionTubes.csv,machine_service,United Kingdom; verify dataset record,air pollution|air quality|dioxide|monitoring stations|nitrogen,not supplied by discovery response,MATCHED,nitrogen-dioxide,DIRECT,none_observed,UK Open Government Licence (OGL),yes,yes,no,no,2026-10-05T17:37:51.044204+00:00,reachable_secure,text/csv,6e11ca370771a6e40d088933cc896ce51ec1712c567ec4dee7da93e9ea6d2251,1,ckan-data-gov-uk-def844a5-c494-4b4e-b6ab-458054b24952-23194dcded,REVIEW_REQUIRED,CANDIDATE_FOR_TEST,eligible for independent SCC Air Quality test reacquisition
6232dfb860658196f14c,ckan-data-gov-uk-e1374c7d-132f-4065-9b39-fd73538e4e92-7c7de4c21b,Scottish Government SpatialData.gov.scot,SPRI_Air_Releases,http://map.sepa.org.uk/atom/SEPA_SPRI_Air_Releases.atom,machine_service,United Kingdom; verify dataset record,Environmental monitoring facilities|SPRI|air|discharge|emmisions|environment|natural environment|waste|water,not supplied by discovery response,NO_MATCH,,,none_observed,Not supplied by discovery response; verify the dataset record before reuse,unknown,yes,no,no,,,,b61f8058568e8057799b01f9e38a9b011eb25c94faa07920a4d930418eeba237,1,ckan-data-gov-uk-e1374c7d-132f-4065-9b39-fd73538e4e92-7c7de4c21b,REVIEW_REQUIRED,DISCOVERED_ONLY,no governed pollutant/stressor relevance match; reachability unknown; licence review required
623ddc17f6b2697abad8,ckan-data-gov-uk-47a685c5-f5d7-4c4e-81ce-a632fd57b75a-e9be809186,Office for National Statistics,main.Pollution Removal UK Grid,https://services1.arcgis.com/ESMARspQHYMw9BZ9/arcgis/rest/services/Pollution_Removal_2007_2011_2015_2030_GeoPackage/FeatureServer/0,machine_service,United Kingdom; verify dataset record,Environmental Accounts|GeoPackage|PRD_GPCK|Pollution Removal|gpkg,not supplied by discovery response,NO_MATCH,,,none_observed,Not supplied by discovery response; verify the dataset record before reuse,unknown,yes,no,no,,,,7509027f1de302fd575264ba4a9b9b6a5ce611a5f6142c0f4878e746aa8269e8,1,ckan-data-gov-uk-47a685c5-f5d7-4c4e-81ce-a632fd57b75a-e9be809186,REVIEW_REQUIRED,DISCOVERED_ONLY,no governed pollutant/stressor relevance match; reachability unknown; licence review required
6307c624be5d895480ba,ckan-data-gov-uk-ac5f1cfa-ef88-446a-85a0-058f57558211-173d34d145,Marine Environmental Data & Information Network,CLiP Solomon Islands Microplastics in sediment 2017,https://data.cefas.co.uk/view/19771,unknown,United Kingdom; verify dataset record,,not supplied by discovery response,MATCHED,microplastics|particulate-matter,DIRECT|EMERGING_CROSS_MEDIA,none_observed,Not supplied by discovery response; verify the dataset record before reuse,unknown,no,no,no,,,,93dd91c0d8a023791077bac9bd94999ec6b51f9181f3650efbfc966070db9c40,1,ckan-data-gov-uk-ac5f1cfa-ef88-446a-85a0-058f57558211-173d34d145,REVIEW_REQUIRED,DISCOVERED_ONLY,no machine-readable endpoint established; reachability unknown; licence review required
632857f4ff20b5182a51,ckan-data-gov-uk-18e9ca8d-bd8d-446c-a880-7321650876a1-6ce0aef2b5,OpenDataNI,Mercury Potential Project,https://services-eu1.arcgis.com/kswen6BYexuc1SUk/arcgis/rest/services/Mercury_Potential_Project/FeatureServer/0,machine_service,United Kingdom; verify dataset record,contanimated-land|historical-land-use|industry-profiles|mercury-northern-ireland|uk,not supplied by discovery response,MATCHED,mercury,DIRECT_CROSS_MEDIA,none_observed,UK Open Government Licence (OGL),yes,yes,no,no,2026-10-05T17:37:51.494221+00:00,reachable_secure,text/html; charset=utf-8,546159ca05a6fb884cb20e7d809a0b3d88eaff12a83bb6f9c8269d89a9c0f1dc,1,ckan-data-gov-uk-18e9ca8d-bd8d-446c-a880-7321650876a1-6ce0aef2b5,REVIEW_REQUIRED,CANDIDATE_FOR_TEST,eligible for independent SCC Air Quality test reacquisition
635961de0ffbf26f8189,ckan-data-gov-uk-d6e471c5-5702-4433-8df9-1b1652392c17-0c0856e0ac,OpenDataNI,RiverWaterQualityMonitoring 1990to2024 DissolvedOxygen,https://services-eu1.arcgis.com/kswen6BYexuc1SUk/arcgis/rest/services/River_Water_Quality_Monitoring_1990_to_2024_Ammonia/FeatureServer/5,machine_service,United Kingdom; verify dataset record,ammonia|chemistry|daera|fdi|freshwater-data-insights|niea|nitrate|nitrite|nitrogen|river-water-quality|water|water-science-and-evidence|wse,not supplied by discovery response,MATCHED,ammonia-ammonium|heavy-metals|nitrogen-dioxide,DIRECT|DIRECT_CROSS_MEDIA,none_observed,UK Open Government Licence (OGL),yes,yes,no,no,2026-10-05T17:37:51.826082+00:00,reachable_secure,text/html; charset=utf-8,12c7fb99d1296d925342cb9d1419a9d68b56c1632c2f5ba89e0316c917040310,2,ckan-data-gov-uk-c8fcbf60-672b-49a4-b147-1649cd379a91-2240d72fda|ckan-data-gov-uk-d6e471c5-5702-4433-8df9-1b1652392c17-0c0856e0ac,REVIEW_REQUIRED,CANDIDATE_FOR_TEST,eligible for independent SCC Air Quality test reacquisition
6452ac7836a673481328,ckan-data-gov-uk-9e1f7607-cc29-45a0-933f-cac1a858e90a-f0fbcc139d,Environmental Information Data Centre,"Average Accumulated Exceedance (AAE) of critical loads of acidity and nutrient nitrogen by acid and nitrogen deposition for the UK, 2017-2019",https://data-package.ceh.ac.uk/sd/049b5fd2-3f12-48fc-8b43-57fa4db649ae.zip,machine_service,United Kingdom; verify dataset record,Environmental Monitoring Facilities|Nutrient Nitrogen,not supplied by discovery response,MATCHED,ammonia-ammonium|atmospheric-deposition|nitrogen-dioxide,DIRECT|DIRECT_CROSS_MEDIA|PROCESS_LINK,none_observed,Not supplied by discovery response; verify the dataset record before reuse,no,yes,no,no,2026-10-05T17:37:57.953415+00:00,transient_network_failure,,392874c3dbabd8460bae0db89365318369231b2daabfb5fff1b705b5084c60d6,1,ckan-data-gov-uk-9e1f7607-cc29-45a0-933f-cac1a858e90a-f0fbcc139d,REVIEW_REQUIRED,DISCOVERED_ONLY,reachability no; licence review required
648c927e38c9d61b5966,ckan-data-gov-uk-e1c76314-c3a9-44ab-8496-6940e0745046-6bbee41200,Environmental Information Data Centre,"European Monitoring and Evaluation Program Model for the UK (EMEP4UK) monthly atmospheric deposition of oxidised sulphur, oxidised nitrogen, and reduced nitrogen for 2002-2021",https://data-package.ceh.ac.uk/sd/904af4a0-d66d-460d-82eb-c8965e161b3e.zip,machine_service,United Kingdom; verify dataset record,Coarse nitrate particulate|EMEP|EMEP4UK|Environmental Monitoring Facilities|European Monitoring and EvaluationProgramme|Oxides of Nitrogen|Oxides of Sulphur|Reduced Nitrogen|UK-SCAPE,not supplied by discovery response,MATCHED,atmospheric-deposition|nitrogen-dioxide,DIRECT|PROCESS_LINK,none_observed,Not supplied by discovery response; verify the dataset record before reuse,no,yes,no,no,2026-10-05T17:38:04.097100+00:00,transient_network_failure,,e6045e461cb64cef7934f644a8263da548ccf8bbc31bbd0fa26ed6d2998131e7,1,ckan-data-gov-uk-e1c76314-c3a9-44ab-8496-6940e0745046-6bbee41200,REVIEW_REQUIRED,DISCOVERED_ONLY,reachability no; licence review required
64b181e3f0a0b520297b,ckan-data-gov-uk-abdd95eb-a630-457f-bdff-cf61759beccb-586edf09a3,Greater London Authority,Breathe London Mobile Monitoring,https://www.data.gov.uk/dataset/breathe-london-mobile-monitoring1,catalogue_landing_page,United Kingdom; verify dataset record,air-quality,not supplied by discovery response,MATCHED,black-carbon|particulate-matter,DIRECT,none_observed,Not supplied by discovery response; verify the dataset record before reuse,unknown,no,no,no,,,,f1998e519cf5d838c44c9e7241f582a3fbd865a3bb7af626c55091e4f495e502,1,ckan-data-gov-uk-abdd95eb-a630-457f-bdff-cf61759beccb-586edf09a3,REVIEW_REQUIRED,DISCOVERED_ONLY,no machine-readable endpoint established; reachability unknown; licence review required
6543c85429ca209d5abe,ckan-data-gov-uk-c008c130-45d0-4464-b05b-1cef77cab662-37915aafbf,Environment Agency,Benthic Sediment Chemistry Analysis Ready Data (NCEA),https://environment.data.gov.uk/api/file/download?fileDataSetId=9ec6b15d-f062-4c15-81c0-4cdc2c65c5f1&fileName=NCEA_Benthic_Sediment_Chemistry_Network_2026-05-06.GPKG.zip,machine_service,United Kingdom; verify dataset record,Analysis Ready Data|Environment Management|Marine sediments|NCEA|Natural Capital and Ecosystem Service Assessment|Nitrogen Nutrient|Pressures|chemical compounds|chemical indicators|chemical measurement of pollution|chemical pollutant|chemical pollution|chemicals|coast|coastal pollution|coastal water bodies|coastal waters|environment|environmental monitoring|environmental pollution|estuaries|estuarine|estuarine oceanography|estuary|estuary pollution|marine environment|marine monitoring|marine sediment|metals in sediments|monitoring|monitoring data|monitoring network|natural capital|organic pollutants|pollutant monitoring|pollution monitoring|sediment,not supplied by discovery response,NO_MATCH,,,none_observed,Not supplied by discovery response; verify the dataset record before reuse,unknown,yes,no,no,,,,f44455f54c8a185723f6766cec99c3fd02b86584680d11d54003793ce9c29d48,1,ckan-data-gov-uk-c008c130-45d0-4464-b05b-1cef77cab662-37915aafbf,REVIEW_REQUIRED,DISCOVERED_ONLY,no governed pollutant/stressor relevance match; reachability unknown; licence review required
654f9c9038bb59f9c923,ckan-data-gov-uk-bca487ca-6d4d-4772-a57d-518d442412ae-ed5f4dc4ab,City of York Council,Local Air Quality Management Areas,https://opendata.arcgis.com/datasets/9b212b7af275438ca9088ff868bda139_40.kml,machine_service,United Kingdom; verify dataset record,,not supplied by discovery response,MATCHED,nitrogen-dioxide,DIRECT,none_observed,UK Open Government Licence (OGL),no,yes,no,no,2026-10-05T17:38:06.369161+00:00,network_failure,,26ae2cc1a7df00eb1125338e2df775e52e5a1eda39493d737938352a004f4802,1,ckan-data-gov-uk-bca487ca-6d4d-4772-a57d-518d442412ae-ed5f4dc4ab,REVIEW_REQUIRED,DISCOVERED_ONLY,reachability no
65b7b00271a0f433c398,ckan-data-gov-uk-825fc996-fe65-4e85-9e09-55336261d2e3-4c6a27660f,Environmental Information Data Centre,"Measured air pollutant concentrations from solid fuel burning in Scotland, 2023-2024",https://data-package.ceh.ac.uk/sd/e9f39fd7-d181-46d7-a8ef-5cc0c011b932.zip,machine_service,United Kingdom; verify dataset record,Atmospheric Conditions|Scotland,not supplied by discovery response,MATCHED,black-carbon,DIRECT,none_observed,Not supplied by discovery response; verify the dataset record before reuse,no,yes,no,no,2026-10-05T17:38:12.497955+00:00,transient_network_failure,,b24c8db84fa09bb3c9ff641e45fa186b244542f1dcb6a9e1ff6f701384da8451,1,ckan-data-gov-uk-825fc996-fe65-4e85-9e09-55336261d2e3-4c6a27660f,REVIEW_REQUIRED,DISCOVERED_ONLY,reachability no; licence review required
66323d5a8776b9107112,ckan-data-gov-uk-e3c001d1-f3d2-44db-bc30-833cb38d553c-c866065b57,Leeds City Council,Ratified air quality - nitrogen dioxide,https://datamillnorth.org/download/ratified-air-quality---nitrogen-dioxide/f7e03513-14f2-4beb-b826-1989a160ad22/2018%2520air%2520quality.zip,machine_service,United Kingdom; verify dataset record,Climate Emergency|Covid-19|Locality Lab|air|airhack|bishopgate street|corn exchange|dioxide|haslewood close|international pool|jack lane|kirkstall road|nitrogen|norman row|particulate|quality|queen street|temple newsam|tilbury terrace,not supplied by discovery response,MATCHED,nitrogen-dioxide,DIRECT,none_observed,UK Open Government Licence (OGL),yes,yes,no,no,2026-10-05T17:38:13.596565+00:00,reachable_secure,application/zip,2d16ad53bb41a4e1b3f9bbed524a55bae934707a8e30741051f80eac00404bb4,1,ckan-data-gov-uk-e3c001d1-f3d2-44db-bc30-833cb38d553c-c866065b57,REVIEW_REQUIRED,CANDIDATE_FOR_TEST,eligible for independent SCC Air Quality test reacquisition
671a4dbd27b93a07d939,ckan-data-gov-uk-583e771f-1af6-4934-b8f0-28f1d1ddd48c-e9288ab78b,Environment Agency,Water Quality Explorer,https://environment.data.gov.uk/water-quality,unknown,United Kingdom; verify dataset record,environment|samples|water quality,not supplied by discovery response,MATCHED,heavy-metals|pesticides|pfas|volatile-organic-compounds,ASSOCIATED_CROSS_MEDIA|DIRECT|DIRECT_CROSS_MEDIA|EMERGING_CROSS_MEDIA,none_observed,Not supplied by discovery response; verify the dataset record before reuse,unknown,no,no,no,,,,a0a32828e81dbc61f0ce374c97add8591b453a57db51724992677e69d03564d0,1,ckan-data-gov-uk-583e771f-1af6-4934-b8f0-28f1d1ddd48c-e9288ab78b,REVIEW_REQUIRED,DISCOVERED_ONLY,no machine-readable endpoint established; reachability unknown; licence review required
674d8eddb174ff6ec099,ckan-data-gov-uk-3d3c05f1-43fa-4feb-8231-589e90cc42a6-170dfca63d,Ipswich Borough Council,Air Quality Management Area,https://maps.ipswich.gov.uk/WMS_INSPIRE/service.svc/get?request=GetCapabilities&service=WMS,machine_service,United Kingdom; verify dataset record,air_pollution|environmental_health_protection,not supplied by discovery response,NO_MATCH,,,none_observed,Not supplied by discovery response; verify the dataset record before reuse,unknown,yes,no,no,,,,2b77b40e7cc9e91e374136cc8c27663fbd5bbf4077bcd1f8e461a652cba169df,1,ckan-data-gov-uk-3d3c05f1-43fa-4feb-8231-589e90cc42a6-170dfca63d,REVIEW_REQUIRED,DISCOVERED_ONLY,no governed pollutant/stressor relevance match; reachability unknown; licence review required
675d44015e851f12a7e2,ckan-data-gov-uk-8d21c1c6-dc89-47d8-bcf3-446689ae2685-607e067d8a,Marine Environmental Data & Information Network,Glaven and Stiffkey Estuarine and Coastal Investigation - 2017 - Nutrients,https://data.cefas.co.uk/view/19093,unknown,United Kingdom; verify dataset record,,not supplied by discovery response,MATCHED,particulate-matter,DIRECT,none_observed,Not supplied by discovery response; verify the dataset record before reuse,unknown,no,no,no,,,,bc933fb8dd249d966f58ee17fed83c1d91105fe56f5eb10633c2105d003426cc,1,ckan-data-gov-uk-8d21c1c6-dc89-47d8-bcf3-446689ae2685-607e067d8a,REVIEW_REQUIRED,DISCOVERED_ONLY,no machine-readable endpoint established; reachability unknown; licence review required
679688a66227e75c99f2,ckan-data-gov-uk-c64855fd-84c4-4f54-b03a-92adddff1990-1530173a47,British Geological Survey (BGS),"Geochemical results from upper Ediacaran organic-rich shales / mudstones, Yangtze Craton, South China",https://webapps.bgs.ac.uk/services/ngdc/accessions/index.html#item186399,unknown,United Kingdom; verify dataset record,Ediacaran fauna|NERC_DDC|Pyrite|Shale,not supplied by discovery response,NO_MATCH,,,none_observed,Not supplied by discovery response; verify the dataset record before reuse,unknown,no,no,no,,,,deda3abcff5499072547ccef7245534f9dd053446e032ac4194bd751a7c114d8,1,ckan-data-gov-uk-c64855fd-84c4-4f54-b03a-92adddff1990-1530173a47,REVIEW_REQUIRED,DISCOVERED_ONLY,no governed pollutant/stressor relevance match; no machine-readable endpoint established; reachability unknown; licence review required
67bd542b99fb3e89c672,ckan-data-gov-uk-c6ad19a1-360d-4e62-9fd3-26f9e3ac39dd-d9b1a766d1,"Department for Environment, Food and Rural Affairs",River water quality: Annual average concentrations of selected determinands,http://data.defra.gov.uk/env/iwtb14v2_nitrates_groundwater_1980_19902004.xls,machine_service,United Kingdom; verify dataset record,,not supplied by discovery response,MATCHED,heavy-metals,DIRECT_CROSS_MEDIA,none_observed,UK Open Government Licence (OGL),unknown,yes,no,no,,,,6fbb2953b33f98c1e0840a9225547196b35e90d179eb84b45859b3ac33c00f28,1,ckan-data-gov-uk-c6ad19a1-360d-4e62-9fd3-26f9e3ac39dd-d9b1a766d1,REVIEW_REQUIRED,DISCOVERED_ONLY,reachability unknown
68462f747492fd596863,ckan-data-gov-uk-4abc0872-2d9e-4fa2-bbad-62f0f3a9f983-7001e01230,Scottish Government SpatialData.gov.scot,FGS Climatic Site Suitability - Native Broadleaves (W10),https://ogc.nature.scot/geoserver/scottishforestry/ows?service=WMS&request=GetCapabilities,machine_service,United Kingdom; verify dataset record,Environment|FGS|Felling|Forest Management|Forestry|Grant Schemes|Habitats and biotopes|Landscape|Licence|Ownership|Planning|Woodland,not supplied by discovery response,MATCHED,mercury,DIRECT_CROSS_MEDIA,none_observed,Not supplied by discovery response; verify the dataset record before reuse,yes,yes,no,no,2026-10-05T17:38:14.021923+00:00,reachable_secure,text/xml,e2675d4c59239890db1777f39c747e32f86fa6a7d20fc5fee5bf5412abf5454f,1,ckan-data-gov-uk-4abc0872-2d9e-4fa2-bbad-62f0f3a9f983-7001e01230,REVIEW_REQUIRED,DISCOVERED_ONLY,licence review required
687aa97bc577fe4c5108,ckan-data-gov-uk-9c31ee7c-23b5-41b4-acfd-15cabbda9267-3ae1fb0341,Royal Borough of Kensington and Chelsea,Air Quality Monitoring Sites,https://open-data-rbkc.hub.arcgis.com/datasets/43328ae06c8a416cbdc86c7942e864ed_0/explore,unknown,United Kingdom; verify dataset record,environmental monitoring facilities,not supplied by discovery response,NO_MATCH,,,none_observed,Creative Commons Attribution,unknown,no,no,no,,,,7bb53ed615d34396d6a8512dd7948bc2526b7bab0dfb7c16db4611cf79c0056e,1,ckan-data-gov-uk-9c31ee7c-23b5-41b4-acfd-15cabbda9267-3ae1fb0341,REVIEW_REQUIRED,DISCOVERED_ONLY,no governed pollutant/stressor relevance match; no machine-readable endpoint established; reachability unknown
692aa512c0040625b4fb,ckan-data-gov-uk-4cd163f5-2f3f-40c7-a382-b027cb5bab6c-09ef271d99,Environmental Information Data Centre,Organochlorine insecticides and mercury in predatory bird livers (PBMS),https://data-package.ceh.ac.uk/sd/e39e3afb-eb90-4a7d-921d-e03b1a0f414d.zip,machine_service,United Kingdom; verify dataset record,Environmental Monitoring Facilities|Great Britain,not supplied by discovery response,MATCHED,mercury,DIRECT_CROSS_MEDIA,none_observed,Not supplied by discovery response; verify the dataset record before reuse,no,yes,no,no,2026-10-05T17:38:20.155875+00:00,transient_network_failure,,1200c4c4e46b1b9b260b1cc384dc3faf14096e861137387682f2036d5218779c,1,ckan-data-gov-uk-4cd163f5-2f3f-40c7-a382-b027cb5bab6c-09ef271d99,REVIEW_REQUIRED,DISCOVERED_ONLY,reachability no; licence review required
69f92b4901a467acafa4,ckan-data-gov-uk-707734ec-609b-4bf6-be7e-0002c7d42c8c-f885eb9368,Environmental Information Data Centre,"Agricultural soil survey and inter-laboratory comparison of microplastics across China, Egypt, India, Sri Lanka, and Vietnam, 2022-2025",https://data-package.ceh.ac.uk/sd/c0407da7-acd0-4f5f-a1f3-5516206ba787.zip,machine_service,United Kingdom; verify dataset record,Agricultural and Aquaculture Facilities|Soil|agricultural plastic|microplastic,not supplied by discovery response,MATCHED,microplastics,EMERGING_CROSS_MEDIA,none_observed,Not supplied by discovery response; verify the dataset record before reuse,no,yes,no,no,2026-10-05T17:38:26.170474+00:00,transient_network_failure,,2c0ab35a9ea403b0cad15255b5645932f36c7995a29e19d37ed6b648d2ba0208,1,ckan-data-gov-uk-707734ec-609b-4bf6-be7e-0002c7d42c8c-f885eb9368,REVIEW_REQUIRED,DISCOVERED_ONLY,reachability no; licence review required
6aac2e915f7b5c84e288,ckan-data-gov-uk-b0717a47-a2c3-473f-b555-b79c582b20e7-c3f9fe4eb9,Greater London Authority,London Health Inequalities Strategy Indicators,https://www.data.gov.uk/dataset/london-health-inequalities-strategy-indicators1,catalogue_landing_page,United Kingdom; verify dataset record,,not supplied by discovery response,MATCHED,particulate-matter,DIRECT,none_observed,Not supplied by discovery response; verify the dataset record before reuse,unknown,no,no,no,,,,bbe1a6304cf4a60a55bf75da843fafadcf8ffe3d3bc742bc691b68c870965e09,1,ckan-data-gov-uk-b0717a47-a2c3-473f-b555-b79c582b20e7-c3f9fe4eb9,REVIEW_REQUIRED,DISCOVERED_ONLY,no machine-readable endpoint established; reachability unknown; licence review required
6ab5a8830fd9a07d96f7,ckan-data-gov-uk-c07374ca-7245-4951-858e-0a19b5f52648-beaf409f0a,Stockport Metropolitan Borough Council,Air Quality Management Areas,http://maps.stockport.gov.uk/ishare5.0.web/getows.ashx?mapsource=smbc%2Fstockport_inspire&version=1.1.1&request=GetCapabilities&service=WMS,machine_service,United Kingdom; verify dataset record,,not supplied by discovery response,NO_MATCH,,,none_observed,Not supplied by discovery response; verify the dataset record before reuse,unknown,yes,no,no,,,,ddd0c56379fa1371168e54ee0bcb4c180bd0342d3cf9c942e224fe95471007a5,1,ckan-data-gov-uk-c07374ca-7245-4951-858e-0a19b5f52648-beaf409f0a,REVIEW_REQUIRED,DISCOVERED_ONLY,no governed pollutant/stressor relevance match; reachability unknown; licence review required
6b48bf8e6b2a52270195,ckan-data-gov-uk-fa324fbb-c1a1-41db-a376-7bd85d6a13db-a20b104731,Natural England,2013 Natural England Verification Survey of Padstow Bay and Surrounds rMCZ,http://www.emodnet-seabedhabitats.eu/map,unknown,United Kingdom; verify dataset record,,not supplied by discovery response,MATCHED,heavy-metals|ultrafine-particles,DIRECT|DIRECT_CROSS_MEDIA,none_observed,UK Open Government Licence (OGL),unknown,no,no,no,,,,4c5046842957897ef1dbb718a29faa987d251d4bc06ce16f945e3044609858ff,1,ckan-data-gov-uk-fa324fbb-c1a1-41db-a376-7bd85d6a13db-a20b104731,REVIEW_REQUIRED,DISCOVERED_ONLY,no machine-readable endpoint established; reachability unknown
6c26fd336711179275da,ckan-data-gov-uk-38e9ca54-c002-4cec-aa35-1689ce14ad98-b9e01e0110,London Borough of Tower Hamlets,Permanent Air Quality Stations,https://www.data.gov.uk/dataset/permanent-air-quality-stations,catalogue_landing_page,United Kingdom; verify dataset record,,not supplied by discovery response,MATCHED,nitrogen-dioxide|particulate-matter,DIRECT,none_observed,UK Open Government Licence (OGL),unknown,no,no,no,,,,1dafc2dfb0b2ff9ac2e54a487702a763c1894b74563eeb41a2b6c66cbe068cd1,1,ckan-data-gov-uk-38e9ca54-c002-4cec-aa35-1689ce14ad98-b9e01e0110,REVIEW_REQUIRED,DISCOVERED_ONLY,no machine-readable endpoint established; reachability unknown
6c5d3f7b5aa42376eb72,ckan-data-gov-uk-80fa9bb7-f29e-4951-bfd7-9816a8093111-a3d06e6fc8,British Geological Survey (BGS),British Geological Survey (BGS) Geophysical and Sampling Survey 1977/JM/2: Northern North Sea (10/Oct/1977 to 20/Oct/1977),http://mapapps2.bgs.ac.uk/geoindex_offshore/home.html?cruise=1977%2FJM%2F2,unknown,United Kingdom; verify dataset record,,not supplied by discovery response,NO_MATCH,,,none_observed,Not supplied by discovery response; verify the dataset record before reuse,unknown,no,no,no,,,,f2af42d478331a8ee4fb2dee9d6fa4aceafcb4985a31afd797c799c24e552e4b,1,ckan-data-gov-uk-80fa9bb7-f29e-4951-bfd7-9816a8093111-a3d06e6fc8,REVIEW_REQUIRED,DISCOVERED_ONLY,no governed pollutant/stressor relevance match; no machine-readable endpoint established; reachability unknown; licence review required
6d51d1cf1644a1c4cbdd,ckan-data-gov-uk-26099456-627f-4cc9-9998-2e3378dc733e-6dd62b4f06,Greater London Authority,Understanding Health Impacts of Air Pollution in London,https://www.data.gov.uk/dataset/understanding-health-impacts-of-air-pollution-in-london1,catalogue_landing_page,United Kingdom; verify dataset record,air-pollution|air-quality|deaths|mortality,not supplied by discovery response,MATCHED,nitrogen-dioxide|particulate-matter,DIRECT,none_observed,Not supplied by discovery response; verify the dataset record before reuse,unknown,no,no,no,,,,f065dc0473f7e535a7656ec409c61472e30bcadc47907c79b5498cc8039efe8b,1,ckan-data-gov-uk-26099456-627f-4cc9-9998-2e3378dc733e-6dd62b4f06,REVIEW_REQUIRED,DISCOVERED_ONLY,no machine-readable endpoint established; reachability unknown; licence review required
6d8fa83e4adeba38b50c,naei-emissions-data-selector,National Atmospheric Emissions Inventory,UK Emissions Data Selector,https://naei.energysecurity.gov.uk/data/data-selector,catalogue_landing_page,United Kingdom,air emissions|greenhouse gases|inventory,annual inventory cycle,NO_MATCH,,,none_observed,Use subject to the NAEI website and selected dataset terms; verify attribution and reuse conditions before use,unknown,no,no,no,,,,5fa710cfab81d32030194807cae0a561953ba5aa912470a2e398bc92a3081f60,1,naei-emissions-data-selector,REVIEW_REQUIRED,DISCOVERED_ONLY,no governed pollutant/stressor relevance match; no machine-readable endpoint established; reachability unknown
6e4ee66358976c7a5ec0,ckan-data-gov-uk-cdfd3d20-27a5-40df-83ef-230844c190e8-e582646642,City of York Council,Average Annual Mean Nitrogen Dioxide concentration in Prices/Nunnery Lane (ug/m3) (Calendar Year),https://data.yorkopendata.org/dataset/cdfd3d20-27a5-40df-83ef-230844c190e8/resource/3ebce570-e8c8-4f20-9eda-be25e5dcffef/download/kpi-can027a.csv,machine_service,United Kingdom; verify dataset record,,not supplied by discovery response,MATCHED,nitrogen-dioxide,DIRECT,none_observed,UK Open Government Licence (OGL),yes,yes,no,no,2026-10-05T17:38:27.704379+00:00,reachable_secure,text/csv,b7c51f6c3ab0ff00010fb50ccfc010454a00e8a487fcc28105e091814fade728,1,ckan-data-gov-uk-cdfd3d20-27a5-40df-83ef-230844c190e8-e582646642,REVIEW_REQUIRED,CANDIDATE_FOR_TEST,eligible for independent SCC Air Quality test reacquisition
6ea66cc7ef069729e170,ckan-data-gov-uk-2c7b069f-a75f-4708-9cab-2819232a76b7-478c3d75bd,OpenDataNI,EFS Agreements,https://services-eu1.arcgis.com/kswen6BYexuc1SUk/arcgis/rest/services/AgreementDataTest/FeatureServer/0,machine_service,United Kingdom; verify dataset record,agri-environment|efs|environmental-farming-scheme,not supplied by discovery response,MATCHED,ammonia-ammonium,DIRECT_CROSS_MEDIA,none_observed,UK Open Government Licence (OGL),yes,yes,no,no,2026-10-05T17:38:28.179537+00:00,reachable_secure,text/html; charset=utf-8,4ee0e7ff6b3e9134dda771716d3050498a85d178818d78b630d36ae0db5c7235,3,ckan-data-gov-uk-2c7b069f-a75f-4708-9cab-2819232a76b7-478c3d75bd|ckan-data-gov-uk-9c3bcee2-ed61-44c2-a8df-6de34ce9d8d2-47e6e605a4|ckan-data-gov-uk-a22f4d51-4cd3-4d2a-8e4c-2ec4cc77b8b5-b90d401840,REVIEW_REQUIRED,CANDIDATE_FOR_TEST,eligible for independent SCC Air Quality test reacquisition
6ee78102dbf9aa0576d4,ckan-data-gov-uk-7aa7f240-a97d-4fa5-8ee5-446d33630b27-577d025d6f,British Geological Survey (BGS),"2001 Strategic Environmental Assessment SEA1 Charles Darwin cruise 123 (2000) - Environmental sampling survey. Data analysis report: total organic carbon/nitrogen, sediment hydrocarbons. ERT Report R00/215 (Faroe Shetland Channel)",http://www.bgs.ac.uk/data/sea/home.html,unknown,United Kingdom; verify dataset record,Geology,not supplied by discovery response,MATCHED,polycyclic-aromatic-hydrocarbons|volatile-organic-compounds,DIRECT|DIRECT_CROSS_MEDIA,none_observed,Not supplied by discovery response; verify the dataset record before reuse,unknown,no,no,no,,,,7c64132fd45480d3b115790825c764d3799f9ebb1aedd9e27ebaf3043c376c81,1,ckan-data-gov-uk-7aa7f240-a97d-4fa5-8ee5-446d33630b27-577d025d6f,REVIEW_REQUIRED,DISCOVERED_ONLY,no machine-readable endpoint established; reachability unknown; licence review required
6f73df1311adfa58ac80,ckan-data-gov-uk-4e1fae55-7873-4ee8-9896-dab1e1939fb8-6b0d6770a4,Environmental Information Data Centre,"Experimental crop biomass and gas flux (methane, nitrous oxide, and ammonia) data from continuous and intermittently flooded rice fields under different fertiliser treatments, India, July-October, 2016",https://data-package.ceh.ac.uk/sd/46aafc00-6742-41df-b8be-09a8d5d86610.zip,machine_service,United Kingdom; verify dataset record,Environmental Monitoring Facilities|nitrous oxide|rice paddy|urea,not supplied by discovery response,MATCHED,ammonia-ammonium,DIRECT_CROSS_MEDIA,none_observed,Not supplied by discovery response; verify the dataset record before reuse,no,yes,no,no,2026-10-05T17:38:34.315353+00:00,transient_network_failure,,eeec5ec73382c892ee3f8204d240d10a8b5f4390a34708916ebf74be0f5bc624,1,ckan-data-gov-uk-4e1fae55-7873-4ee8-9896-dab1e1939fb8-6b0d6770a4,REVIEW_REQUIRED,DISCOVERED_ONLY,reachability no; licence review required
6f8e0e66eb730116baa1,ckan-data-gov-uk-13391e28-f2c1-494c-a294-d2cb2596e727-f147fe5fe5,Joint Nature Conservation Committee,A decision framework to attribute atmospheric nitrogen deposition as a threat to or cause of unfavourable habitat condition on protected sites,https://hub.jncc.gov.uk/assets/0e68944d-8cec-4855-9016-3627ce8802c5,unknown,United Kingdom; verify dataset record,579|Atmosphere|JNCC Publications|Pressures|Terrestrial|Unclassified,not supplied by discovery response,MATCHED,atmospheric-deposition,PROCESS_LINK,none_observed,Not supplied by discovery response; verify the dataset record before reuse,unknown,no,no,no,,,,3619b035dc84ef5f7765d0969584654410862526336db25a36013d0fe78dfc15,1,ckan-data-gov-uk-13391e28-f2c1-494c-a294-d2cb2596e727-f147fe5fe5,REVIEW_REQUIRED,DISCOVERED_ONLY,no machine-readable endpoint established; reachability unknown; licence review required
6ff03458e34283d9531e,ckan-data-gov-uk-1f90a13d-e14b-41ba-af6f-c1d970650eca-30a9ec06a2,Environmental Information Data Centre,"Enchytraeid worm abundance and delta 13C cholesterol data from Sourhope field experiment site, Scotland, 2000 [NERC Soil Biodiversity Programme]",https://data-package.ceh.ac.uk/sd/0a443a55-28b6-4d82-9042-5a35bfdbebe0.zip,machine_service,United Kingdom; verify dataset record,Enchytraieds|Environmental Monitoring Facilities|Scottish borders|Sourhope|Worms,not supplied by discovery response,NO_MATCH,,,none_observed,Not supplied by discovery response; verify the dataset record before reuse,unknown,yes,no,no,,,,1499e6e9bd99a6407e5ad92b16cb50bf0dcc6c8cc02dfa43404185a3324ed770,1,ckan-data-gov-uk-1f90a13d-e14b-41ba-af6f-c1d970650eca-30a9ec06a2,REVIEW_REQUIRED,DISCOVERED_ONLY,no governed pollutant/stressor relevance match; reachability unknown; licence review required
701207509a6487eef9c4,ckan-data-gov-uk-5041c388-30a8-457a-8620-eb9af8457594-6758c26511,Environmental Information Data Centre,"Nitrogen emissions-related data including atmospheric deposition, fertiliser application, human and livestock populations, hydrological characteristics, urban land-use for South Asia, 1980-2035",https://data-package.ceh.ac.uk/sd/7a8bbed4-de60-4c53-bf0f-7d2074cb174e.zip,machine_service,United Kingdom; verify dataset record,Atmospheric Conditions|Land Use|Population Distribution - Demography,not supplied by discovery response,MATCHED,atmospheric-deposition,PROCESS_LINK,none_observed,Not supplied by discovery response; verify the dataset record before reuse,no,yes,no,no,2026-10-05T17:38:40.320567+00:00,transient_network_failure,,13e0e50ac3fdce1b7d29c1aac2868119e4fcdfebac56cc7860bef73fb5cfd22c,1,ckan-data-gov-uk-5041c388-30a8-457a-8620-eb9af8457594-6758c26511,REVIEW_REQUIRED,DISCOVERED_ONLY,reachability no; licence review required
713aab90bbf2d03da1d8,ckan-data-gov-uk-9de772b8-8e09-4368-85dc-553ef3c5dbaa-91ad91e4b7,Stroud District Council,Air Quality,https://www.data.gov.uk/dataset/air-quality,catalogue_landing_page,United Kingdom; verify dataset record,,not supplied by discovery response,NO_MATCH,,,none_observed,Not supplied by discovery response; verify the dataset record before reuse,unknown,no,no,no,,,,7bb5d8cea322c7a9ba24f3931d86d2ef48b64f7684014f349ea92a3d47f18a9d,1,ckan-data-gov-uk-9de772b8-8e09-4368-85dc-553ef3c5dbaa-91ad91e4b7,REVIEW_REQUIRED,DISCOVERED_ONLY,no governed pollutant/stressor relevance match; no machine-readable endpoint established; reachability unknown; licence review required
7163ec4b1e82495c918d,ckan-data-gov-uk-0bd42a42-94b0-4e6e-a3e3-c8f5fe5cdc11-b0f73516d6,Environmental Information Data Centre,"Ammonia measurements from passive samplers at Fenn's, Whixall, Wem & Cadney Mosses SAC (2018)",https://data-package.ceh.ac.uk/sd/c6145da7-ec61-49ae-a050-f5c5acd6cf9e.zip,machine_service,United Kingdom; verify dataset record,ALPHA sampler|Environmental Monitoring Facilities,not supplied by discovery response,MATCHED,ammonia-ammonium,DIRECT_CROSS_MEDIA,none_observed,Not supplied by discovery response; verify the dataset record before reuse,no,yes,no,no,2026-10-05T17:38:46.330155+00:00,transient_network_failure,,009d3c053c3e01c23ef3f5adda156c7d35a26b6f65c162ffb792f46ab52d7c67,1,ckan-data-gov-uk-0bd42a42-94b0-4e6e-a3e3-c8f5fe5cdc11-b0f73516d6,REVIEW_REQUIRED,DISCOVERED_ONLY,reachability no; licence review required
719658e3b45c4f35377d,ckan-data-gov-uk-9a4caf8d-5320-4553-a3b3-307b0e4441ba-0790918aca,Environmental Information Data Centre,"Calculated air pollutant emissions from domestic solid fuel burning in Scotland, 2023",https://data-package.ceh.ac.uk/sd/e82af684-6f84-4d2c-9ec7-dfa8c97b880f.zip,machine_service,United Kingdom; verify dataset record,Environmental Monitoring Facilities|Scotland,not supplied by discovery response,NO_MATCH,,,none_observed,Not supplied by discovery response; verify the dataset record before reuse,unknown,yes,no,no,,,,21dec6cabe207d7f13ab615be76e0a88eaa9d5ca4309a5dd06deb6df063fdfb0,1,ckan-data-gov-uk-9a4caf8d-5320-4553-a3b3-307b0e4441ba-0790918aca,REVIEW_REQUIRED,DISCOVERED_ONLY,no governed pollutant/stressor relevance match; reachability unknown; licence review required
71cc24f060815d3d9b78,ckan-data-gov-uk-42b02dde-921c-42c2-a59f-0f2e6c9b1ebc-48e9cc00fd,Cheltenham Borough Council,Air Quality Monitoring,https://www.cheltenham.gov.uk/environment/noise-pests-pollution-and-air-quality/air-quality/,unknown,United Kingdom; verify dataset record,,not supplied by discovery response,MATCHED,nitrogen-dioxide,DIRECT,none_observed,Not supplied by discovery response; verify the dataset record before reuse,unknown,no,no,no,,,,a34b012ff796447b19fd583c25bc8ec881bbd7de0c94a5173f58e81811c58e6c,1,ckan-data-gov-uk-42b02dde-921c-42c2-a59f-0f2e6c9b1ebc-48e9cc00fd,REVIEW_REQUIRED,DISCOVERED_ONLY,no machine-readable endpoint established; reachability unknown; licence review required
71e759ebcc5c2ccca11c,ckan-data-gov-uk-03ab697a-3891-42c7-b85a-c015bc4a6f97-6ef02f21bd,Scottish Government SpatialData.gov.scot,FGS Climatic Site Suitability - Broadleaves,https://ogc.nature.scot/geoserver/scottishforestry/ows?service=WMS&request=GetCapabilities,machine_service,United Kingdom; verify dataset record,Environment|FGS|Felling|Forest Management|Forestry|Grant Schemes|Habitats and biotopes|Landscape|Licence|Ownership|Planning|Woodland,not supplied by discovery response,MATCHED,mercury,DIRECT_CROSS_MEDIA,none_observed,Not supplied by discovery response; verify the dataset record before reuse,yes,yes,no,no,2026-10-05T17:38:46.743859+00:00,reachable_secure,text/xml,303d67e3e936d2de6a99c0ddfd80c9ed84dcf6bd6225749493121b6ff42ee07c,1,ckan-data-gov-uk-03ab697a-3891-42c7-b85a-c015bc4a6f97-6ef02f21bd,REVIEW_REQUIRED,DISCOVERED_ONLY,licence review required
72804007417bbf49ccf1,ckan-data-gov-uk-313a5bf8-8109-4d1f-969d-1dd25e78ddb7-06e2d44cc7,Environmental Information Data Centre,"Ammonia concentration and deposition data from a peatland nitrogen pollution experiment, Whim Bog, Scotland, UK, 2002-2022",https://data-package.ceh.ac.uk/sd/0cfcde23-753d-4bf0-81c6-13aea33b2b0f.zip,machine_service,United Kingdom; verify dataset record,Environmental Monitoring Facilities|UK-SCAPE|enhancement|field release|moorland|ombrotrophic bog|resistance modelling,not supplied by discovery response,MATCHED,ammonia-ammonium|atmospheric-deposition,DIRECT_CROSS_MEDIA|PROCESS_LINK,none_observed,Not supplied by discovery response; verify the dataset record before reuse,no,yes,no,no,2026-10-05T17:38:52.753036+00:00,transient_network_failure,,c0bbadd32c0f229e5f32725386bf888b984b021686b2350c918d069634efe49f,1,ckan-data-gov-uk-313a5bf8-8109-4d1f-969d-1dd25e78ddb7-06e2d44cc7,REVIEW_REQUIRED,DISCOVERED_ONLY,reachability no; licence review required
72b77f2d5787e6b99823,ckan-data-gov-uk-7cfa8971-6ad1-4621-afad-6f21fa6cf42c-2b26d8425d,Joint Nature Conservation Committee,Habitat point records from 1988 Rostron Scilly Isles sublittoral sediment survey,http://data.jncc.gov.uk/data/b3c0f855-7b1f-4e08-9c6d-5a9ad5954bfd-1988-Rostron-Scilly-Isles-sublittoral-sediment-survey.csv,machine_service,United Kingdom; verify dataset record,,not supplied by discovery response,NO_MATCH,,,none_observed,UK Open Government Licence (OGL),unknown,yes,no,no,,,,57ff10d4277be5769c09a6f72b04d7b9b4f2bbc8cdaa26fd035a7e84dd15f3af,1,ckan-data-gov-uk-7cfa8971-6ad1-4621-afad-6f21fa6cf42c-2b26d8425d,REVIEW_REQUIRED,DISCOVERED_ONLY,no governed pollutant/stressor relevance match; reachability unknown
72f8cae3bf75ed10e9e7,ckan-data-gov-uk-d100ce8c-ed12-4f07-93df-ac762fa2a17e-61b26f2e43,Marine Environmental Data & Information Network,Porewater dissolved Inorganic nutrients data from sediment cores collected in the North Sea between 2023 and 2024 and the Celtic Sea during 2023,https://data.cefas.co.uk/view/22179,unknown,United Kingdom; verify dataset record,,not supplied by discovery response,MATCHED,ammonia-ammonium,DIRECT_CROSS_MEDIA,none_observed,Not supplied by discovery response; verify the dataset record before reuse,unknown,no,no,no,,,,0cb21866068b82ca97c9ca0088c0b7a629348deffcb73a4808a4baf0f56cee03,1,ckan-data-gov-uk-d100ce8c-ed12-4f07-93df-ac762fa2a17e-61b26f2e43,REVIEW_REQUIRED,DISCOVERED_ONLY,no machine-readable endpoint established; reachability unknown; licence review required
739c5b1a25326bc20066,ckan-data-gov-uk-63d6897f-672e-40b3-943d-8ec8d21201ad-6aaf4f8721,Natural England,2013 Natural England Verification Survey of Intertidal Sediments within the Skerris Bank and Surrounds rMCZ,http://www.emodnet-seabedhabitats.eu/map,unknown,United Kingdom; verify dataset record,,not supplied by discovery response,MATCHED,heavy-metals|ultrafine-particles,DIRECT|DIRECT_CROSS_MEDIA,none_observed,UK Open Government Licence (OGL),unknown,no,no,no,,,,fd25038c37ced9a856ffabf3bafe0f108ae0ced05e2f98d767cc234ebe61502a,1,ckan-data-gov-uk-63d6897f-672e-40b3-943d-8ec8d21201ad-6aaf4f8721,REVIEW_REQUIRED,DISCOVERED_ONLY,no machine-readable endpoint established; reachability unknown
743811d288d1d9ddd3a1,ckan-data-gov-uk-95eb6a76-9eca-46ab-9915-a94f4dd21e40-9748c610b2,Marine Environmental Data & Information Network,Microplastics in sediment cores data from the UK continental shelf and slope 2017,https://data.cefas.co.uk/view/21439,unknown,United Kingdom; verify dataset record,,not supplied by discovery response,MATCHED,microplastics|particulate-matter,DIRECT|EMERGING_CROSS_MEDIA,none_observed,Not supplied by discovery response; verify the dataset record before reuse,unknown,no,no,no,,,,7eb97880cf225c5a773fc70f01ba2f4621a7488b45556afba64d05cbaffcd23a,1,ckan-data-gov-uk-95eb6a76-9eca-46ab-9915-a94f4dd21e40-9748c610b2,REVIEW_REQUIRED,DISCOVERED_ONLY,no machine-readable endpoint established; reachability unknown; licence review required
75e83cce7e920a247ca8,ckan-data-gov-uk-45e3f391-9519-4e85-9b38-ce26a71eac71-9b7f487a36,City of York Council,Diffusion Tubes Data,https://data.yorkopendata.org/dataset/45e3f391-9519-4e85-9b38-ce26a71eac71/resource/70bfcee5-c8df-4602-9318-5f277c699efa/download/tubesreadings.csv,machine_service,United Kingdom; verify dataset record,,not supplied by discovery response,MATCHED,nitrogen-dioxide,DIRECT,none_observed,OGL-UK-3.0,yes,yes,no,no,2026-10-05T17:38:54.379827+00:00,reachable_secure,text/csv,66a20caf234e4787e74477f691e9d3c0e6884a1eac06cef3242b2052e9e4f1ca,1,ckan-data-gov-uk-45e3f391-9519-4e85-9b38-ce26a71eac71-9b7f487a36,REVIEW_REQUIRED,CANDIDATE_FOR_TEST,eligible for independent SCC Air Quality test reacquisition
7607f6af03e6b6410942,ckan-data-gov-uk-d3ebf4bc-4dea-47ca-8ce1-4d0b8e001f7a-40fbdc5971,Scottish Government SpatialData.gov.scot,FGS Climatic Site Suitability - Native Broadleaves (W17),https://ogc.nature.scot/geoserver/scottishforestry/ows?service=WMS&request=GetCapabilities,machine_service,United Kingdom; verify dataset record,Environment|FGS|Felling|Forest Management|Forestry|Grant Schemes|Habitats and biotopes|Landscape|Licence|Ownership|Planning|Woodland,not supplied by discovery response,MATCHED,mercury,DIRECT_CROSS_MEDIA,none_observed,Not supplied by discovery response; verify the dataset record before reuse,yes,yes,no,no,2026-10-05T17:38:54.719017+00:00,reachable_secure,text/xml,6f0cd67bea333e01ec24c8ea1e8c4e517f64da1c5bd6854ff6c23a6ef0228f65,1,ckan-data-gov-uk-d3ebf4bc-4dea-47ca-8ce1-4d0b8e001f7a-40fbdc5971,REVIEW_REQUIRED,DISCOVERED_ONLY,licence review required
7627ea4fa42e83e3b127,ckan-data-gov-uk-8b19bd4a-91d2-485a-ab27-48d9167a6ef9-b993478b3b,Durham County Council,AIR QUALITY MANAGEMENT AREAS (AQMA),https://maps.durham.gov.uk/inspire/GML/GB-DHM-7381.gml,machine_service,United Kingdom; verify dataset record,Environmental monitoring facilities|Human health and safety,not supplied by discovery response,MATCHED,nitrogen-dioxide,DIRECT,none_observed,Not supplied by discovery response; verify the dataset record before reuse,yes,yes,no,no,2026-10-05T17:38:55.214788+00:00,reachable_secure,application/gml+xml,22cd654abadab4c3860e846cbea0ae3f415a33061c1592cc046766b28faa96d0,1,ckan-data-gov-uk-8b19bd4a-91d2-485a-ab27-48d9167a6ef9-b993478b3b,REVIEW_REQUIRED,DISCOVERED_ONLY,licence review required
768bbeec89ce2a8ffb9a,ckan-data-gov-uk-d8f111bd-8f2e-437a-a8b6-7d1d0256ea5c-3883e59db0,Marine Environmental Data & Information Network,A data product describing Carbon and nitrogen impacts of seaweed and mussel aquaculture estimated using life cycle impact assessment,https://data.cefas.co.uk/view/22148,unknown,United Kingdom; verify dataset record,,not supplied by discovery response,NO_MATCH,,,none_observed,Not supplied by discovery response; verify the dataset record before reuse,unknown,no,no,no,,,,e18e0109eec9b22e81ebfe6e0718ac3702eb2c341cd6f6794151f453e52bfa06,1,ckan-data-gov-uk-d8f111bd-8f2e-437a-a8b6-7d1d0256ea5c-3883e59db0,REVIEW_REQUIRED,DISCOVERED_ONLY,no governed pollutant/stressor relevance match; no machine-readable endpoint established; reachability unknown; licence review required
7708d290d1a9788989c7,ckan-data-gov-uk-b78bc5eb-1abd-41dc-916e-45292d366065-f3c7ed5d75,Natural Resources Wales,Compliance Assessment of Welsh River Special Areas of Conservation (SACs) Against Water Quality Targets (2020 - 2023),https://datamap.gov.wales/capabilities/layergroup/7376/?ows_service=wms,machine_service,United Kingdom; verify dataset record,Special Areas of Conservation (SAC) - SAC monitori|Water Quality Assessment,not supplied by discovery response,MATCHED,ammonia-ammonium,DIRECT_CROSS_MEDIA,none_observed,Not supplied by discovery response; verify the dataset record before reuse,no,yes,no,no,2026-10-05T17:39:02.048896+00:00,transient_network_failure,,5045bf8679b7525c5ddc9ed681062c04d0a5b72656e9ed0a297ca35e7d58e7ff,1,ckan-data-gov-uk-b78bc5eb-1abd-41dc-916e-45292d366065-f3c7ed5d75,REVIEW_REQUIRED,DISCOVERED_ONLY,reachability no; licence review required
77fb8056a17774a38c50,ckan-data-gov-uk-b7756500-2068-4026-abfc-0213951a501a-60ff85350f,Environment Agency,Saline Fish Tissue Per- and polyfluoroalkyl substances (PFAS) analysis 2022,https://www.data.gov.uk/dataset/saline-fish-tissue-per-and-polyfluoroalkyl-substances-pfas-analysis-2022,catalogue_landing_page,United Kingdom; verify dataset record,PFAS|Saline Fish|biota|chemical|environment|fish|monitoring|persistence|research,not supplied by discovery response,MATCHED,pfas,EMERGING_CROSS_MEDIA,none_observed,Not supplied by discovery response; verify the dataset record before reuse,unknown,no,no,no,,,,87279ada112830a8130c9562ad5ef0ebc3f5572345bbfbd7fde687fb8ae73c5a,1,ckan-data-gov-uk-b7756500-2068-4026-abfc-0213951a501a-60ff85350f,REVIEW_REQUIRED,DISCOVERED_ONLY,no machine-readable endpoint established; reachability unknown; licence review required
78153f8ac4eb6a598c90,ckan-data-gov-uk-9f631461-e5ce-482e-af8e-8fd2983b4c1e-837f2ad148,Environmental Information Data Centre,"Ammonia measurements from passive samplers at four UK Eutrophying and Acidifying Pollutants (UKEAP) network sites, 2020",https://data-package.ceh.ac.uk/sd/1766eb32-1878-47e6-8dc8-d434957d1e32.zip,machine_service,United Kingdom; verify dataset record,ALPHA®|Atmospheric Conditions|uptake rate,not supplied by discovery response,MATCHED,ammonia-ammonium,DIRECT_CROSS_MEDIA,none_observed,Not supplied by discovery response; verify the dataset record before reuse,no,yes,no,no,2026-10-05T17:39:08.058552+00:00,transient_network_failure,,755e575f84980b1bc300c7285384d79758784f45bd94f641f29684fba456ea73,1,ckan-data-gov-uk-9f631461-e5ce-482e-af8e-8fd2983b4c1e-837f2ad148,REVIEW_REQUIRED,DISCOVERED_ONLY,reachability no; licence review required
793e6063af2bebfba5d6,ckan-data-gov-uk-331833bf-ad3f-45a7-9636-de9e9ed6965b-7f20ba457b,Environment Agency,Monitoring of Pesticides and Trace Organics in Water [1992 - 2008],https://support.environment.data.gov.uk/hc/en-gb,unknown,United Kingdom; verify dataset record,OpenData|monitoring data|pesticide|water quality,not supplied by discovery response,MATCHED,pesticides,ASSOCIATED_CROSS_MEDIA,none_observed,Not supplied by discovery response; verify the dataset record before reuse,unknown,no,no,no,,,,906c17c1fb1ed69ee56ba6ec059fa7c012b0daab15932f3c71a60003b96e81e5,1,ckan-data-gov-uk-331833bf-ad3f-45a7-9636-de9e9ed6965b-7f20ba457b,REVIEW_REQUIRED,DISCOVERED_ONLY,no machine-readable endpoint established; reachability unknown; licence review required
799f9303694e98235679,ckan-data-gov-uk-36600df0-9100-4072-8135-4c5f2d839473-792265236e,British Geological Survey (BGS),"UKCCSRC Call 1 project poster: Experimental investigation and CFD modelling of oxy-coal combustion, CSLF Call project poster reception, London, 27.06.16",https://ukccs-research.org/accessions/index.html#item62073,unknown,United Kingdom; verify dataset record,Carbon capture and storage|NERC_DDC,not supplied by discovery response,MATCHED,particulate-matter,DIRECT,none_observed,Not supplied by discovery response; verify the dataset record before reuse,unknown,no,no,no,,,,0f5adcd3f89ea8cec308a518792fac58f3db477f2a2014f30a0b5276c9cfee18,1,ckan-data-gov-uk-36600df0-9100-4072-8135-4c5f2d839473-792265236e,REVIEW_REQUIRED,DISCOVERED_ONLY,no machine-readable endpoint established; reachability unknown; licence review required
79b7f9e7f08c313115d4,ckan-data-gov-uk-a0b6dd0b-37f3-4d2a-adcb-fa1cbe650bbb-bcd04cc670,City of York Council,Average Annual Mean Nitrogen Dioxide concentration in Fishergate/Paragon (ug/m3) (Calendar Year),https://data.yorkopendata.org/dataset/a0b6dd0b-37f3-4d2a-adcb-fa1cbe650bbb/resource/6ed446fb-1cfc-446f-8880-9986f021bc18/download/kpi-can027c.csv,machine_service,United Kingdom; verify dataset record,,not supplied by discovery response,MATCHED,nitrogen-dioxide,DIRECT,none_observed,UK Open Government Licence (OGL),yes,yes,no,no,2026-10-05T17:39:09.709092+00:00,reachable_secure,text/csv,75154d9f5186d67a9b5b6a924b407f72a47f41c8bb8cc96a1f7fcb8cbbf342fa,1,ckan-data-gov-uk-a0b6dd0b-37f3-4d2a-adcb-fa1cbe650bbb-bcd04cc670,REVIEW_REQUIRED,CANDIDATE_FOR_TEST,eligible for independent SCC Air Quality test reacquisition
79fa3136234992ed36cc,ckan-data-gov-uk-65f5117d-d511-4cda-9de5-45f268e10b20-691ab8b636,Cornwall Council,Air Quality Management Areas,https://map.cornwall.gov.uk/arcgis/services/inspire/inspire_health/MapServer/WMSServer?request=GetCapabilities&service=WMS,machine_service,United Kingdom; verify dataset record,environmental_health|pollution,not supplied by discovery response,NO_MATCH,,,none_observed,UK Open Government Licence (OGL),unknown,yes,no,no,,,,911c304b662d2bcbca45a07fdd7df6a69a40e39bc85ea25ab945716add3ac480,1,ckan-data-gov-uk-65f5117d-d511-4cda-9de5-45f268e10b20-691ab8b636,REVIEW_REQUIRED,DISCOVERED_ONLY,no governed pollutant/stressor relevance match; reachability unknown
7a71659248aac6390667,ckan-data-gov-uk-93e93be3-cc32-43e3-9930-0e918e0f8c3a-c513495363,Marine Environmental Data & Information Network,CLiP South Africa Microplastics in biota 2019,https://data.cefas.co.uk/view/20476,unknown,United Kingdom; verify dataset record,,not supplied by discovery response,MATCHED,microplastics|particulate-matter,DIRECT|EMERGING_CROSS_MEDIA,none_observed,Not supplied by discovery response; verify the dataset record before reuse,unknown,no,no,no,,,,0ee33ef0d522f60301c6088f16281ad7c023e58c88954cbcf29cce189203a3e9,1,ckan-data-gov-uk-93e93be3-cc32-43e3-9930-0e918e0f8c3a-c513495363,REVIEW_REQUIRED,DISCOVERED_ONLY,no machine-readable endpoint established; reachability unknown; licence review required
7b46c6437c60827c2f90,ckan-data-gov-uk-c679d758-569f-4312-99bf-b80358fd1592-92b342023f,Joint Nature Conservation Committee,Species point records from 1992 SWW Tamar Estuary sublittoral sediment survey,http://data.jncc.gov.uk/data/70a94a6d-f68e-484d-b1bb-db6327810e47-1992-SWW-Tamar-Estuary-sublittoral-sediment-survey.csv,machine_service,United Kingdom; verify dataset record,,not supplied by discovery response,MATCHED,ultrafine-particles,DIRECT,none_observed,UK Open Government Licence (OGL),unknown,yes,no,no,,,,7c78676a5c2f8148c03677705c3399599844f0610abbd95ff1a90314cd66369d,1,ckan-data-gov-uk-c679d758-569f-4312-99bf-b80358fd1592-92b342023f,REVIEW_REQUIRED,DISCOVERED_ONLY,reachability unknown
7bf08c3406088ae02374,ukceh-eidc-catalogue,NERC Environmental Information Data Centre,Environmental Information Data Centre Catalogue,https://catalogue.ceh.ac.uk/eidc/documents,catalogue_landing_page,"United Kingdom and wider research coverage, dataset dependent",biodiversity|climate|ecology|land cover|water,continuous catalogue publication,NO_MATCH,,,none_observed,Dataset-specific; licence and citation requirements are stated on each catalogue record,unknown,no,no,no,,,,fe3ffafcd726971ff7f030abf2d9845d37b8179594ba78fbf522edc5d9a5ba6e,1,ukceh-eidc-catalogue,REVIEW_REQUIRED,DISCOVERED_ONLY,no governed pollutant/stressor relevance match; no machine-readable endpoint established; reachability unknown
7bfbb79135d128fbdc74,ckan-data-gov-uk-ff7d5a0d-54de-47ef-ad39-8376c0527b64-f10df9d8bf,British Geological Survey (BGS),"Indoor particulate matter study (PM10, PM2.5, vacuum dust) at residential homes in North-East England using a citizen-led sampling approach (NERC Grant NE/T004401/1)",https://webapps.bgs.ac.uk/services/ngdc/accessions/index.html#item168129,unknown,United Kingdom; verify dataset record,Air quality|NERC_DDC|Particulate matter|Trace elements|X ray fluorescence spectroscopy,not supplied by discovery response,MATCHED,particulate-matter,DIRECT,none_observed,Not supplied by discovery response; verify the dataset record before reuse,unknown,no,no,no,,,,8188b65520a32c6abcc76a5a2e241cbdc999dade6fd6e2aacf86d1121c3537fe,1,ckan-data-gov-uk-ff7d5a0d-54de-47ef-ad39-8376c0527b64-f10df9d8bf,REVIEW_REQUIRED,DISCOVERED_ONLY,no machine-readable endpoint established; reachability unknown; licence review required
7cb676c0cd61514f9440,ckan-data-gov-uk-224d0b1a-02de-4108-8a58-5612df80d441-8f61340ef4,"Department for Environment, Food and Rural Affairs",FRAME (Fine Resolution Atmospheric Multi-pollutant Exchange),http://pollutantdeposition.defra.gov.uk/frame,unknown,United Kingdom; verify dataset record,,not supplied by discovery response,MATCHED,ammonia-ammonium|atmospheric-deposition|heavy-metals,DIRECT_CROSS_MEDIA|PROCESS_LINK,none_observed,Not supplied by discovery response; verify the dataset record before reuse,unknown,no,no,no,,,,a2e45642af365a69c4529aa37bc99380883fc2e1a7d67ab785dd8b4956e53e48,1,ckan-data-gov-uk-224d0b1a-02de-4108-8a58-5612df80d441-8f61340ef4,REVIEW_REQUIRED,DISCOVERED_ONLY,no machine-readable endpoint established; reachability unknown; licence review required
7cb9506f64c64717140a,ckan-data-gov-uk-04d2fd8f-4187-4927-b000-20deb85cf759-79b00481d2,Marine Environmental Data & Information Network,Micoplastics data from sediment cores collected in the North Sea between 2023 and 2024 and the Celtic Sea during 2023,https://data.cefas.co.uk/view/22311,unknown,United Kingdom; verify dataset record,,not supplied by discovery response,MATCHED,microplastics,EMERGING_CROSS_MEDIA,none_observed,Not supplied by discovery response; verify the dataset record before reuse,unknown,no,no,no,,,,af0479c8c2cacf8d1ed61509a659b718625b3b0cc2991a20f1ff4721c8611925,1,ckan-data-gov-uk-04d2fd8f-4187-4927-b000-20deb85cf759-79b00481d2,REVIEW_REQUIRED,DISCOVERED_ONLY,no machine-readable endpoint established; reachability unknown; licence review required
7ccae4a0a0c1a0d7b765,ckan-data-gov-uk-16b7d9a4-d32f-406c-97ac-adf2ac2b57be-e73a3a3715,Cotswold District Council,Local Air Quality Management Zones,https://cotswold-district-council-datasets-cotswold.hub.arcgis.com/datasets/f9407321c22e43d796a6b1b9c8e93fb4_0/explore?location=51.768929%2C-1.894478%2C12.47,unknown,United Kingdom; verify dataset record,,not supplied by discovery response,NO_MATCH,,,none_observed,UK Open Government Licence (OGL),unknown,no,no,no,,,,40033a52cce019c7591079beeb02445e8914022df9870b08355a6e0fb665f03b,1,ckan-data-gov-uk-16b7d9a4-d32f-406c-97ac-adf2ac2b57be-e73a3a3715,REVIEW_REQUIRED,DISCOVERED_ONLY,no governed pollutant/stressor relevance match; no machine-readable endpoint established; reachability unknown
7ccdbbfd9adaf2575bfd,ckan-data-gov-uk-4ee25552-2759-4b0a-ac9f-68640da0b1d3-46fc5577d2,Marine Environmental Data & Information Network,Predictor variables and sedimentation rate samples used to predict sedimentation rates within the Baltic Sea from 1992 - 2017,https://data.cefas.co.uk/view/20932,unknown,United Kingdom; verify dataset record,,not supplied by discovery response,MATCHED,particulate-matter,DIRECT,none_observed,Not supplied by discovery response; verify the dataset record before reuse,unknown,no,no,no,,,,2e40f951de27985d82c896ac27b6f0281210b723cdcef4836935ca7471da98eb,1,ckan-data-gov-uk-4ee25552-2759-4b0a-ac9f-68640da0b1d3-46fc5577d2,REVIEW_REQUIRED,DISCOVERED_ONLY,no machine-readable endpoint established; reachability unknown; licence review required
7d24f0840b9d385cfbbc,ckan-data-gov-uk-75202f45-622f-4fb7-90f8-d5ed9f6549ec-fd6de196e7,City of York Council,The maximum Nitrogen Dioxide concentration in Lawrence St (ug/m3) (Calendar Year),https://data.yorkopendata.org/dataset/75202f45-622f-4fb7-90f8-d5ed9f6549ec/resource/53385cf8-ab74-4bf1-b12d-2484dda5926d/download/kpi-can028d.csv,machine_service,United Kingdom; verify dataset record,,not supplied by discovery response,MATCHED,nitrogen-dioxide,DIRECT,none_observed,UK Open Government Licence (OGL),yes,yes,no,no,2026-10-05T17:39:11.374063+00:00,reachable_secure,text/csv,f8a9338dd465e6c38f0807e56ad732630594b2c30a3467cd0240f2c7d247177b,1,ckan-data-gov-uk-75202f45-622f-4fb7-90f8-d5ed9f6549ec-fd6de196e7,REVIEW_REQUIRED,CANDIDATE_FOR_TEST,eligible for independent SCC Air Quality test reacquisition
7e6b971db2b409948a41,ckan-data-gov-uk-adc485e0-591e-4f89-9e98-e619d590075c-c5ebc4edce,OpenDataNI,Annex A Mercury Report Report FINAL,https://opendata-daerani.hub.arcgis.com/documents/DAERANI::annex-a-mercury-report-report-final-,unknown,United Kingdom; verify dataset record,contaminated-land|daera|hg|historical-land-use|indsutrial-land-use|mercury|ni|northern-ireland|uk|united-kingdom,not supplied by discovery response,MATCHED,mercury,DIRECT_CROSS_MEDIA,none_observed,UK Open Government Licence (OGL),unknown,no,no,no,,,,14281699922260e7c85924f06f01dc75c1ce5df9e0236a216329eadb417d1018,1,ckan-data-gov-uk-adc485e0-591e-4f89-9e98-e619d590075c-c5ebc4edce,REVIEW_REQUIRED,DISCOVERED_ONLY,no machine-readable endpoint established; reachability unknown
7ec076dde141d3fe3e39,ckan-data-gov-uk-d3486e30-1a8c-4450-b848-7893a09203c0-028421efde,Environmental Information Data Centre,"Sulphur and nitrogen atmospheric Concentration Based Estimated Deposition (CBED) data for the UK, 2019-2021",https://data-package.ceh.ac.uk/sd/3d8bf867-fa2b-4273-b329-62b8f3ebed51.zip,machine_service,United Kingdom; verify dataset record,deposition|nitrogen|sulphur,not supplied by discovery response,MATCHED,atmospheric-deposition|particulate-matter,DIRECT|PROCESS_LINK,none_observed,Not supplied by discovery response; verify the dataset record before reuse,no,yes,no,no,2026-10-05T17:39:17.504835+00:00,transient_network_failure,,74a2d4ce0328741eb3be4869c84fc5a8c28ac68a335179715479846e1c055e39,1,ckan-data-gov-uk-d3486e30-1a8c-4450-b848-7893a09203c0-028421efde,REVIEW_REQUIRED,DISCOVERED_ONLY,reachability no; licence review required
7fa0923d05ea4abaa2a8,ckan-data-gov-uk-6d1b6e00-0370-4cb3-b9e6-03b6607d4e08-9b25c121bf,Reigate and Banstead Borough Council,Air Quality Management Areas,https://reigatebanstead.maps.xmap.cloud/reigatebanstead_public/air_quality_mgmt_areas/wms?request=GetCapabilities,machine_service,United Kingdom; verify dataset record,,not supplied by discovery response,NO_MATCH,,,none_observed,Creative Commons Attribution,unknown,yes,no,no,,,,ff6f114a7201f92d1acc9bbd5e53d47b0bfb6ed651db6e6ed29d9fc4e9c1b134,1,ckan-data-gov-uk-6d1b6e00-0370-4cb3-b9e6-03b6607d4e08-9b25c121bf,REVIEW_REQUIRED,DISCOVERED_ONLY,no governed pollutant/stressor relevance match; reachability unknown
7fa57d9c7d727b1faf38,ckan-data-gov-uk-16558b4a-5d5a-4f92-a568-cf19b5b8d6d9-14051dfef8,Greater London Authority,Analysing Air Pollution Exposure in London,https://www.data.gov.uk/dataset/analysing-air-pollution-exposure-in-london1,catalogue_landing_page,United Kingdom; verify dataset record,NO2|air|air pollution|dioxide|exposure|nitrogen|pollution|schools,not supplied by discovery response,MATCHED,nitrogen-dioxide,DIRECT,none_observed,Not supplied by discovery response; verify the dataset record before reuse,unknown,no,no,no,,,,6cdf5b3125cae323527f7aca01c80398315fc4c258e18f9784ebe59aa091c014,1,ckan-data-gov-uk-16558b4a-5d5a-4f92-a568-cf19b5b8d6d9-14051dfef8,REVIEW_REQUIRED,DISCOVERED_ONLY,no machine-readable endpoint established; reachability unknown; licence review required
80ad311f8d06a8d1689e,ckan-data-gov-uk-e9d26162-93ca-4b56-83a2-f452e9a22457-5fda108be9,Environmental Information Data Centre,Modelled recapture of ammonia by shelterbelt trees in the UK,https://data-package.ceh.ac.uk/sd/83a2a25c-dbb7-4760-ae3d-21904f3dd278.zip,machine_service,United Kingdom; verify dataset record,Environmental Monitoring Facilities|Recapture,not supplied by discovery response,MATCHED,ammonia-ammonium,DIRECT_CROSS_MEDIA,none_observed,Not supplied by discovery response; verify the dataset record before reuse,no,yes,no,no,2026-10-05T17:39:23.510573+00:00,transient_network_failure,,985a5b5fa90848fe3063ae2995a0cad90a77d51816b38282fc248d5c32ccb11d,1,ckan-data-gov-uk-e9d26162-93ca-4b56-83a2-f452e9a22457-5fda108be9,REVIEW_REQUIRED,DISCOVERED_ONLY,reachability no; licence review required
80b5969cdd4c8b649b12,ckan-data-gov-uk-c21521f3-95c4-413e-8d19-fd8fa140287c-aeb64256eb,Natural England,Green Infrastructure Areas for the Black Country (GIBC),http://naturalengland-defra.opendata.arcgis.com/,unknown,United Kingdom; verify dataset record,Habitats and biotopes|environment,not supplied by discovery response,NO_MATCH,,,none_observed,Not supplied by discovery response; verify the dataset record before reuse,unknown,no,no,no,,,,8a491973a2146186a4323d6c7e471ea2185be25a516823430eacd312717bb7d1,1,ckan-data-gov-uk-c21521f3-95c4-413e-8d19-fd8fa140287c-aeb64256eb,REVIEW_REQUIRED,DISCOVERED_ONLY,no governed pollutant/stressor relevance match; no machine-readable endpoint established; reachability unknown; licence review required
811735b181fe158c1e81,ckan-data-gov-uk-948e74e5-f443-406b-8fbe-b3bce8b1682b-39285a996f,South Staffordshire Council,Air Quality Management Areas,https://www.data.gov.uk/dataset/air-quality-management-areas18,catalogue_landing_page,United Kingdom; verify dataset record,,not supplied by discovery response,NO_MATCH,,,none_observed,Not supplied by discovery response; verify the dataset record before reuse,unknown,no,no,no,,,,3911e791abd5641813789a218fbfa1f0d77f416c1ff32c0f07793c264869906d,1,ckan-data-gov-uk-948e74e5-f443-406b-8fbe-b3bce8b1682b-39285a996f,REVIEW_REQUIRED,DISCOVERED_ONLY,no governed pollutant/stressor relevance match; no machine-readable endpoint established; reachability unknown; licence review required
814d2430f4ed0ff90084,ckan-data-gov-uk-6ebdeb79-fae5-4975-80ad-8383f1ea8a1b-4daf18fdc3,Colchester Borough Council,Strategic Arts Grants,http://datashare.colchester.gov.uk/download/council-spending/strategic-arts-grants/dec-2017/XML?version=21%2F12%2F2019,machine_service,United Kingdom; verify dataset record,,not supplied by discovery response,MATCHED,mercury,DIRECT_CROSS_MEDIA,none_observed,UK Open Government Licence (OGL),unknown,yes,no,no,,,,54a81ca6d30a9186a378fabcadfe9d5cc98860005d9653c1c1b8607271fe6305,2,ckan-data-gov-uk-03df96e9-1370-4d97-874e-84c026b83de9-53aee10cdd|ckan-data-gov-uk-6ebdeb79-fae5-4975-80ad-8383f1ea8a1b-4daf18fdc3,REVIEW_REQUIRED,DISCOVERED_ONLY,reachability unknown
81b0bbe8cc82d452258f,ckan-data-gov-uk-8155ca5e-0c13-4f8c-9b2e-e257a821c369-3afc013e7d,British Geological Survey (BGS),The Geochemistry of Fossil Pigment Preservation (NERC grant NE/J023426/1),https://webapps.bgs.ac.uk/services/ngdc/accessions/index.html#item106315,unknown,United Kingdom; verify dataset record,Fossils|Geochemistry|NERC_DDC|Palaeontology|Simulation,not supplied by discovery response,NO_MATCH,,,none_observed,Not supplied by discovery response; verify the dataset record before reuse,unknown,no,no,no,,,,ddf200d6e8a739765b0ccd3390e20257b788f40047e894be6b1f0d4fbc1be25c,1,ckan-data-gov-uk-8155ca5e-0c13-4f8c-9b2e-e257a821c369-3afc013e7d,REVIEW_REQUIRED,DISCOVERED_ONLY,no governed pollutant/stressor relevance match; no machine-readable endpoint established; reachability unknown; licence review required
81fb3839c907d5c78db6,ckan-data-gov-uk-59efcabc-3fd0-4bee-8aab-6eb303dbf13b-ab0c64b060,Environmental Information Data Centre,Soil and plant properties in a mesocosm experiment exposed to both new and aged plastic mulch film,https://data-package.ceh.ac.uk/sd/c2d4f068-e6bb-4613-8c43-e96b0aae25e8.zip,machine_service,United Kingdom; verify dataset record,Habitats and Biotopes|Soil,not supplied by discovery response,MATCHED,microplastics,EMERGING_CROSS_MEDIA,none_observed,Not supplied by discovery response; verify the dataset record before reuse,no,yes,no,no,2026-10-05T17:39:29.653943+00:00,transient_network_failure,,832842008f985c968fce51b2e585025326276e8d075f557bc5cf6589fe57353b,1,ckan-data-gov-uk-59efcabc-3fd0-4bee-8aab-6eb303dbf13b-ab0c64b060,REVIEW_REQUIRED,DISCOVERED_ONLY,reachability no; licence review required
825b3f3fcefa8047c9b8,ckan-data-gov-uk-7c5e9ab9-f523-4381-a088-49a89543909a-6225e18fb9,Marine Environmental Data & Information Network,2013 Natural England Verification Survey of Intertidal Sediments within the Stour and Orwell rMCZ,https://data.gov.uk/dataset/59f64719-5c65-4a07-b219-33ab869e2575/2013-natural-england-verification-survey-of-intertidal-sediments-within-the-stour-and-orwell-rmcz,unknown,United Kingdom; verify dataset record,,not supplied by discovery response,MATCHED,heavy-metals|ultrafine-particles,DIRECT|DIRECT_CROSS_MEDIA,none_observed,Not supplied by discovery response; verify the dataset record before reuse,unknown,no,no,no,,,,429bccc920750dd7dbffdcad9bdc6269a181635cd96580af8e9f821e8d04397a,1,ckan-data-gov-uk-7c5e9ab9-f523-4381-a088-49a89543909a-6225e18fb9,REVIEW_REQUIRED,DISCOVERED_ONLY,no machine-readable endpoint established; reachability unknown; licence review required
8357b3b6170215713444,ckan-data-gov-uk-a90ce365-11ac-4c3b-8656-61ab8e4eb37f-d55ac77675,Gedling Borough Council,Air Quality Monitoring Points,https://open-data-portal-gedling.hub.arcgis.com/api/download/v1/items/464af7a6e8614b1bb85663fe7fd2be0c/shapefile?layers=0,machine_service,United Kingdom; verify dataset record,environment,not supplied by discovery response,NO_MATCH,,,none_observed,Not supplied by discovery response; verify the dataset record before reuse,unknown,yes,no,no,,,,24bc83ab8fc4083324536ced675b54d11349ae383663517252d57bdf1c84d593,1,ckan-data-gov-uk-a90ce365-11ac-4c3b-8656-61ab8e4eb37f-d55ac77675,REVIEW_REQUIRED,DISCOVERED_ONLY,no governed pollutant/stressor relevance match; reachability unknown; licence review required
835a9e514bff7410623f,ckan-data-gov-uk-2c52f7ff-9287-46e9-8e49-894ca553e6e6-e65cc81022,Scottish Government SpatialData.gov.scot,Air Quality Management Areas - City of Edinburgh,https://www.data.gov.uk/dataset/air-quality-management-areas-city-of-edinburgh,catalogue_landing_page,United Kingdom; verify dataset record,Area management/restriction/regulation zones and r|Environmental monitoring facilities|Human health and safety|environmental policy|pollution,not supplied by discovery response,NO_MATCH,,,none_observed,Not supplied by discovery response; verify the dataset record before reuse,unknown,no,no,no,,,,179f6166d957642c893b1ec4c8c7672089e4027ed0bcabf808c89fdbd41cec9d,1,ckan-data-gov-uk-2c52f7ff-9287-46e9-8e49-894ca553e6e6-e65cc81022,REVIEW_REQUIRED,DISCOVERED_ONLY,no governed pollutant/stressor relevance match; no machine-readable endpoint established; reachability unknown; licence review required
839ade4146c868825e65,ckan-data-gov-uk-cfd901f1-253c-41b9-ad05-d2aaadc37a22-09c13391f6,Joint Nature Conservation Committee,Habitat point records from 1990 OPRU Sullom Voe sublittoral monitoring,http://data.jncc.gov.uk/data/363b6cc5-d103-46f3-a795-ae9cbc9e6c49-1990-OPRU-Sullom-Voe-sublittoral-monitoring.csv,machine_service,United Kingdom; verify dataset record,,not supplied by discovery response,MATCHED,volatile-organic-compounds,DIRECT,none_observed,UK Open Government Licence (OGL),unknown,yes,no,no,,,,cc48b3aca4cf3301435532add8712996a0a913ca8d70e0180355ac33753f601b,1,ckan-data-gov-uk-cfd901f1-253c-41b9-ad05-d2aaadc37a22-09c13391f6,REVIEW_REQUIRED,DISCOVERED_ONLY,reachability unknown
85b8d9fef3b708423d0f,ckan-data-gov-uk-f8bb1052-66b6-49ed-a628-214b1c4a8b18-257408e2ea,City of York Council,The maximum Nitrogen Dioxide concentration in Fulford (ug/m3) (Calendar Year),https://data.yorkopendata.org/dataset/f8bb1052-66b6-49ed-a628-214b1c4a8b18/resource/8c8c00bd-04f0-48cb-88ea-f2b5cd4904b5/download/kpi-can028e.csv,machine_service,United Kingdom; verify dataset record,,not supplied by discovery response,MATCHED,nitrogen-dioxide,DIRECT,none_observed,UK Open Government Licence (OGL),yes,yes,no,no,2026-10-05T17:39:31.665919+00:00,reachable_secure,text/csv,7c141c6a04f027a820b02a38fefc45eae8267318965fcd73b5fb5cdaecbe3e02,1,ckan-data-gov-uk-f8bb1052-66b6-49ed-a628-214b1c4a8b18-257408e2ea,REVIEW_REQUIRED,CANDIDATE_FOR_TEST,eligible for independent SCC Air Quality test reacquisition
86a02f31eda4daa6b6b4,ckan-data-gov-uk-d865aa71-326e-4927-b5d8-d37b9a03f616-94d8af4869,Environmental Information Data Centre,"Average Accumulated Exceedance (AAE) of critical loads of acidity and nutrient nitrogen by acid and nitrogen deposition for the UK, 2018-2020",https://data-package.ceh.ac.uk/sd/1f71b91f-32e2-4958-aab0-9baaa4234781.zip,machine_service,United Kingdom; verify dataset record,Atmospheric Conditions|nutrient nitrogen,not supplied by discovery response,MATCHED,ammonia-ammonium|atmospheric-deposition|nitrogen-dioxide,DIRECT|DIRECT_CROSS_MEDIA|PROCESS_LINK,none_observed,Not supplied by discovery response; verify the dataset record before reuse,no,yes,no,no,2026-10-05T17:39:37.793294+00:00,transient_network_failure,,625bb4fa217e28114b6daa271c34551ef967c8d371cff49cc798f5a9b86d0e84,1,ckan-data-gov-uk-d865aa71-326e-4927-b5d8-d37b9a03f616-94d8af4869,REVIEW_REQUIRED,DISCOVERED_ONLY,reachability no; licence review required
8723859df232a72dc44c,ckan-data-gov-uk-1be57744-5355-474f-8cb4-450a4d6bbf02-db4cc9c626,Joint Nature Conservation Committee,Habitat point records from 1990 NRA Essex/Suffolk estuaries littoral survey,http://data.jncc.gov.uk/data/902cf6f1-32fc-4b4f-81ae-2a2921c77904-1990-NRA-Essex-Suffolk-estuaries-littoral-survey.csv,machine_service,United Kingdom; verify dataset record,Habitat|JNCCMNCR10000346|MNCR|Marine|Marine Recorder,not supplied by discovery response,NO_MATCH,,,none_observed,Not supplied by discovery response; verify the dataset record before reuse,unknown,yes,no,no,,,,3c2acc3dd7c06ff019a83864367c5ddb882a63e84e14caf2b73af09ab798fefb,1,ckan-data-gov-uk-1be57744-5355-474f-8cb4-450a4d6bbf02-db4cc9c626,REVIEW_REQUIRED,DISCOVERED_ONLY,no governed pollutant/stressor relevance match; reachability unknown; licence review required
88593f2567a7fd259f76,ckan-data-gov-uk-806e03d2-eef4-4a89-8925-5e246afb8447-ce15099da3,Natural Resources Wales,NH3 Sensitive Ancient Woodlands,https://datamap.gov.wales/capabilities/layer/3513/?ows_service=wms,machine_service,United Kingdom; verify dataset record,ancient woodland (ancient trees) (veteran trees)|coastal lichens,not supplied by discovery response,MATCHED,ammonia-ammonium,DIRECT_CROSS_MEDIA,none_observed,Not supplied by discovery response; verify the dataset record before reuse,yes,yes,no,no,2026-10-05T17:39:40.815255+00:00,reachable_secure,text/xml,1dec7b82dd9cd23cd8612b19baa90f5044d409b2a665e492c51e14e77641efca,1,ckan-data-gov-uk-806e03d2-eef4-4a89-8925-5e246afb8447-ce15099da3,REVIEW_REQUIRED,DISCOVERED_ONLY,licence review required
89692f6a6bcdf403eca5,ckan-data-gov-uk-3c149386-b0ed-4fad-83b4-73ca71c91dec-87afeb5388,Environmental Information Data Centre,"Monthly atmospheric ammonia gas concentration data from Northern Ireland ALPHA® Ammonia Monitoring Network, 2019-2020",https://data-package.ceh.ac.uk/sd/7d380209-9df4-4686-b7ad-de39cca19cce.zip,machine_service,United Kingdom; verify dataset record,ALPHA|Environmental Monitoring Facilities|NH3|Northern Ireland|atmospheric|network,not supplied by discovery response,MATCHED,ammonia-ammonium,DIRECT_CROSS_MEDIA,none_observed,Not supplied by discovery response; verify the dataset record before reuse,no,yes,no,no,2026-10-05T17:39:46.824230+00:00,transient_network_failure,,a07a1d4818c466a0c0b601c42f99afa019ab7348ea50c1d8ec8ebb9164053465,1,ckan-data-gov-uk-3c149386-b0ed-4fad-83b4-73ca71c91dec-87afeb5388,REVIEW_REQUIRED,DISCOVERED_ONLY,reachability no; licence review required
898ad3d4fa938210ecd0,ckan-data-gov-uk-fc298da6-6462-42b0-b8fd-0f3f89168faf-72b0632eb3,London Borough of Hounslow,Air Quality Monitoring Stations,https://www.data.gov.uk/dataset/air-quality-monitoring-stations4,catalogue_landing_page,United Kingdom; verify dataset record,,not supplied by discovery response,MATCHED,nitrogen-dioxide|particulate-matter,DIRECT,none_observed,Not supplied by discovery response; verify the dataset record before reuse,unknown,no,no,no,,,,676b06f6425d19f37162489a8c3a3c8be988d12daa56b8cac76bf7a89a1ceb6f,2,ckan-data-gov-uk-f5256cfb-8a73-4406-a967-4172d69a2115-ff18e26b0a|ckan-data-gov-uk-fc298da6-6462-42b0-b8fd-0f3f89168faf-72b0632eb3,REVIEW_REQUIRED,DISCOVERED_ONLY,no machine-readable endpoint established; reachability unknown; licence review required
8a86f81bad7dd4d3d5dd,ckan-data-gov-uk-ababdf9f-aa86-44a1-a2ff-b7726bed5b9f-238dbb802e,Office for National Statistics,main.Pollution Removal UK Grid Land Centroids,https://services1.arcgis.com/ESMARspQHYMw9BZ9/arcgis/rest/services/Pollution_Removal_2007_2011_2015_2030_GeoPackage/FeatureServer/2,machine_service,United Kingdom; verify dataset record,Environmental Accounts|GeoPackage|PRD_GPCK|Pollution Removal|gpkg,not supplied by discovery response,NO_MATCH,,,none_observed,Not supplied by discovery response; verify the dataset record before reuse,unknown,yes,no,no,,,,6b846c8de119cfadaa9b49dad190a636cc87b0945e40c615505b0202d01ae685,1,ckan-data-gov-uk-ababdf9f-aa86-44a1-a2ff-b7726bed5b9f-238dbb802e,REVIEW_REQUIRED,DISCOVERED_ONLY,no governed pollutant/stressor relevance match; reachability unknown; licence review required
8af57af75314feb1fc49,ckan-data-gov-uk-66445a62-ad99-40d5-a9ad-f05fb4c50aad-0b1795aecb,Environmental Information Data Centre,"Ammonia measurements from passive samplers at Ballynahone Bog field site, Northern Ireland (2018)",https://data-package.ceh.ac.uk/sd/9c87edc2-a9be-4d4c-ae86-827bfeecd20c.zip,machine_service,United Kingdom; verify dataset record,ALPHA sampler|Environmental Monitoring Facilities,not supplied by discovery response,MATCHED,ammonia-ammonium,DIRECT_CROSS_MEDIA,none_observed,Not supplied by discovery response; verify the dataset record before reuse,no,yes,no,no,2026-10-05T17:39:52.834675+00:00,transient_network_failure,,1589e7130fa1f5a357d56fa81ab633f606d49b4120ffa7b2bbe8967359d3aed5,1,ckan-data-gov-uk-66445a62-ad99-40d5-a9ad-f05fb4c50aad-0b1795aecb,REVIEW_REQUIRED,DISCOVERED_ONLY,reachability no; licence review required
8b9a1251eaf0d310506a,ckan-data-gov-uk-194d28ea-8660-4f83-8b1f-3caeec1511d5-acf8334a57,Swale Borough Council,air_quality_management_areas,http://services.maidstone.gov.uk/maps/astun.ishare.web/getows.ashx?mapsource=Maidstone%2FSwale_Inspire&version=1.1.1&request=GetCapabilities&service=WMS,machine_service,United Kingdom; verify dataset record,,not supplied by discovery response,NO_MATCH,,,none_observed,Not supplied by discovery response; verify the dataset record before reuse,unknown,yes,no,no,,,,b4be5c9a465148af0afd963b54fd11372b6e7ddcfc9c74a7b70a73949fbf4089,1,ckan-data-gov-uk-194d28ea-8660-4f83-8b1f-3caeec1511d5-acf8334a57,REVIEW_REQUIRED,DISCOVERED_ONLY,no governed pollutant/stressor relevance match; reachability unknown; licence review required
8bf9d5ba386a3c099b08,ckan-data-gov-uk-21f81534-7264-437c-a34e-5330f7af5e6d-43d7649ed7,British Geological Survey (BGS),UKCCSRC Call 2 Project: Novel Materials and Reforming Processing Route for the Production of Ready-Separated CO2/N2/H2 from Natural Gas Feedstocks,https://ukccs-research.org/,unknown,United Kingdom; verify dataset record,Carbon capture and storage|NERC_DDC,not supplied by discovery response,MATCHED,ammonia-ammonium,DIRECT_CROSS_MEDIA,none_observed,Not supplied by discovery response; verify the dataset record before reuse,unknown,no,no,no,,,,e78cee10a6da26f2e9923fb6a033f8029fff7814124752d468b4ef858ab4664f,1,ckan-data-gov-uk-21f81534-7264-437c-a34e-5330f7af5e6d-43d7649ed7,REVIEW_REQUIRED,DISCOVERED_ONLY,no machine-readable endpoint established; reachability unknown; licence review required
8d0dc5892745acf2a2e3,ckan-data-gov-uk-94452046-4935-4b32-9348-f0c8389d0bd3-aa1a85f737,Salford City Council,Nitrogen Dioxide Diffusion Tube Sites,http://map.salford.gov.uk/geoserver/OpenData/ows?service=wms&version=1.3.0&request=GetCapabilities,machine_service,United Kingdom; verify dataset record,Atmospheric conditions|Environmental monitoring facilities|Human health and safety|air_pollution|air_quality|air_quality_monitoring|monitoring_station|pollutant,not supplied by discovery response,MATCHED,nitrogen-dioxide,DIRECT,none_observed,Not supplied by discovery response; verify the dataset record before reuse,unknown,yes,no,no,,,,3c88261bd62dedfbc85e4322d34f3536f1c44b200d26da98709eed5e3099ba9c,1,ckan-data-gov-uk-94452046-4935-4b32-9348-f0c8389d0bd3-aa1a85f737,REVIEW_REQUIRED,DISCOVERED_ONLY,reachability unknown; licence review required
8d48de24200636dcfeb4,ckan-data-gov-uk-9d90a1e8-918d-41aa-9f58-e94b272a4fd5-99701948dc,Joint Nature Conservation Committee,Species point records from 1987 AWA Breydon Water littoral survey,http://data.jncc.gov.uk/data/a8b72515-46f8-44b0-8a68-e6583815cf49-1987-AWA-Breydon-Water-littoral-survey.csv,machine_service,United Kingdom; verify dataset record,,not supplied by discovery response,MATCHED,mercury,DIRECT_CROSS_MEDIA,none_observed,UK Open Government Licence (OGL),unknown,yes,no,no,,,,a4136c5488b13b705075307b2fd055391d0a9c01247921e537b5c30ddf8e752e,1,ckan-data-gov-uk-9d90a1e8-918d-41aa-9f58-e94b272a4fd5-99701948dc,REVIEW_REQUIRED,DISCOVERED_ONLY,reachability unknown
8db6cf51acd267206f53,ckan-data-gov-uk-1cb6d67a-bf16-4a73-9892-6ce61643bebe-d820fe5297,Environmental Information Data Centre,Average Accumulated Exceedance (AAE) of critical loads of acidity and nutrient nitrogen by acid and nitrogen deposition for 2013-15,https://data-package.ceh.ac.uk/sd/e32745d2-fb56-4f91-a235-6b213a8b45cb.zip,machine_service,United Kingdom; verify dataset record,Atmospheric Conditions,not supplied by discovery response,MATCHED,ammonia-ammonium|atmospheric-deposition|nitrogen-dioxide,DIRECT|DIRECT_CROSS_MEDIA|PROCESS_LINK,none_observed,Not supplied by discovery response; verify the dataset record before reuse,no,yes,no,no,2026-10-05T17:39:58.847272+00:00,transient_network_failure,,fa585a82c48b7b0c03e9699be7acc1addca0ca7ff9d210594e179201add81d67,1,ckan-data-gov-uk-1cb6d67a-bf16-4a73-9892-6ce61643bebe-d820fe5297,REVIEW_REQUIRED,DISCOVERED_ONLY,reachability no; licence review required
8eb101e9b0c7e8a8f613,ckan-data-gov-uk-f4ef6a48-882b-4b04-bc44-4fb1ed63715d-7588d10653,British Geological Survey (BGS),"Do palaeogene marine sediments in the Andaman Flysch, Sylhet Trough and Iranian Makran record early erosion of the Himalayas?",https://www.bgs.ac.uk/,unknown,United Kingdom; verify dataset record,Earth sciences|NERC_DDC|Sedimentary geology,not supplied by discovery response,NO_MATCH,,,none_observed,Not supplied by discovery response; verify the dataset record before reuse,unknown,no,no,no,,,,fdd2ca384532ace8998b99424ae9a43193090f31693a681a143292f28ebff79a,1,ckan-data-gov-uk-f4ef6a48-882b-4b04-bc44-4fb1ed63715d-7588d10653,REVIEW_REQUIRED,DISCOVERED_ONLY,no governed pollutant/stressor relevance match; no machine-readable endpoint established; reachability unknown; licence review required
8edf092372be2607b3b3,ckan-data-gov-uk-3622747e-31ca-48aa-a42d-be5ab98e0358-9ef29eb5ba,Tandridge District Council,Air Quality Units,https://tdcmaps.tandridge.gov.uk/arcgis/services/tandridge_inspire_wms/MapServer/WMSServer?request=GetCapabilities&service=WMS,machine_service,United Kingdom; verify dataset record,Environmental monitoring facilities|air_quality|air_quality_monitoring|infoFeatureAccessService,not supplied by discovery response,NO_MATCH,,,none_observed,Not supplied by discovery response; verify the dataset record before reuse,unknown,yes,no,no,,,,9b44438783a790e7ba97346307284de2df191d1c102a52e8dd060df6729eb35f,1,ckan-data-gov-uk-3622747e-31ca-48aa-a42d-be5ab98e0358-9ef29eb5ba,REVIEW_REQUIRED,DISCOVERED_ONLY,no governed pollutant/stressor relevance match; reachability unknown; licence review required
8efec5a780d101d85f94,ckan-data-gov-uk-af1a51de-be6c-4d89-99f7-ead536661654-ebb29568d5,North East Lincolnshire Council,Air Quality Monitors,https://www.data.gov.uk/dataset/air-quality-monitors,catalogue_landing_page,United Kingdom; verify dataset record,,not supplied by discovery response,NO_MATCH,,,none_observed,Not supplied by discovery response; verify the dataset record before reuse,unknown,no,no,no,,,,44ef3fbad3680ae2b853b3ad4292c24b824749531e0c470d5a934774c62f228b,1,ckan-data-gov-uk-af1a51de-be6c-4d89-99f7-ead536661654-ebb29568d5,REVIEW_REQUIRED,DISCOVERED_ONLY,no governed pollutant/stressor relevance match; no machine-readable endpoint established; reachability unknown; licence review required
8f6e417e9eb91a8c4489,ckan-data-gov-uk-4a41bca5-813d-4e10-96fb-4a2402efab88-810043dbd1,Bath and North East Somerset Council,AQMA Saltford,http://feeds.getmapping.com/31781.wmsx?service=wms&version=1.3.0&request=getcapabilities&login=94aec7b1-9ab6-4950-fdb7-a33cd85c1ba3&password=REDACTED,machine_service,United Kingdom; verify dataset record,,not supplied by discovery response,MATCHED,nitrogen-dioxide,DIRECT,redacted_or_required,Not supplied by discovery response; verify the dataset record before reuse,unknown,yes,no,no,,,,20e5d9d67419eb229ecb47b715bd1883b4d47b2f1a22d39f353e9514deef39e2,1,ckan-data-gov-uk-4a41bca5-813d-4e10-96fb-4a2402efab88-810043dbd1,REVIEW_REQUIRED,DISCOVERED_ONLY,reachability unknown; licence review required; authentication redacted_or_required
8fbedbcad9ba1628ffac,ckan-data-gov-uk-fc53c6c4-86a4-4cda-974e-4ee1544bdce0-bdd611ab2f,British Geological Survey (BGS),"IODP Survey of the ""Shackleton sites"" on the Southwest Iberian Margin NERC grant NE/J00653X/1",https://www.bodc.ac.uk/data/information_and_inventories/cruise_inventory/report/13392/,unknown,United Kingdom; verify dataset record,NERC_DDC,not supplied by discovery response,NO_MATCH,,,none_observed,Not supplied by discovery response; verify the dataset record before reuse,unknown,no,no,no,,,,413d590d208a98f2e4e11aeacd98005b9abceb1e10b40dce3d0a349cfc6162f4,1,ckan-data-gov-uk-fc53c6c4-86a4-4cda-974e-4ee1544bdce0-bdd611ab2f,REVIEW_REQUIRED,DISCOVERED_ONLY,no governed pollutant/stressor relevance match; no machine-readable endpoint established; reachability unknown; licence review required
8fc628e2367dc2077551,ckan-data-gov-uk-a4cbac6f-ff85-4320-a8c6-7763aa5e0556-787c4ae383,Environmental Information Data Centre,European Monitoring and Evaluation Program Model for the UK (EMEP4UK) daily atmospheric composition for 2002-2021,https://data-package.ceh.ac.uk/sd/ca302d30-7b8b-46ec-90b6-67b79df00c92.zip,machine_service,United Kingdom; verify dataset record,Atmospheric Conditions|EMEP|EMEP4UK|European Monitoring and Evaluation Programme|HNO3|NH3|NO2|NOx|Nitric Acid|O3|Oxides of nitrogen|PM10|PM2.5|SO2|Sulphate particulate|UK-SCAPE|VOC,not supplied by discovery response,MATCHED,acid-gas-aerosol|ammonia-ammonium|atmospheric-deposition|black-carbon|nitrogen-dioxide|particulate-matter|volatile-organic-compounds,DIRECT|DIRECT_CROSS_MEDIA|PROCESS_LINK,none_observed,Not supplied by discovery response; verify the dataset record before reuse,no,yes,no,no,2026-10-05T17:40:04.858328+00:00,transient_network_failure,,44fd248f92d4498958327bd65b9e431af14a80b8775b90ccbb7d8ea8f7d61dad,1,ckan-data-gov-uk-a4cbac6f-ff85-4320-a8c6-7763aa5e0556-787c4ae383,REVIEW_REQUIRED,DISCOVERED_ONLY,reachability no; licence review required
8fda8e09f3a309b4fc82,ckan-data-gov-uk-4df3b8c1-0873-4ef0-a800-45112f3aea30-028cabfa66,City of York Council,Air Quality Diffusion Tubes,https://opendata.arcgis.com/datasets/d30396f5dba34f48a7205bb4db765c07_20.kml,machine_service,United Kingdom; verify dataset record,,not supplied by discovery response,MATCHED,nitrogen-dioxide,DIRECT,none_observed,UK Open Government Licence (OGL),no,yes,no,no,2026-10-05T17:40:07.116886+00:00,network_failure,,ddd865bd0cc5656e033700f5ea8009f5df72a1765b2d7630f8524e396a81b5cd,1,ckan-data-gov-uk-4df3b8c1-0873-4ef0-a800-45112f3aea30-028cabfa66,REVIEW_REQUIRED,DISCOVERED_ONLY,reachability no
90895be907f7cfdd2549,ckan-data-gov-uk-c78a2fd2-ff2b-4b52-891b-62e9dba2e98e-1432153fec,London Borough of Camden,Camden Air Quality Monitoring,https://www.data.gov.uk/dataset/camden-air-quality-monitoring1,catalogue_landing_page,United Kingdom; verify dataset record,air quality|environment|health|pollution|public health|sustianability|wellbeing,not supplied by discovery response,NO_MATCH,,,none_observed,Not supplied by discovery response; verify the dataset record before reuse,unknown,no,no,no,,,,87010deef7b8ca5d36a403199e2f2004a7b229e1d186147aa916c4de3bbd8999,1,ckan-data-gov-uk-c78a2fd2-ff2b-4b52-891b-62e9dba2e98e-1432153fec,REVIEW_REQUIRED,DISCOVERED_ONLY,no governed pollutant/stressor relevance match; no machine-readable endpoint established; reachability unknown; licence review required
910901b2b95eb4087b58,ckan-data-gov-uk-68cf1850-e309-47b5-9181-943ec4d73489-86fd51230a,London Borough of Barnet,Barnet Homes - Fire Risk Assessments,https://www.data.gov.uk/dataset/barnet-homes-fire-risk-assessments,catalogue_landing_page,United Kingdom; verify dataset record,Fire Risk Assessments|Fire Safety,not supplied by discovery response,NO_MATCH,,,none_observed,Not supplied by discovery response; verify the dataset record before reuse,unknown,no,no,no,,,,0449857801b555b6462d548b713df4b1d0a31a6f121906c9a119cc9adf4f1d19,1,ckan-data-gov-uk-68cf1850-e309-47b5-9181-943ec4d73489-86fd51230a,REVIEW_REQUIRED,DISCOVERED_ONLY,no governed pollutant/stressor relevance match; no machine-readable endpoint established; reachability unknown; licence review required
912d743161de4ab6bb5d,ckan-data-gov-uk-f36dd630-e3bb-4177-aff4-ad108281a5bc-c697b199f5,Oldham Council,Air Quality Management Areas,https://www.data.gov.uk/dataset/air-quality-management-areas13,catalogue_landing_page,United Kingdom; verify dataset record,,not supplied by discovery response,NO_MATCH,,,none_observed,Not supplied by discovery response; verify the dataset record before reuse,unknown,no,no,no,,,,39ac418a075353ce33af1df133d834968f85eb64e0fbe0edc711dbd3411098ab,1,ckan-data-gov-uk-f36dd630-e3bb-4177-aff4-ad108281a5bc-c697b199f5,REVIEW_REQUIRED,DISCOVERED_ONLY,no governed pollutant/stressor relevance match; no machine-readable endpoint established; reachability unknown; licence review required
912d79cf31010fdf0f10,ckan-data-gov-uk-3b437291-ac15-4254-90d4-295c84c70dea-bde8f50a34,British Geological Survey (BGS),UKCCSRC Call 1 Project: Chemical looping for low-cost oxygen production and other applications,https://ukccs-research.org/,unknown,United Kingdom; verify dataset record,Carbon capture and storage|NERC_DDC,not supplied by discovery response,MATCHED,particulate-matter,DIRECT,none_observed,Not supplied by discovery response; verify the dataset record before reuse,unknown,no,no,no,,,,bdfaf6242fa9ba44fff79c30763781b08efd5c31db659eca24825848a00ec591,1,ckan-data-gov-uk-3b437291-ac15-4254-90d4-295c84c70dea-bde8f50a34,REVIEW_REQUIRED,DISCOVERED_ONLY,no machine-readable endpoint established; reachability unknown; licence review required
921056347b48b24f2316,ckan-data-gov-uk-23c58d58-28cb-4e31-823c-fc30f24a3cb4-29502da34b,Marine Environmental Data & Information Network,South Asian Nitrogen Hub Regional Marine Biogeochemistry Model Under Various Scenario Conditions,https://www.bodc.ac.uk/data/published_data_library/catalogue/10.5285/2ee601a2-911c-822d-e063-7086abc0fe93/,unknown,United Kingdom; verify dataset record,,not supplied by discovery response,MATCHED,atmospheric-deposition,PROCESS_LINK,none_observed,Not supplied by discovery response; verify the dataset record before reuse,unknown,no,no,no,,,,3284b59b3d56742eedfa05bb8e4b59e1bd72d778d81479fd4f8544259203b7bb,1,ckan-data-gov-uk-23c58d58-28cb-4e31-823c-fc30f24a3cb4-29502da34b,REVIEW_REQUIRED,DISCOVERED_ONLY,no machine-readable endpoint established; reachability unknown; licence review required
930be01e60929df00a48,ckan-data-gov-uk-211d1057-b794-45a7-9ac0-ac7e8c17127e-a6841c9cc7,"Department for Environment, Food and Rural Affairs",Emissions of air pollutants,https://www.gov.uk/government/statistics/emissions-of-air-pollutants,unknown,United Kingdom; verify dataset record,,not supplied by discovery response,MATCHED,ammonia-ammonium|nitrogen-dioxide|particulate-matter|volatile-organic-compounds,DIRECT|DIRECT_CROSS_MEDIA,none_observed,UK Open Government Licence (OGL),unknown,no,no,no,,,,348e8e91c1a9a5336060bad87cdc6e4508708b9403fee2198622dc2c268e76df,1,ckan-data-gov-uk-211d1057-b794-45a7-9ac0-ac7e8c17127e-a6841c9cc7,REVIEW_REQUIRED,DISCOVERED_ONLY,no machine-readable endpoint established; reachability unknown
93307c0c2e29eb7eec7c,ckan-data-gov-uk-ec3b6c16-3969-474d-a469-6b5f214eddbc-f98912acec,Environment Agency,Sensitive Areas - Eutrophic Rivers,https://environment.data.gov.uk/api/file/download?fileDataSetId=a506fa65-056d-4340-9757-a280e65413a6&fileName=Sensitive_Areas_Eutrophic_Rivers.shp.zip,machine_service,United Kingdom; verify dataset record,biota|coastal pollution|environment|eutrophication|inlandWaters|lake pollution|river pollution|sensitive area|sensitive environment|waste water|water pollution|water quality,not supplied by discovery response,NO_MATCH,,,none_observed,Not supplied by discovery response; verify the dataset record before reuse,unknown,yes,no,no,,,,d0d94ea479a3f6e1086fa07df16cbdc183dbff4c28df4162091c91b5aa57f6fe,1,ckan-data-gov-uk-ec3b6c16-3969-474d-a469-6b5f214eddbc-f98912acec,REVIEW_REQUIRED,DISCOVERED_ONLY,no governed pollutant/stressor relevance match; reachability unknown; licence review required
93bd132ddf2ae53f6b0a,ckan-data-gov-uk-b454fe1f-ef4c-4633-b20e-56f4a49cda01-2f558cc34d,Scottish Government SpatialData.gov.scot,SPRI_Waste_Transfers,http://map.sepa.org.uk/atom/SEPA_SPRI_Waste_Transfers.atom,machine_service,United Kingdom; verify dataset record,Environmental monitoring facilities|SPRI|air|discharge|emmisions|environment|natural environment|waste|water,not supplied by discovery response,NO_MATCH,,,none_observed,Not supplied by discovery response; verify the dataset record before reuse,unknown,yes,no,no,,,,5b4ba0f649ed0ce8d88fd8abde24b0f3bfbe3c9e645084e7f09092d61fcbcff9,1,ckan-data-gov-uk-b454fe1f-ef4c-4633-b20e-56f4a49cda01-2f558cc34d,REVIEW_REQUIRED,DISCOVERED_ONLY,no governed pollutant/stressor relevance match; reachability unknown; licence review required
9443f41bb88e2c57ecf3,ckan-data-gov-uk-c8625e18-c329-4032-b4c7-444b33af6780-046aa0b218,Environment Agency,Environmental Pollution Incidents (Category 1 and 2),https://environment.data.gov.uk/api/file/download?fileDataSetId=a5a11813-517a-478b-be89-4acdf2c1f105&fileName=Environmental_Pollution_Incidents.zip,machine_service,United Kingdom; verify dataset record,climatologyMeteorologyAtmosphere|environment|incident|inlandWaters|pollution|pollution incidents,not supplied by discovery response,NO_MATCH,,,none_observed,Not supplied by discovery response; verify the dataset record before reuse,unknown,yes,no,no,,,,2d7527ddf14a344940ad74490b86bd75d1f2710b1659ca2f4d6ba403d794c55b,1,ckan-data-gov-uk-c8625e18-c329-4032-b4c7-444b33af6780-046aa0b218,REVIEW_REQUIRED,DISCOVERED_ONLY,no governed pollutant/stressor relevance match; reachability unknown; licence review required
945e5cf2f9c437e0d6fd,ckan-data-gov-uk-63bf699c-61f2-40af-8f4d-8586712cb61d-1cc8215d30,British Geological Survey (BGS),QICS Paper: Response of the ammonia oxidation activity of microorganisms in surface sediment to a controlled sub-seabed release of CO2,https://www.sciencedirect.com/science/article/pii/S1750583614003491,unknown,United Kingdom; verify dataset record,Carbon capture and storage|NERC_DDC,not supplied by discovery response,MATCHED,ammonia-ammonium,DIRECT_CROSS_MEDIA,none_observed,Not supplied by discovery response; verify the dataset record before reuse,unknown,no,no,no,,,,64bd7bf4871e88c572e10a11c79262063daaab943aa63266100b28252378f633,1,ckan-data-gov-uk-63bf699c-61f2-40af-8f4d-8586712cb61d-1cc8215d30,REVIEW_REQUIRED,DISCOVERED_ONLY,no machine-readable endpoint established; reachability unknown; licence review required
947c3206c3de247a4a52,ckan-data-gov-uk-f985e3b4-2347-4d00-9dc4-78e97c7e4003-27902a4a21,Epsom and Ewell Borough Council,Air Quality Monitoring Sites,https://maps.epsom-ewell.gov.uk/getOWS.ashx?MapSource=EEBC%2Finspire&service=WMS&version=1.3&request=GetCapabilities,machine_service,United Kingdom; verify dataset record,human_exposure_to_pollutants,not supplied by discovery response,NO_MATCH,,,none_observed,Not supplied by discovery response; verify the dataset record before reuse,unknown,yes,no,no,,,,e6095febe42765db169450b4aef601335d6ec34b91deb1196f1ae47ef415f952,1,ckan-data-gov-uk-f985e3b4-2347-4d00-9dc4-78e97c7e4003-27902a4a21,REVIEW_REQUIRED,DISCOVERED_ONLY,no governed pollutant/stressor relevance match; reachability unknown; licence review required
94a17d5e5835dcca169c,ckan-data-gov-uk-be10fe8d-807e-4734-93c5-84b085d4d598-643fbd82f6,Environmental Information Data Centre,Ammonia measurements from passive samplers at Ballynahone Bog field site (2014-2017),https://data-package.ceh.ac.uk/sd/245f0abf-b7fd-4573-9dde-d6eee4d006a7.zip,machine_service,United Kingdom; verify dataset record,ALPHA sampler|Environmental Monitoring Facilities,not supplied by discovery response,MATCHED,ammonia-ammonium,DIRECT_CROSS_MEDIA,none_observed,Not supplied by discovery response; verify the dataset record before reuse,no,yes,no,no,2026-10-05T17:40:13.129228+00:00,transient_network_failure,,2950d991fe2ed453f85b305e51c1f2b1ef74cb63f5928b1c54a29113e2472964,1,ckan-data-gov-uk-be10fe8d-807e-4734-93c5-84b085d4d598-643fbd82f6,REVIEW_REQUIRED,DISCOVERED_ONLY,reachability no; licence review required
951d38a31c3b04789d67,ckan-data-gov-uk-11fa0392-ef4d-4850-9785-1506448f5dd2-75f602c818,Environmental Information Data Centre,"Nitrogen deposition in the UK at 1km resolution, 1990-2017",https://data-package.ceh.ac.uk/sd/9b203324-6b37-4e91-b028-e073b197fb9f.zip,machine_service,United Kingdom; verify dataset record,Atmosphere|Atmospheric Conditions|Emissions|Environmental Monitoring Facilities|United Kingdom,not supplied by discovery response,MATCHED,atmospheric-deposition,PROCESS_LINK,none_observed,Not supplied by discovery response; verify the dataset record before reuse,unknown,yes,no,no,,,,d1a555eb513341280d7444cb93a154f79c208823ac050f103081f2b3cffea62c,1,ckan-data-gov-uk-11fa0392-ef4d-4850-9785-1506448f5dd2-75f602c818,REVIEW_REQUIRED,DISCOVERED_ONLY,reachability unknown; licence review required
95639d7b2e17d38fa279,ckan-data-gov-uk-d6eefde6-6832-4389-a73a-f51a3870f204-1d10c76639,Environmental Information Data Centre,Trace metals in soils in the West Bristol (Avonmouth) area,https://data-package.ceh.ac.uk/sd/53f1a4b0-8fa7-4b84-b5fe-28117918560a.zip,machine_service,United Kingdom; verify dataset record,Avonmouth|Bristol|Plant tissue|Soil|south-west England,not supplied by discovery response,MATCHED,heavy-metals|mercury,DIRECT_CROSS_MEDIA,none_observed,Not supplied by discovery response; verify the dataset record before reuse,unknown,yes,no,no,,,,293410331083ecb4df95e93aed1b0d87b3bc2859814ea5dd392862bd34bb6304,1,ckan-data-gov-uk-d6eefde6-6832-4389-a73a-f51a3870f204-1d10c76639,REVIEW_REQUIRED,DISCOVERED_ONLY,reachability unknown; licence review required
96633cdb762068a26903,ckan-data-gov-uk-4e19a64e-354c-4d77-a53f-759a3c39eea6-603e33fa76,Environmental Information Data Centre,"WMS for sulphur and nitrogen atmospheric Concentration Based Estimated Deposition (CBED), 2011-2013",https://catalogue.ceh.ac.uk/maps/ab7216df-6a37-468a-be41-2362bd487639?request=getCapabilities&service=WMS&cache=false,machine_service,United Kingdom; verify dataset record,Atmospheric Conditions|Concentration Based Estimated Deposition (CBED)|base cations|deposition|nitrogen|pollutant|sulphur,not supplied by discovery response,MATCHED,ammonia-ammonium|atmospheric-deposition|nitrogen-dioxide|particulate-matter,DIRECT|DIRECT_CROSS_MEDIA|PROCESS_LINK,none_observed,Not supplied by discovery response; verify the dataset record before reuse,unknown,yes,no,no,,,,216c3e79f2e2d2baa0f81fb79841915bc505f18204bd8ffb9cf8b6e4875b3545,1,ckan-data-gov-uk-4e19a64e-354c-4d77-a53f-759a3c39eea6-603e33fa76,REVIEW_REQUIRED,DISCOVERED_ONLY,reachability unknown; licence review required
972c5a45b59083a517d5,ckan-data-gov-uk-a46c211a-7ee5-4b83-a59b-51e9ee8dac68-129e41353c,British Geological Survey (BGS),2000 Strategic Environmental Assessment SEA1. Heavy metals analysis for samples from Charles Darwin Cruise 123 (Faroe Shetland Channel),http://www.bgs.ac.uk/data/sea/home.html,unknown,United Kingdom; verify dataset record,Geology,not supplied by discovery response,MATCHED,heavy-metals,DIRECT_CROSS_MEDIA,none_observed,Not supplied by discovery response; verify the dataset record before reuse,unknown,no,no,no,,,,60f138d96c005c2b3df357859f28e49a71ab34fadf96cbd81356fe3e8212df66,1,ckan-data-gov-uk-a46c211a-7ee5-4b83-a59b-51e9ee8dac68-129e41353c,REVIEW_REQUIRED,DISCOVERED_ONLY,no machine-readable endpoint established; reachability unknown; licence review required
979a507e81f784adb2fe,ckan-data-gov-uk-1985068d-d82d-4440-85f8-c9ab41c81640-5bf54f860c,Environmental Information Data Centre,"Passive sampler ammonia measurements indoors and outdoors at a rural dwelling in South Lanarkshire, 2022",https://data-package.ceh.ac.uk/sd/122e87db-7269-4d6a-bc99-9a826fda3885.zip,machine_service,United Kingdom; verify dataset record,Ammonia monitoring|Atmospheric Conditions|Passive sampler|Rural dwelling,not supplied by discovery response,MATCHED,ammonia-ammonium,DIRECT_CROSS_MEDIA,none_observed,Not supplied by discovery response; verify the dataset record before reuse,unknown,yes,no,no,,,,c940da119dd0279576610718b264539f03605b6aad2ea707276aff679466d0d5,1,ckan-data-gov-uk-1985068d-d82d-4440-85f8-c9ab41c81640-5bf54f860c,REVIEW_REQUIRED,DISCOVERED_ONLY,reachability unknown; licence review required
979d694e9a2dc7add38e,ckan-data-gov-uk-49d931dc-0da1-4db6-900f-13e261f21e52-8e49bccfc9,Marine Environmental Data & Information Network,"Perfluoroalkyl substances (PFAS) concentration data, estuarine fish samples from September to November 2020",https://data.cefas.co.uk/view/21478,unknown,United Kingdom; verify dataset record,,not supplied by discovery response,MATCHED,pfas,EMERGING_CROSS_MEDIA,none_observed,Not supplied by discovery response; verify the dataset record before reuse,unknown,no,no,no,,,,572779d1b04ead12e45a9e2da10625cd92ed03476ad912b7ef0896e038a9f7cd,1,ckan-data-gov-uk-49d931dc-0da1-4db6-900f-13e261f21e52-8e49bccfc9,REVIEW_REQUIRED,DISCOVERED_ONLY,no machine-readable endpoint established; reachability unknown; licence review required
9807c4f32941a839f41b,ckan-data-gov-uk-ed933d2a-fb1e-4d0d-904b-778da93d5a0d-d801df5679,Joint Nature Conservation Committee,Habitat point records from 1985 OPRU HRE Fal Estuary survey,http://data.jncc.gov.uk/data/17e3ea04-061f-49e7-b4e6-7bfd5ea1fe86-1985-OPRU-HRE-Fal-Estuary-survey.csv,machine_service,United Kingdom; verify dataset record,,not supplied by discovery response,NO_MATCH,,,none_observed,UK Open Government Licence (OGL),unknown,yes,no,no,,,,420c8689d6d404b66b9ca649ba9353fc2007936e5ccfda23657c16233b52b0df,1,ckan-data-gov-uk-ed933d2a-fb1e-4d0d-904b-778da93d5a0d-d801df5679,REVIEW_REQUIRED,DISCOVERED_ONLY,no governed pollutant/stressor relevance match; reachability unknown
995924875042c082ef71,ckan-data-gov-uk-a7987218-7f6c-49f1-a0b5-cc790230cf81-23bd8bb067,British Geological Survey (BGS),Laser ablation trace element analyses of rutile and apatite grains from the Zambian Copperbelt,https://webapps.bgs.ac.uk/services/ngdc/accessions/index.html#item189928,unknown,United Kingdom; verify dataset record,Copper deposits|Lasers|NERC_DDC|Rutile|Trace elements,not supplied by discovery response,MATCHED,heavy-metals,DIRECT_CROSS_MEDIA,none_observed,Not supplied by discovery response; verify the dataset record before reuse,unknown,no,no,no,,,,02b8dd7db54b518b1fcf98bd1e5eceb2608e09d66b7d34ba164b2e31907bcf44,1,ckan-data-gov-uk-a7987218-7f6c-49f1-a0b5-cc790230cf81-23bd8bb067,REVIEW_REQUIRED,DISCOVERED_ONLY,no machine-readable endpoint established; reachability unknown; licence review required
9a966db69a6d6e71567d,ckan-data-gov-uk-2313a99b-4eda-4a26-9337-db042001482e-089114474e,Environmental Information Data Centre,Deposition and concentration values for protected sites in the UK (2014-2016),https://data-package.ceh.ac.uk/sd/735dd995-333c-4b02-8fb1-287b7b2cefdf.zip,machine_service,United Kingdom; verify dataset record,Protected Sites,not supplied by discovery response,MATCHED,ammonia-ammonium,DIRECT_CROSS_MEDIA,none_observed,Not supplied by discovery response; verify the dataset record before reuse,unknown,yes,no,no,,,,516a612c0cbd580a8e29be26a2717c52302386108918d1b7d4806ca9b5f8be45,1,ckan-data-gov-uk-2313a99b-4eda-4a26-9337-db042001482e-089114474e,REVIEW_REQUIRED,DISCOVERED_ONLY,reachability unknown; licence review required
9b192d07042448f336d0,ckan-data-gov-uk-9c9df92f-8e6f-41ed-bc52-b5602e9f3c9f-29ae9ca784,Environmental Information Data Centre,Nitrous oxide emissions from Whim peatbog after thirteen years of experimental nitrogen deposition,https://data-package.ceh.ac.uk/sd/7c1dd26a-5df5-4b90-854b-70d0d97eb78a.zip,machine_service,United Kingdom; verify dataset record,Environmental Monitoring Facilities|NERC Global Nitrogen Enrichment (GaNE) programme|Scotland|UK-SCAPE|Whim peatbog|nitrous oxide,not supplied by discovery response,MATCHED,ammonia-ammonium,DIRECT_CROSS_MEDIA,none_observed,Not supplied by discovery response; verify the dataset record before reuse,unknown,yes,no,no,,,,d8a59d2b2d8358ba664c9e7188aec2ab7b89a85e6815a10ee21d622693e47f69,1,ckan-data-gov-uk-9c9df92f-8e6f-41ed-bc52-b5602e9f3c9f-29ae9ca784,REVIEW_REQUIRED,DISCOVERED_ONLY,reachability unknown; licence review required
9c757b25c1ad1118157b,ckan-data-gov-uk-f514801a-495b-494b-a3b7-da36225168cf-08c5488934,Environmental Information Data Centre,Soil dates using 210Pb in profiles from permafrost in subarctic Canada,https://data-package.ceh.ac.uk/sd/3b22fba5-8429-4fdc-849c-b4c248ea744d.zip,machine_service,United Kingdom; verify dataset record,210Pb|Lead dating|Peatland plateu|Permafrost|Thawing peatland|lead-210,not supplied by discovery response,MATCHED,heavy-metals,DIRECT_CROSS_MEDIA,none_observed,Not supplied by discovery response; verify the dataset record before reuse,unknown,yes,no,no,,,,c474f44741d836e792b991ddeb1cb0253d754f79dca5f2cef1162bd6bfea25c9,1,ckan-data-gov-uk-f514801a-495b-494b-a3b7-da36225168cf-08c5488934,REVIEW_REQUIRED,DISCOVERED_ONLY,reachability unknown; licence review required
9c9c3118ad2296e76da8,ckan-data-gov-uk-0bb83115-f8ca-4399-a18e-b2f3a6ec3cd5-1d295da61b,Greater London Authority,London Atmospheric Emissions Inventory (LAEI) 2008 Concentration Maps,https://www.data.gov.uk/dataset/london-atmospheric-emissions-inventory-laei-2008-concentration-maps1,catalogue_landing_page,United Kingdom; verify dataset record,air-pollution|concentration|laei|nitrogen-dioxide|particulate-matter,not supplied by discovery response,NO_MATCH,,,none_observed,Not supplied by discovery response; verify the dataset record before reuse,unknown,no,no,no,,,,5be8fccb0c1db0e380ba6ac0f59b1dc630fc264b39a5e850677e543aaffc4b03,1,ckan-data-gov-uk-0bb83115-f8ca-4399-a18e-b2f3a6ec3cd5-1d295da61b,REVIEW_REQUIRED,DISCOVERED_ONLY,no governed pollutant/stressor relevance match; no machine-readable endpoint established; reachability unknown; licence review required
9cb1367bf09b0ab26cb1,ckan-data-gov-uk-872c0568-629f-47f5-aa4e-3818ec8fa4ac-e83a7332f0,Environmental Information Data Centre,"Field measurements of peatland carbon cycling at a wind farm hosting peatland in Scotland, UK",https://data-package.ceh.ac.uk/sd/99416ba1-b670-4a82-8225-9644293fb4de.zip,machine_service,United Kingdom; verify dataset record,Black Law Wind Farm|Lanarkshire|Phospholipid Fatty Acids|Plant properties|Soil|belowground temperature|carbon to nitrogen ratio|ecosystem respiration|methane flux|net ecosystem exchange|nitrogen stock|pH|peatland carbon cycling|physical parameters|soil microbial community composition|total carbon content,not supplied by discovery response,NO_MATCH,,,none_observed,Not supplied by discovery response; verify the dataset record before reuse,unknown,yes,no,no,,,,be7e2b823813dea88e6cd617bd5e5a5b8b96171a1c02057e9fbf9e362bb96c7f,1,ckan-data-gov-uk-872c0568-629f-47f5-aa4e-3818ec8fa4ac-e83a7332f0,REVIEW_REQUIRED,DISCOVERED_ONLY,no governed pollutant/stressor relevance match; reachability unknown; licence review required
9cbcd0d54c5ab9142572,ckan-data-gov-uk-1877bf85-f912-4b1c-9fab-9c00256fcc54-101d659948,Forest of Dean District Council,Air Quality Management Areas,https://www.data.gov.uk/dataset/air-quality-management-areas15,catalogue_landing_page,United Kingdom; verify dataset record,,not supplied by discovery response,NO_MATCH,,,none_observed,Not supplied by discovery response; verify the dataset record before reuse,unknown,no,no,no,,,,3a4440b47358b1fe2cfa3f45e517a8d00ea8b369d9f98803d89d371e16deb3ab,1,ckan-data-gov-uk-1877bf85-f912-4b1c-9fab-9c00256fcc54-101d659948,REVIEW_REQUIRED,DISCOVERED_ONLY,no governed pollutant/stressor relevance match; no machine-readable endpoint established; reachability unknown; licence review required
9d1c46d45a66fb83f50b,ckan-data-gov-uk-fdbcba5a-f7f1-443d-a3ea-da29955035f9-d07b1754bb,Environmental Information Data Centre,"Time series of microbial carbon release from soil as carbon dioxide under different nitrogen and phosphorus treatments with a low glucose concentration added as a carbon source in the Conwy catchment, North Wales, UK (2016)",https://data-package.ceh.ac.uk/sd/c29d2ce1-0295-439b-adf1-98ed59f73fae.zip,machine_service,United Kingdom; verify dataset record,Conwy catchment|Environmental Monitoring Facilities|MCP|Macronutrient Cycling Programme|North Wales|Soil core|T2S|Turf2Surf|liquid scintillation counter,not supplied by discovery response,NO_MATCH,,,none_observed,Not supplied by discovery response; verify the dataset record before reuse,unknown,yes,no,no,,,,c357f2764ca654a3e141cf4860efaf65be3f008bba66c59430625ed693fed150,1,ckan-data-gov-uk-fdbcba5a-f7f1-443d-a3ea-da29955035f9-d07b1754bb,REVIEW_REQUIRED,DISCOVERED_ONLY,no governed pollutant/stressor relevance match; reachability unknown; licence review required
9f35601f8d020ee9d5de,ckan-data-gov-uk-27037279-f858-4ada-b564-45ad32c36f79-45741c9cff,Wycombe District Council,Air Quality Management Area,https://www.data.gov.uk/dataset/air-quality-management-area10,catalogue_landing_page,United Kingdom; verify dataset record,,not supplied by discovery response,NO_MATCH,,,none_observed,Not supplied by discovery response; verify the dataset record before reuse,unknown,no,no,no,,,,1286b9a9402eecc68728c23f203982541cf28bce133310ab9bedce797c73e36c,1,ckan-data-gov-uk-27037279-f858-4ada-b564-45ad32c36f79-45741c9cff,REVIEW_REQUIRED,DISCOVERED_ONLY,no governed pollutant/stressor relevance match; no machine-readable endpoint established; reachability unknown; licence review required
9f5b2634c8934bfa1ce7,ckan-data-gov-uk-dd32653f-518d-4efc-89d7-ae0c24b09e06-aff865d43a,Environmental Information Data Centre,"Seasonal streambed carbon and nitrogen cycling (including greenhouse gases) in an agriculturally-impacted stream. Measured at Wood Brook UK, 2016-2017",https://data-package.ceh.ac.uk/sd/00601260-285e-4ffa-b381-340b51a7ec50.zip,machine_service,United Kingdom; verify dataset record,Land Use|streambed|substrate type,not supplied by discovery response,MATCHED,ammonia-ammonium|nitrogen-dioxide,DIRECT|DIRECT_CROSS_MEDIA,none_observed,Not supplied by discovery response; verify the dataset record before reuse,unknown,yes,no,no,,,,d72feda217a56d96d937593861f2b46ee373c1a5805cf558e113a298bc271c0e,1,ckan-data-gov-uk-dd32653f-518d-4efc-89d7-ae0c24b09e06-aff865d43a,REVIEW_REQUIRED,DISCOVERED_ONLY,reachability unknown; licence review required
9f8a1660dc67bc67e408,ckan-data-gov-uk-10e6109c-6672-4bb4-8fa5-18373b2522ae-1ca8ee4cd6,British Geological Survey (BGS),"2000 Strategic Environmental Assessment SEA1 Charles Darwin cruise 119 (1999) - Environmental sampling programme, final data report. ERT Report ERTSL 00/215R00/215 (Faroe Shetland Channel)",http://www.bgs.ac.uk/data/sea/home.html,unknown,United Kingdom; verify dataset record,Geology,not supplied by discovery response,MATCHED,polycyclic-aromatic-hydrocarbons|ultrafine-particles|volatile-organic-compounds,DIRECT|DIRECT_CROSS_MEDIA,none_observed,Not supplied by discovery response; verify the dataset record before reuse,unknown,no,no,no,,,,5d29c95ffd49243a8f2e661d5792f10393008c1595a1e131c5b5a3be9647a681,1,ckan-data-gov-uk-10e6109c-6672-4bb4-8fa5-18373b2522ae-1ca8ee4cd6,REVIEW_REQUIRED,DISCOVERED_ONLY,no machine-readable endpoint established; reachability unknown; licence review required
9fc081780bbe9bd0ea7f,ckan-data-gov-uk-5e1ae777-e043-4641-b51f-2470073f781b-f8c309b334,Joint Nature Conservation Committee,Greater Haig Fras rMCZ Broad Scale (EUNIS) Habitats,http://data.jncc.gov.uk/data/ef56ce4c-db23-44ad-8b51-2dc3551a048a-GB001518.zip,machine_service,United Kingdom; verify dataset record,EUNIS|GB001518|Grabs|Greater Haig Fras|Marine|Multibeam echo sounder|Seabed Habitats and Geology|Video Tows,not supplied by discovery response,NO_MATCH,,,none_observed,UK Open Government Licence (OGL),unknown,yes,no,no,,,,00106ddbced4ab13d61ffdf09857cd9b311c8d4d778c844ac94dd0d869ef0d82,1,ckan-data-gov-uk-5e1ae777-e043-4641-b51f-2470073f781b-f8c309b334,REVIEW_REQUIRED,DISCOVERED_ONLY,no governed pollutant/stressor relevance match; reachability unknown
a04df08eed131c33e313,ckan-data-gov-uk-90768ec4-9e1d-43be-bdc0-36e47cc42d9a-312c3c875d,"Department for Environment, Food and Rural Affairs",Air Quality Statistics,https://www.gov.uk/government/statistics/air-quality-statistics,unknown,United Kingdom; verify dataset record,,not supplied by discovery response,MATCHED,nitrogen-dioxide|particulate-matter,DIRECT,none_observed,UK Open Government Licence (OGL),unknown,no,no,no,,,,891f3a80e23f054d2e2a71956b93a98f81169144e365da02ec63a50358abb233,1,ckan-data-gov-uk-90768ec4-9e1d-43be-bdc0-36e47cc42d9a-312c3c875d,REVIEW_REQUIRED,DISCOVERED_ONLY,no machine-readable endpoint established; reachability unknown
a05ca25bb494e041f419,ckan-data-gov-uk-ddb32321-5498-400b-a020-6928446fdb5e-8ddc3e803b,Marine Environmental Data & Information Network,CLiP South Africa Microplastics in the Port of Durban 2019,https://data.cefas.co.uk/view/20510,unknown,United Kingdom; verify dataset record,,not supplied by discovery response,MATCHED,microplastics|particulate-matter,DIRECT|EMERGING_CROSS_MEDIA,none_observed,Not supplied by discovery response; verify the dataset record before reuse,unknown,no,no,no,,,,1f5c8f7f9b71bf0828eeff513f38efe97b4197c9d7075dbee8653c2f3efb1643,1,ckan-data-gov-uk-ddb32321-5498-400b-a020-6928446fdb5e-8ddc3e803b,REVIEW_REQUIRED,DISCOVERED_ONLY,no machine-readable endpoint established; reachability unknown; licence review required
a0742ffd41f63e10ee6b,ckan-data-gov-uk-13113e82-c11a-4aad-b49d-6e07274e819d-93d89ff6c6,Environmental Information Data Centre,"Global greenhouse gas emissions associated with the production of crop and livestock products at 5 arc minutes resolution, 1997-2003",https://data-package.ceh.ac.uk/sd/76f8c5c0-6dde-407a-9710-2bca2e041512.zip,machine_service,United Kingdom; verify dataset record,Atmospheric Conditions|Sustainable agriculture|environmental impact|food systems,not supplied by discovery response,MATCHED,atmospheric-deposition,PROCESS_LINK,none_observed,Not supplied by discovery response; verify the dataset record before reuse,unknown,yes,no,no,,,,7abb968bff1bd3d46f2f91fc54c31b3ce0bb1b2e70b1774313ad282e1f4db24b,1,ckan-data-gov-uk-13113e82-c11a-4aad-b49d-6e07274e819d-93d89ff6c6,REVIEW_REQUIRED,DISCOVERED_ONLY,reachability unknown; licence review required
a09d5ea5c6aab606773a,ckan-data-gov-uk-6cd392df-8d35-4b1c-8e30-147c9fa47ca1-598bd8389d,Environmental Information Data Centre,Sulphur and nitrogen atmospheric Concentration Based Estimated Deposition (CBED) data for the UK 2015-2017,https://data-package.ceh.ac.uk/sd/a19f8824-b3f5-4eea-836e-c5e07548709c.zip,machine_service,United Kingdom; verify dataset record,Atmospheric Conditions|Concentration Based Estimated Deposition (CBED)|base cations|nitrogen|pollutant|sulphur,not supplied by discovery response,MATCHED,atmospheric-deposition|particulate-matter,DIRECT|PROCESS_LINK,none_observed,Not supplied by discovery response; verify the dataset record before reuse,unknown,yes,no,no,,,,abdc1cb38e664f2f3825fb67d01de5e801dc6b6759ab6962536e76727299b510,1,ckan-data-gov-uk-6cd392df-8d35-4b1c-8e30-147c9fa47ca1-598bd8389d,REVIEW_REQUIRED,DISCOVERED_ONLY,reachability unknown; licence review required
a0dce3d1a5bdd8413f05,ckan-data-gov-uk-1139ae54-08f1-456d-b3fb-8921c16ab9ec-8ddeb43d54,Greater London Authority,Air Quality Monitoring Sites,https://www.data.gov.uk/dataset/air-quality-monitoring-sites10,catalogue_landing_page,United Kingdom; verify dataset record,AQ|C40|Kings|LAEI|MapLondon|airqualitymap,not supplied by discovery response,NO_MATCH,,,none_observed,Not supplied by discovery response; verify the dataset record before reuse,unknown,no,no,no,,,,842c4e64c0ff120ff8010ab882866ffac622250a3d26e67ea0fc65aa15198eee,1,ckan-data-gov-uk-1139ae54-08f1-456d-b3fb-8921c16ab9ec-8ddeb43d54,REVIEW_REQUIRED,DISCOVERED_ONLY,no governed pollutant/stressor relevance match; no machine-readable endpoint established; reachability unknown; licence review required
a1860c29dfe3542041fd,ckan-data-gov-uk-15e22b84-a640-4487-8ed8-e46adc753e75-82c46f45d5,Salford City Council,Air Quality Monitoring Stations,http://map.salford.gov.uk/geoserver/OpenData/ows?service=wms&version=1.3.0&request=GetCapabilities,machine_service,United Kingdom; verify dataset record,Atmospheric conditions|Environmental monitoring facilities|Human health and safety|air_pollution|monitoring_station|pollutant_analysis,not supplied by discovery response,MATCHED,nitrogen-dioxide|particulate-matter,DIRECT,none_observed,Not supplied by discovery response; verify the dataset record before reuse,unknown,yes,no,no,,,,f13b00221a4ad129f63c3a1c3cb26160b052ba9ddf3fee547f601b657ce1c801,1,ckan-data-gov-uk-15e22b84-a640-4487-8ed8-e46adc753e75-82c46f45d5,REVIEW_REQUIRED,DISCOVERED_ONLY,reachability unknown; licence review required
a19b422b3a0f10d830ae,ckan-data-gov-uk-394bf17d-ef9f-4649-b628-64d99de69618-6994f114b9,"Department for Environment, Food and Rural Affairs",Defra national Pollution Climate Mapping (PCM) modelled background concentrations,https://uk-air.defra.gov.uk/data/pcm-data,unknown,United Kingdom; verify dataset record,,not supplied by discovery response,NO_MATCH,,,none_observed,UK Open Government Licence (OGL),unknown,no,no,no,,,,c297b500dfc78d43b388803437df30ead87513559c3292acf6ce905998030e93,1,ckan-data-gov-uk-394bf17d-ef9f-4649-b628-64d99de69618-6994f114b9,REVIEW_REQUIRED,DISCOVERED_ONLY,no governed pollutant/stressor relevance match; no machine-readable endpoint established; reachability unknown
a1fb39a9a29dd74b3a10,ckan-data-gov-uk-0ab79526-0670-4aad-bfd1-d3daf9b4cb15-9e0683f01e,Environmental Information Data Centre,"Topsoil pH estimates from the Countryside Survey of Great Britain, 2007 using a generalized additive model",https://data-package.ceh.ac.uk/sd/4b0e364d-61e6-48fb-8973-5eb18fb454cd.zip,machine_service,United Kingdom; verify dataset record,Broad Habitat|Countryside Survey|Parent Material Model|Soil|UK-SCAPE,not supplied by discovery response,MATCHED,atmospheric-deposition,PROCESS_LINK,none_observed,Not supplied by discovery response; verify the dataset record before reuse,unknown,yes,no,no,,,,6743e5d28169fd6710df868b3fd67355fc9e5c147fef9b6d70d6294aa6c9ec16,1,ckan-data-gov-uk-0ab79526-0670-4aad-bfd1-d3daf9b4cb15-9e0683f01e,REVIEW_REQUIRED,DISCOVERED_ONLY,reachability unknown; licence review required
a1fc2652e3e06797ae12,ckan-data-gov-uk-ca4761e0-ca8b-48e5-a6f7-b7f25df05fc1-5e2b0ddb22,"Department for Environment, Food and Rural Affairs","Non-methane volatile organic chemical (VOC) emissions, by source",https://www.gov.uk/government/statistics/emissions-of-air-pollutants,unknown,United Kingdom; verify dataset record,,not supplied by discovery response,MATCHED,volatile-organic-compounds,DIRECT,none_observed,UK Open Government Licence (OGL),unknown,no,no,no,,,,975489d468fcb9c78f0e8be0919fe3f118fdca3d449382dffa2384aa7c723191,1,ckan-data-gov-uk-ca4761e0-ca8b-48e5-a6f7-b7f25df05fc1-5e2b0ddb22,REVIEW_REQUIRED,DISCOVERED_ONLY,no machine-readable endpoint established; reachability unknown
a21c41471a49a74d0e4a,ckan-data-gov-uk-7128f3ff-b81c-42a2-9c68-fa2af4ded0b9-659a62723e,"Department for Environment, Food and Rural Affairs","Category 1 and 2 pollution incidents by source to air, land and water - 2010",http://data.defra.gov.uk/env/spfg15-serious-poll-incid-201112.csv,machine_service,United Kingdom; verify dataset record,,not supplied by discovery response,NO_MATCH,,,none_observed,UK Open Government Licence (OGL),unknown,yes,no,no,,,,d2843d919dd39c1811d9c3aa59301120759393914d51d8eba8c0ca8395ff87d3,1,ckan-data-gov-uk-7128f3ff-b81c-42a2-9c68-fa2af4ded0b9-659a62723e,REVIEW_REQUIRED,DISCOVERED_ONLY,no governed pollutant/stressor relevance match; reachability unknown
a242beb3829592213c49,ckan-data-gov-uk-f332712c-947d-41ed-b710-f60e426d59fd-26fb43700a,Environmental Information Data Centre,"Water chemistry and algal pigments from dust leaching and dust addition experiments and from lake sediment cores in Kangerlussuaq, West Greenland, 2017-2018",https://data-package.ceh.ac.uk/sd/9115bc7a-adb6-4a3c-8506-32d0b39bcf6f.zip,machine_service,United Kingdom; verify dataset record,Arctic|Environmental Monitoring Facilities|Greenland|aeolian|atmospheric deposition|lakes,not supplied by discovery response,MATCHED,atmospheric-deposition,PROCESS_LINK,none_observed,Not supplied by discovery response; verify the dataset record before reuse,unknown,yes,no,no,,,,dc27d49d675f7300ffe7ae39803152b8f686d6c15f3eb3f14a8f51a1fda6f828,1,ckan-data-gov-uk-f332712c-947d-41ed-b710-f60e426d59fd-26fb43700a,REVIEW_REQUIRED,DISCOVERED_ONLY,reachability unknown; licence review required
a269e958f61514490ebe,ckan-data-gov-uk-5944bc25-4c60-4450-af0f-8271da755e21-9eb2a201aa,Environmental Information Data Centre,"Average Accumulated Exceedance (AAE) of critical loads of acidity and nutrient nitrogen by acid and nitrogen deposition for the UK, 2016-2018",https://data-package.ceh.ac.uk/sd/41da8be9-729b-455c-a5c8-093fd0486de1.zip,machine_service,United Kingdom; verify dataset record,Environmental Monitoring Facilities|Nutrient Nitrogen,not supplied by discovery response,MATCHED,ammonia-ammonium|atmospheric-deposition|nitrogen-dioxide,DIRECT|DIRECT_CROSS_MEDIA|PROCESS_LINK,none_observed,Not supplied by discovery response; verify the dataset record before reuse,unknown,yes,no,no,,,,948a11f420597c62e7fb42221eb22dba871444008c5fa695c8d8189c4aef8c0a,1,ckan-data-gov-uk-5944bc25-4c60-4450-af0f-8271da755e21-9eb2a201aa,REVIEW_REQUIRED,DISCOVERED_ONLY,reachability unknown; licence review required
a2ba6b569ccff0697f20,ckan-data-gov-uk-075584ea-373c-4f7f-bb13-f3d641e801ea-7900875024,Environmental Information Data Centre,"Carbon and nitrogen contents of soil organic matter fractions, soil organic carbon, total soil nitrogen, and soil organic matter of 100 topsoil samples from the UKCEH Countryside Survey, Great Britain, 2019-2020 v2",https://data-package.ceh.ac.uk/sd/29cd5386-bc2e-4d70-a6a5-0d7dc7513dc6.zip,machine_service,United Kingdom; verify dataset record,Soil|Soil organic matter fractionation|UKCEH Countryside Survey|UKSCAPE|mineral-associated organic matter|occluded light fraction|topsoil,not supplied by discovery response,NO_MATCH,,,none_observed,Not supplied by discovery response; verify the dataset record before reuse,unknown,yes,no,no,,,,8d8291f5fbc119d0e70a56ad386529195d7f53380931cbcbc9bd226380410704,1,ckan-data-gov-uk-075584ea-373c-4f7f-bb13-f3d641e801ea-7900875024,REVIEW_REQUIRED,DISCOVERED_ONLY,no governed pollutant/stressor relevance match; reachability unknown; licence review required
a34efe081eeab6c10c9d,ckan-data-gov-uk-c14fbb6e-a87e-4a2d-ac10-8d7324a0393c-731c5cc15f,Environmental Information Data Centre,"Time series of microbial carbon release from soil as carbon dioxide under different nitrogen and phosphorus treatments with a high molecular weight substrate added as a carbon source, Conwy catchment, North Wales, UK (2016)",https://data-package.ceh.ac.uk/sd/4a8fedf4-a572-4d95-ac41-087974169af1.zip,machine_service,United Kingdom; verify dataset record,Conwy catchment|Environmental Monitoring Facilities|MCP|Macronutrient Cycling Programme|North Wales|Soil Core|T2S|Turf2Surf|liquid scintillation counter,not supplied by discovery response,NO_MATCH,,,none_observed,Not supplied by discovery response; verify the dataset record before reuse,unknown,yes,no,no,,,,85c62fbcb862d40e740fb3ae7a8ef8ae29c40f206dbbead276739f1d9f0e56c1,1,ckan-data-gov-uk-c14fbb6e-a87e-4a2d-ac10-8d7324a0393c-731c5cc15f,REVIEW_REQUIRED,DISCOVERED_ONLY,no governed pollutant/stressor relevance match; reachability unknown; licence review required
a39db92c5c77ac02cb40,ckan-data-gov-uk-a0f2c1da-4e54-4fbb-a49d-0e4aa8c5c57d-35ea61f447,Environmental Information Data Centre,"Volatile organic compound fluxes and source apportionment factor fluxes measured by Proton-Transfer-Reaction Time-of-Flight Mass Spectrometer (PTR-TOF-MS), Delhi, India, November 2018",https://data-package.ceh.ac.uk/sd/9fdea71b-7719-4c2f-8ddf-7311ecdb4418.zip,machine_service,United Kingdom; verify dataset record,Bidirectional Fluxes|Positive Matrix Factorisation|source apportionment,not supplied by discovery response,MATCHED,atmospheric-deposition|volatile-organic-compounds,DIRECT|PROCESS_LINK,none_observed,Not supplied by discovery response; verify the dataset record before reuse,unknown,yes,no,no,,,,56b21477e7e81e29d76670920544e66d4c4976eb2b8ca9690fe07486aad8b272,1,ckan-data-gov-uk-a0f2c1da-4e54-4fbb-a49d-0e4aa8c5c57d-35ea61f447,REVIEW_REQUIRED,DISCOVERED_ONLY,reachability unknown; licence review required
a3be092af61ecd1aa839,ckan-data-gov-uk-7bba7982-419d-445b-940e-70be549e52fa-9a9062e5e4,Environment Agency,WFD Cycle 2 ecological water body classification,https://environment.data.gov.uk/api/file/download?fileDataSetId=77218774-3ae3-4534-8c24-78d69810ece8&fileName=WFD_SW_Classification_Status_and_Objectives_Cycle2_v3.xlsx,machine_service,United Kingdom; verify dataset record,EC directive|environment|water quality,not supplied by discovery response,MATCHED,ammonia-ammonium|heavy-metals,DIRECT_CROSS_MEDIA,none_observed,Not supplied by discovery response; verify the dataset record before reuse,unknown,yes,no,no,,,,b7f1d110c827032799c4f80665f7a4e3d473bdd6a303a69efcde819fef4a2502,1,ckan-data-gov-uk-7bba7982-419d-445b-940e-70be549e52fa-9a9062e5e4,REVIEW_REQUIRED,DISCOVERED_ONLY,reachability unknown; licence review required
a3c7078d495e9da4b6ef,ckan-data-gov-uk-d5aa543a-4aa9-4c4c-981d-e41feeb378ff-f650d4d168,Scottish Government SpatialData.gov.scot,SPRI_Water_Releases,http://map.sepa.org.uk/atom/SEPA_SPRI_Water_releases.atom,machine_service,United Kingdom; verify dataset record,Environmental monitoring facilities|SPRI|air|discharge|emmisions|environment|natural environment|waste|water,not supplied by discovery response,NO_MATCH,,,none_observed,Not supplied by discovery response; verify the dataset record before reuse,unknown,yes,no,no,,,,3a40790dc5b2782603c2eab07af1b19997c9241104abf0b44d4f31e25ecae1b2,1,ckan-data-gov-uk-d5aa543a-4aa9-4c4c-981d-e41feeb378ff-f650d4d168,REVIEW_REQUIRED,DISCOVERED_ONLY,no governed pollutant/stressor relevance match; reachability unknown; licence review required
a43d671390530932818d,ckan-data-gov-uk-0eb76e27-c799-4d8d-b601-addaba43bc86-a650bce699,Environment Agency,Water bodies impacted by pollution from abandoned metal mines,https://environment.data.gov.uk/api/file/download?fileDataSetId=a6806ed3-a115-42b5-8212-95bef7056bbe&fileName=Water_bodies_impacted_by_pollution_from_abandoned_metal_mines.zip,machine_service,United Kingdom; verify dataset record,environment|freshwater pollution|heavy metal,not supplied by discovery response,MATCHED,heavy-metals,DIRECT_CROSS_MEDIA,none_observed,Not supplied by discovery response; verify the dataset record before reuse,unknown,yes,no,no,,,,5b16092a85c4877f35cdbd27978d2098390b9b06679601058027db9c4589e2d7,1,ckan-data-gov-uk-0eb76e27-c799-4d8d-b601-addaba43bc86-a650bce699,REVIEW_REQUIRED,DISCOVERED_ONLY,reachability unknown; licence review required
a4e34f0de1e6567ee481,ckan-data-gov-uk-5fbcbd3d-fa2c-47b6-a69d-c9d769b6c448-ac567696d8,Scottish Government SpatialData.gov.scot,FGS Climatic Site Suitability - Native Broadleaves (W6),https://ogc.nature.scot/geoserver/scottishforestry/ows?service=WMS&request=GetCapabilities,machine_service,United Kingdom; verify dataset record,Environment|FGS|Felling|Forest Management|Forestry|Grant Schemes|Habitats and biotopes|Landscape|Licence|Ownership|Planning|Woodland,not supplied by discovery response,MATCHED,mercury,DIRECT_CROSS_MEDIA,none_observed,Not supplied by discovery response; verify the dataset record before reuse,unknown,yes,no,no,,,,20c8049ae5d3119e642bb6229fc253a1b4d99b2c004e00b32ca01c1664c600b7,1,ckan-data-gov-uk-5fbcbd3d-fa2c-47b6-a69d-c9d769b6c448-ac567696d8,REVIEW_REQUIRED,DISCOVERED_ONLY,reachability unknown; licence review required
a5742f2f0193a8dd8139,ckan-data-gov-uk-a3da123e-229b-49e3-bc67-925f2eecbeab-d9533ddb4b,Marine Environmental Data & Information Network,Predictor variables and groundtruth samples for north-west European continental shelf quantitative sediment analysis,https://data.cefas.co.uk/view/19766,unknown,United Kingdom; verify dataset record,,not supplied by discovery response,MATCHED,particulate-matter,DIRECT,none_observed,Not supplied by discovery response; verify the dataset record before reuse,unknown,no,no,no,,,,6373baa0a6895cddcb37cf8b413bfff84d8fdc168a2f8ab15c5bcfbafd874574,1,ckan-data-gov-uk-a3da123e-229b-49e3-bc67-925f2eecbeab-d9533ddb4b,REVIEW_REQUIRED,DISCOVERED_ONLY,no machine-readable endpoint established; reachability unknown; licence review required
a59292d7796f3cfd6e15,ckan-data-gov-uk-cfed64f4-8337-4afc-8548-66ca38d36f32-0cdf32bb4d,Bath and North East Somerset Council,AQMA Keynsham,http://feeds.getmapping.com/18470.wmsx?service=wms&version=1.3.0&request=getcapabilities&login=5a7ab9fd-9e13-41c8-a186-4a013901dde6&password=REDACTED,machine_service,United Kingdom; verify dataset record,,not supplied by discovery response,MATCHED,nitrogen-dioxide,DIRECT,redacted_or_required,Not supplied by discovery response; verify the dataset record before reuse,unknown,yes,no,no,,,,2c31718d36bc97c809c30ad643c0533635554fa778fbc018b8e3b3d8e117ae57,1,ckan-data-gov-uk-cfed64f4-8337-4afc-8548-66ca38d36f32-0cdf32bb4d,REVIEW_REQUIRED,DISCOVERED_ONLY,reachability unknown; licence review required; authentication redacted_or_required
a6afc266b1bad4c4b812,ckan-data-gov-uk-08a164b6-edae-435d-874a-f290c6c1dd59-37c5af5641,Environmental Information Data Centre,"Meteorological data and ammonia concentration and deposition rates from an ammonia enhancement experiment site, Glencorse, UK, 2023-2024",https://data-package.ceh.ac.uk/sd/89b48766-ab8d-40f9-b9f1-f50df6af131f.zip,machine_service,United Kingdom; verify dataset record,Birch forest|Meteorological geographical features|NC-UK|Scotland|compensation point|enhancement|field release|resistance modelling,not supplied by discovery response,MATCHED,ammonia-ammonium|atmospheric-deposition,DIRECT_CROSS_MEDIA|PROCESS_LINK,none_observed,Not supplied by discovery response; verify the dataset record before reuse,unknown,yes,no,no,,,,193013aea08eaaa3ca6c199ee776320cdc6b70804b613ad86cebdab0368eccf4,1,ckan-data-gov-uk-08a164b6-edae-435d-874a-f290c6c1dd59-37c5af5641,REVIEW_REQUIRED,DISCOVERED_ONLY,reachability unknown; licence review required
a7dbef51463e7f741177,ckan-data-gov-uk-4dff080e-5fa3-4d8e-ac04-77d8f66fbacc-ed5a00c318,London Borough of Lambeth,Air Quality Monitoring Sites,https://gis.lambeth.gov.uk/arcgis/services/AirQualitySites/MapServer/WMSServer?request=GetCapabilities&service=WMS,machine_service,United Kingdom; verify dataset record,,not supplied by discovery response,NO_MATCH,,,none_observed,UK Open Government Licence (OGL),unknown,yes,no,no,,,,11d61e0d856c5b9b4785f9e4ad8e39e9ef27a994981038618591d08f294a0a97,2,ckan-data-gov-uk-4dff080e-5fa3-4d8e-ac04-77d8f66fbacc-ed5a00c318|ckan-data-gov-uk-9d48323c-7da4-4162-863c-d4c6d92345d0-ca4c0c94af,REVIEW_REQUIRED,DISCOVERED_ONLY,no governed pollutant/stressor relevance match; reachability unknown
a9494512cec196a33a1e,ckan-data-gov-uk-e241c61a-cc93-42c1-b1d8-232ffdfbeaf0-80197edb50,Environmental Information Data Centre,"Deposition of nitrogen, sulphur and base cations to the UK (1986-2012)",https://data-package.ceh.ac.uk/sd/8e7644fe-9f17-4fc3-8e4e-8b10a42d5d50.zip,machine_service,United Kingdom; verify dataset record,Atmospheric Conditions|Concentration Based Estimated Deposition (CBED)|base cations|nitrogen|pollutant|sulphur,not supplied by discovery response,MATCHED,atmospheric-deposition|particulate-matter,DIRECT|PROCESS_LINK,none_observed,Not supplied by discovery response; verify the dataset record before reuse,unknown,yes,no,no,,,,bdc2e2ceb0f040df98abadad68dd231a097875ce5123a7329c0592f382e4b35e,1,ckan-data-gov-uk-e241c61a-cc93-42c1-b1d8-232ffdfbeaf0-80197edb50,REVIEW_REQUIRED,DISCOVERED_ONLY,reachability unknown; licence review required
aa24c9ba4fbf1485d28d,ckan-data-gov-uk-2e7a0d7c-ffe9-428a-97e6-73ce2b4a139d-82263f5e6a,City of York Council,Average Annual Mean Nitrogen Dioxide concentration in Salisbury Terrace (ug/m3) (Calendar Year),https://data.yorkopendata.org/dataset/2e7a0d7c-ffe9-428a-97e6-73ce2b4a139d/resource/f2289e1d-0601-4ff5-966c-1ec2bc551300/download/kpi-can027.csv,machine_service,United Kingdom; verify dataset record,,not supplied by discovery response,MATCHED,nitrogen-dioxide,DIRECT,none_observed,UK Open Government Licence (OGL),unknown,yes,no,no,,,,0f4eddbc94ba60d48d8477a816bd26a6d4a65ad181e4fb702aa13a78e27c1753,1,ckan-data-gov-uk-2e7a0d7c-ffe9-428a-97e6-73ce2b4a139d-82263f5e6a,REVIEW_REQUIRED,DISCOVERED_ONLY,reachability unknown
aa92ea031d87f46bc3d3,ckan-data-gov-uk-bb559407-bed6-4a20-bbc4-f02a100b739f-c3cfa43c23,Scottish Government,"Air Quality Pollutant Inventories for England, Scotland, Wales and Northern Ireland",https://www.data.gov.uk/dataset/air_quality_pollutant_inventories_for_england_scotland_wales_and_northern_ireland,catalogue_landing_page,United Kingdom; verify dataset record,,not supplied by discovery response,NO_MATCH,,,none_observed,UK Open Government Licence (OGL),unknown,no,no,no,,,,0d3b643587dc03b688026372df97611d07bf76d420e339af8e904df0f8af7934,1,ckan-data-gov-uk-bb559407-bed6-4a20-bbc4-f02a100b739f-c3cfa43c23,REVIEW_REQUIRED,DISCOVERED_ONLY,no governed pollutant/stressor relevance match; no machine-readable endpoint established; reachability unknown
aba989e93cba89ac3298,ckan-data-gov-uk-457674d4-f6f1-4731-ad69-f5b970f0bd0d-374e7f694e,Environment Agency,Freshwater Fish Per- and polyfluoroalkyl substances (PFAS) analysis 2022,https://environment.data.gov.uk/water-quality/view/landing,unknown,United Kingdom; verify dataset record,Biota|Freshwater fish|PFAS|biota|chemical|environment|fish|inlandWaters|persistence|research,not supplied by discovery response,MATCHED,pfas,EMERGING_CROSS_MEDIA,none_observed,Not supplied by discovery response; verify the dataset record before reuse,unknown,no,no,no,,,,ffad4d90d94e4a8749a27235546703a11ce55ad514200e265428639ecd835ef1,1,ckan-data-gov-uk-457674d4-f6f1-4731-ad69-f5b970f0bd0d-374e7f694e,REVIEW_REQUIRED,DISCOVERED_ONLY,no machine-readable endpoint established; reachability unknown; licence review required
ac591a23829c6e8bdee7,ckan-data-gov-uk-877a95ff-0156-4ccd-988d-9e0fd21c9b80-5610ebe559,Leeds City Council,Air quality - nitrogen dioxide,https://datamillnorth.org/download/air-quality-nitrogen-dioxide/dbdd5ea8-1692-4264-a83f-5b42728c337a/hd20003.csv,machine_service,United Kingdom; verify dataset record,Lifestyle17|age friendly|air quality|bicycle|cycling|en|hack my route|highwayshack,not supplied by discovery response,MATCHED,nitrogen-dioxide,DIRECT,none_observed,UK Open Government Licence (OGL),unknown,yes,no,no,,,,dc3ff7e796f6bde1bf244b10b02e1064b6d2c58266505198b1be67bdbf1517c3,1,ckan-data-gov-uk-877a95ff-0156-4ccd-988d-9e0fd21c9b80-5610ebe559,REVIEW_REQUIRED,DISCOVERED_ONLY,reachability unknown
ac8038661e8021d548c6,ckan-data-gov-uk-9c14668c-a1dc-4b68-8325-7a29181c9040-ce9e6821c8,Environmental Information Data Centre,Five year record of aquatic carbon and greenhouse gas concentrations from Auchencorth Moss,https://data-package.ceh.ac.uk/sd/3f0820a7-a8c8-4dd7-a058-8db79ba9c7fe.zip,machine_service,United Kingdom; verify dataset record,Auchencorth Moss|Black Burn|CEH Carbon Catchments|Environmental Monitoring Facilities|aquatic|peatland|stream water,not supplied by discovery response,NO_MATCH,,,none_observed,Not supplied by discovery response; verify the dataset record before reuse,unknown,yes,no,no,,,,4137ac589a4b529bad12330a4c321f9db3cec66f1485e7ed0910b742c3e13a97,1,ckan-data-gov-uk-9c14668c-a1dc-4b68-8325-7a29181c9040-ce9e6821c8,REVIEW_REQUIRED,DISCOVERED_ONLY,no governed pollutant/stressor relevance match; reachability unknown; licence review required
ad8a055c3ce77ad8c1c4,ckan-data-gov-uk-56667f57-939d-4dd7-bc9d-3edd1c10e339-b2008bb606,Environmental Information Data Centre,"Chemical and physical data of water and its evolution over incubation experiments for three headwater streams in the Conwy catchment, North Wales (2014)",https://data-package.ceh.ac.uk/sd/eeffacad-1f23-456a-aac0-1bda40958f75.zip,machine_service,United Kingdom; verify dataset record,Conwy catchment|Dissolved Organic Matter|Environmental Monitoring Facilities|Headwaters|MCP|Peatlands|T2S|Turf2Surf,not supplied by discovery response,MATCHED,mercury,DIRECT_CROSS_MEDIA,none_observed,Not supplied by discovery response; verify the dataset record before reuse,unknown,yes,no,no,,,,6c66f63380ea502325f666e1b97eb84cac054f901be81ab3eae0712aea63eaf0,1,ckan-data-gov-uk-56667f57-939d-4dd7-bc9d-3edd1c10e339-b2008bb606,REVIEW_REQUIRED,DISCOVERED_ONLY,reachability unknown; licence review required
addb760461cbc0a341a7,ckan-data-gov-uk-a699c58e-ce92-40c5-83c5-ad1c017fbcd4-5f041fbf6d,Environmental Information Data Centre,Source Attribution - deposition of nitrogen and sulphur to UK protected sites,https://data-package.ceh.ac.uk/sd/c4c2c5ae-d926-4ee0-b069-6479ecab2787.zip,machine_service,United Kingdom; verify dataset record,Protected Sites|nitrogen deposition|source attribution,not supplied by discovery response,MATCHED,atmospheric-deposition,PROCESS_LINK,none_observed,Not supplied by discovery response; verify the dataset record before reuse,unknown,yes,no,no,,,,0172a2d1b512227ef361aa9dae1b65547bcdf68ae347cf88f782924832a6b93c,1,ckan-data-gov-uk-a699c58e-ce92-40c5-83c5-ad1c017fbcd4-5f041fbf6d,REVIEW_REQUIRED,DISCOVERED_ONLY,reachability unknown; licence review required
ae065a1fccd637b89194,ckan-data-gov-uk-9ba95e60-74b8-43cc-91e4-ab4e4b32d1fa-d51d34dedb,Leicester City Council,Air Quality - Nitrogen Dioxide - Annual Mean,https://data.leicester.gov.uk/api/explore/v2.1/catalog/datasets/air-quality-nitrogen-dioxide-annual-mean/exports/xlsx?use_labels=true,machine_service,United Kingdom; verify dataset record,Air Quality|NO2|Nitrogen Dioxide,not supplied by discovery response,MATCHED,nitrogen-dioxide,DIRECT,none_observed,Not supplied by discovery response; verify the dataset record before reuse,unknown,yes,no,no,,,,4f193977099b1fcfedfc292b86c77f4123092db19b8839288eba9f9f84d3ccb4,1,ckan-data-gov-uk-9ba95e60-74b8-43cc-91e4-ab4e4b32d1fa-d51d34dedb,REVIEW_REQUIRED,DISCOVERED_ONLY,reachability unknown; licence review required
ae45041530c3dfe983ae,ckan-data-gov-uk-4f33c635-b9de-49d3-9a82-4a8952cf7ab8-e2e024b21b,Sevenoaks District Council,Air Pollution Control Sites (SDC) (Public),https://utility.arcgis.com/usrsvcs/servers/35e0c162d3c540e4969a27c7e00e9dba/rest/services/Air_Pollution_Control_Sites_SDC/FeatureServer/0,machine_service,United Kingdom; verify dataset record,Environmental Health|Monitoring|NO2|Planning|Quality|Sevenoaks,not supplied by discovery response,MATCHED,nitrogen-dioxide,DIRECT,none_observed,Not supplied by discovery response; verify the dataset record before reuse,unknown,yes,no,no,,,,5034d374dfbad810db655d7404b8e59901d37155bbcce62bc6b70016661b1216,1,ckan-data-gov-uk-4f33c635-b9de-49d3-9a82-4a8952cf7ab8-e2e024b21b,REVIEW_REQUIRED,DISCOVERED_ONLY,reachability unknown; licence review required
ae706ff8c22a795f8366,ckan-data-gov-uk-968d3fcd-9ad4-4b9a-9140-684ec5411102-79f6997ab3,Environmental Information Data Centre,"Monthly ammonia measurements from passive samplers using ALPHA® PTFE1010 membrane at four UK Eutrophying and Acidifying Pollutants (UKEAP) network sites, 2022",https://data-package.ceh.ac.uk/sd/d57abebf-b172-4d62-95b5-bd8d5cef2671.zip,machine_service,United Kingdom; verify dataset record,Ammonia monitoring|Environmental Monitoring Facilities|d57abebf-b172-4d62-95b5-bd8d5cef2671|passive sampler|uptake rate,not supplied by discovery response,MATCHED,ammonia-ammonium,DIRECT_CROSS_MEDIA,none_observed,Not supplied by discovery response; verify the dataset record before reuse,unknown,yes,no,no,,,,7f2556bb6a997484ef55b401f0ae44c43671ff7b9492dc7b979b98e321ef6b14,1,ckan-data-gov-uk-968d3fcd-9ad4-4b9a-9140-684ec5411102-79f6997ab3,REVIEW_REQUIRED,DISCOVERED_ONLY,reachability unknown; licence review required
af5d9e84d7376db0bc4c,ckan-data-gov-uk-4e32cd93-f832-4f02-9d88-a65b0517ce20-57b69390ea,British Geological Survey (BGS),"Permeability, XRD, and mercury intrusion data, and SEM backscatter images from samples of the Cropwell Bridge (Cropwell Bishop) borehole",https://webapps.bgs.ac.uk/services/ngdc/accessions/index.html#item192088,unknown,United Kingdom; verify dataset record,Caprock|Carbon capture and storage|Deposition|Diagenesis|Host rock|Mudstone|NERC_DDC|Permeability|Petrophysics|Porosity|Radioactive wastes,not supplied by discovery response,MATCHED,mercury,DIRECT_CROSS_MEDIA,none_observed,Not supplied by discovery response; verify the dataset record before reuse,unknown,no,no,no,,,,b77f7993f0eb16b385538d27d9d95b65f5a88d75606c4aadf5f97f8afc6e2600,1,ckan-data-gov-uk-4e32cd93-f832-4f02-9d88-a65b0517ce20-57b69390ea,REVIEW_REQUIRED,DISCOVERED_ONLY,no machine-readable endpoint established; reachability unknown; licence review required
af70b9f9654cbe1a38c6,ckan-data-gov-uk-109fc877-5c65-4a5d-b385-db120ae98b31-fd75b8b7bd,Centre for Environmental Data Analysis,Polluted Troposphere TORCH1: Tropospheric ORganic CHemistry Experiment (TORCH1) Ground-based Atmospheric Components Measurements Collection at Writtle College as part of the Polluted Troposphere Programme,http://www.nerc.ac.uk/research/programmes/troposphere/,unknown,United Kingdom; verify dataset record,,not supplied by discovery response,MATCHED,nitrogen-dioxide|volatile-organic-compounds,DIRECT,none_observed,Not supplied by discovery response; verify the dataset record before reuse,unknown,no,no,no,,,,7878105f4c4e9859e566640b0ba58873d5f528600c26c359daa0daa309c31f83,2,ckan-data-gov-uk-109fc877-5c65-4a5d-b385-db120ae98b31-fd75b8b7bd|ckan-data-gov-uk-1ee78856-37ae-4146-aeb1-20b92cdf78af-76b83096b7,REVIEW_REQUIRED,DISCOVERED_ONLY,no machine-readable endpoint established; reachability unknown; licence review required
b0168f3a15775be95983,ckan-data-gov-uk-6469ddcc-aad5-4cda-8bee-0bb8cf544dd4-0ec965751c,Centre for Environmental Data Analysis,"COBRA (impact of COmbined iodine and Bromine Release on the Arctic atmosphere): Air-Surface Interactions Properties measurements from Airborne, Ground-based and Laboratory instrumentation",http://www.cas.manchester.ac.uk/resprojects/cobra/,unknown,United Kingdom; verify dataset record,,not supplied by discovery response,MATCHED,atmospheric-deposition|mercury|volatile-organic-compounds,DIRECT|DIRECT_CROSS_MEDIA|PROCESS_LINK,none_observed,UK Open Government Licence (OGL),unknown,no,no,no,,,,6d7050c665e98cd5c9a4011735e4e7373b5ff9d24b88c68158fb120f3922dc0c,2,ckan-data-gov-uk-6469ddcc-aad5-4cda-8bee-0bb8cf544dd4-0ec965751c|ckan-data-gov-uk-a863bcc4-f593-416b-a466-12d01ad19a42-4312b57e1d,REVIEW_REQUIRED,DISCOVERED_ONLY,no machine-readable endpoint established; reachability unknown
b03a0edc12dc071ebce3,ckan-data-gov-uk-ebd93535-da32-4e63-b71b-43718ee8df4d-4944812db8,Greater London Authority,Breathe London AQMesh pods,https://www.data.gov.uk/dataset/breathe-london-aqmesh-pods1,catalogue_landing_page,United Kingdom; verify dataset record,air-quality,not supplied by discovery response,MATCHED,nitrogen-dioxide|particulate-matter,DIRECT,none_observed,Not supplied by discovery response; verify the dataset record before reuse,unknown,no,no,no,,,,4c7b36d676123bba7f422fd11ec643b4cfe1715f8a7bf6a32554958aa45beacd,1,ckan-data-gov-uk-ebd93535-da32-4e63-b71b-43718ee8df4d-4944812db8,REVIEW_REQUIRED,DISCOVERED_ONLY,no machine-readable endpoint established; reachability unknown; licence review required
b0c1c4b31ec9925fd912,ckan-data-gov-uk-038c403a-e067-47a9-be3d-17d0772200c2-d0afffcd31,Greater London Authority,Mayor of London & Gnewt Cargo Electric Vehicle Trial,https://www.data.gov.uk/dataset/mayor-of-london-gnewt-cargo-electric-vehicle-trial1,catalogue_landing_page,United Kingdom; verify dataset record,,not supplied by discovery response,MATCHED,particulate-matter,DIRECT,none_observed,Not supplied by discovery response; verify the dataset record before reuse,unknown,no,no,no,,,,ca02c7e7555294a71052a629cba727a574fca9e0255dec788bf2a85e9e07092c,1,ckan-data-gov-uk-038c403a-e067-47a9-be3d-17d0772200c2-d0afffcd31,REVIEW_REQUIRED,DISCOVERED_ONLY,no machine-readable endpoint established; reachability unknown; licence review required
b12e53d46398b5788c81,ckan-data-gov-uk-3c85f6c8-994e-4141-943f-b9051b915cc5-7734aed3f1,Joint Nature Conservation Committee,Habitat point records from 1989 MNCR Mull of Galloway/Auchencairn littoral survey,http://data.jncc.gov.uk/data/8d63e610-4e7c-477e-83e9-7c959d418c61-1989-MNCR-Mull-of-Galloway-Auchencairn-littoral-survey.csv,machine_service,United Kingdom; verify dataset record,,not supplied by discovery response,NO_MATCH,,,none_observed,UK Open Government Licence (OGL),unknown,yes,no,no,,,,f1d509576566149a85613bd1d564bd759a87f25e4cb19a16f24bed90912d54cc,1,ckan-data-gov-uk-3c85f6c8-994e-4141-943f-b9051b915cc5-7734aed3f1,REVIEW_REQUIRED,DISCOVERED_ONLY,no governed pollutant/stressor relevance match; reachability unknown
b164b865e6fc135f7268,ckan-data-gov-uk-9abdcef9-a73f-43e5-b593-a7917067e8f2-a088438e37,Joint Nature Conservation Committee,Habitat point records from 1987 AWA Breydon Water littoral survey,http://data.jncc.gov.uk/data/355764b3-e311-4d77-b40f-d141772da9d1-1987-AWA-Breydon-Water-littoral-survey.csv,machine_service,United Kingdom; verify dataset record,,not supplied by discovery response,MATCHED,mercury,DIRECT_CROSS_MEDIA,none_observed,UK Open Government Licence (OGL),unknown,yes,no,no,,,,f21db148309d19d806393a22357eeb30cdb57ae3bb379f493b460251d2efbb34,1,ckan-data-gov-uk-9abdcef9-a73f-43e5-b593-a7917067e8f2-a088438e37,REVIEW_REQUIRED,DISCOVERED_ONLY,reachability unknown
b1dda12bcabb8871e35e,ckan-data-gov-uk-0037667d-ae2f-4861-b0cf-447b09a353e1-a67ed062fa,Environmental Information Data Centre,European Monitoring and Evaluation Program Model for the UK (EMEP4UK) daily atmospheric composition and fluxes for 2001-2015,https://data-package.ceh.ac.uk/sd/b0545f67-e47c-4077-bf3c-c5ffcd6b72c8.zip,machine_service,United Kingdom; verify dataset record,Atmospheric Conditions|EMEP|EMEP4UK|European Monitoring and Evaluation Programme|HNO3|NH3|NO2|NOx|O3|PM10|PM2.5|SO2|UK-SCAPE|VOC|coarse nitrate particulate|fine nitrate particulate|nitric acid|sulphate particulate,not supplied by discovery response,MATCHED,acid-gas-aerosol|ammonia-ammonium|atmospheric-deposition|black-carbon|nitrogen-dioxide|particulate-matter|volatile-organic-compounds,DIRECT|DIRECT_CROSS_MEDIA|PROCESS_LINK,none_observed,Not supplied by discovery response; verify the dataset record before reuse,unknown,yes,no,no,,,,385e91e53a7a325ad7884fa5c4d6c90b2f46848731a89785c24a5fd038dc9342,1,ckan-data-gov-uk-0037667d-ae2f-4861-b0cf-447b09a353e1-a67ed062fa,REVIEW_REQUIRED,DISCOVERED_ONLY,reachability unknown; licence review required
b1f941dbc9a7bb6d4156,ckan-data-gov-uk-ffb3caef-064e-410a-983d-6276f20614d9-e7709291c7,Natural Resources Wales,Compliance Assessment of Welsh River Special Areas of Conservation (SACs) Against Water Quality Targets Associated Data (2017-2019),https://datamap.gov.wales/capabilities/layergroup/5941/?ows_service=wms,machine_service,United Kingdom; verify dataset record,Water Quality Assessment|Water quality,not supplied by discovery response,MATCHED,ammonia-ammonium,DIRECT_CROSS_MEDIA,none_observed,Not supplied by discovery response; verify the dataset record before reuse,unknown,yes,no,no,,,,faa6bf9ac9d2cba0d2c2b5e8fb8a1d27c57ca4f51aaf44d4c5de0de84b1171f7,1,ckan-data-gov-uk-ffb3caef-064e-410a-983d-6276f20614d9-e7709291c7,REVIEW_REQUIRED,DISCOVERED_ONLY,reachability unknown; licence review required
b24b324acebbd64632f6,ckan-data-gov-uk-8ea92b56-6550-41ea-9671-087f91a4bfcc-23d170f090,Scottish Government SpatialData.gov.scot,Contaminated Land (Confirmed) - Scotland,https://www.spatialdata.gov.scot:443/geonetwork/srv/api/records/b668874b-8c84-4f35-b104-c530bbea6cb2/formatters/xml,machine_service,United Kingdom; verify dataset record,Area management/restriction/regulation zones and r|Human health and safety,not supplied by discovery response,MATCHED,heavy-metals,DIRECT_CROSS_MEDIA,none_observed,Not supplied by discovery response; verify the dataset record before reuse,unknown,yes,no,no,,,,31c3610d0bfe99217f8326a0e1441d5da0197adf4231785ab933bde2c61191a5,1,ckan-data-gov-uk-8ea92b56-6550-41ea-9671-087f91a4bfcc-23d170f090,REVIEW_REQUIRED,DISCOVERED_ONLY,reachability unknown; licence review required
b257e8522e9a309b3025,ckan-data-gov-uk-376b8a98-523f-4676-b71b-2db2028ec648-7b13bc88c1,Leicester City Council,Local Air Quality Management,http://www.leicester.gov.uk/your-council/how-we-work/data-protection-and-foia/transparency-and-open-data,unknown,United Kingdom; verify dataset record,,not supplied by discovery response,MATCHED,nitrogen-dioxide,DIRECT,none_observed,Not supplied by discovery response; verify the dataset record before reuse,unknown,no,no,no,,,,9288b4571426cd7084f4178f4dcb6ee5ce4b6e62017f1df85dcfbf246a772aa9,1,ckan-data-gov-uk-376b8a98-523f-4676-b71b-2db2028ec648-7b13bc88c1,REVIEW_REQUIRED,DISCOVERED_ONLY,no machine-readable endpoint established; reachability unknown; licence review required
b335bc8121e2a997125c,ckan-data-gov-uk-b2a91fa9-c6e9-4fbc-83a6-0af6640b276b-9656c5849f,OpenDataNI,EFS Schemes,https://services-eu1.arcgis.com/kswen6BYexuc1SUk/arcgis/rest/services/SchemeDataTest/FeatureServer/0,machine_service,United Kingdom; verify dataset record,agri-environment|efs|environmental-farming-scheme,not supplied by discovery response,MATCHED,ammonia-ammonium,DIRECT_CROSS_MEDIA,none_observed,UK Open Government Licence (OGL),unknown,yes,no,no,,,,28aa934c93490e43cb2d994f082ef29f7b6d5ee0fe210722418f54ad689a36ac,3,ckan-data-gov-uk-3e02606f-c5ac-470d-bb53-fb98b2629535-8ce3530de8|ckan-data-gov-uk-b2a91fa9-c6e9-4fbc-83a6-0af6640b276b-9656c5849f|ckan-data-gov-uk-ebb9d148-b1a1-4021-afff-b042f4e31fb7-ed82b65e20,REVIEW_REQUIRED,DISCOVERED_ONLY,reachability unknown
b3a9aaaf2b791b8f001f,ckan-data-gov-uk-1ed25b2a-1fca-4ec1-be20-200d614c4857-34c7ae93b5,"Department for Environment, Food and Rural Affairs",Data selector for emissions of air pollutants,http://naei.beis.gov.uk/data/data-selector,unknown,United Kingdom; verify dataset record,,not supplied by discovery response,MATCHED,ammonia-ammonium|nitrogen-dioxide|volatile-organic-compounds,DIRECT|DIRECT_CROSS_MEDIA,none_observed,UK Open Government Licence (OGL),unknown,no,no,no,,,,666bf3a0cee13cb0d042184cd0b4dcbb51a9570f14d84db8abe4aae89171f0e7,1,ckan-data-gov-uk-1ed25b2a-1fca-4ec1-be20-200d614c4857-34c7ae93b5,REVIEW_REQUIRED,DISCOVERED_ONLY,no machine-readable endpoint established; reachability unknown
b3b17a1c2c69068dbdff,ckan-data-gov-uk-488bb54c-e04e-47bd-9f61-f6e1e8bd9b0c-ed6f485247,City of Bradford Metropolitan District Council,Bradford Pollution Levels,https://datamillnorth.org/dataset/bradford-pollution-levels,unknown,United Kingdom; verify dataset record,,not supplied by discovery response,MATCHED,nitrogen-dioxide,DIRECT,none_observed,UK Open Government Licence (OGL),unknown,no,no,no,,,,08b2940758d42a17d77bb94266b08cc3a6b4d9a183236f85b8e34ef9508af622,1,ckan-data-gov-uk-488bb54c-e04e-47bd-9f61-f6e1e8bd9b0c-ed6f485247,REVIEW_REQUIRED,DISCOVERED_ONLY,no machine-readable endpoint established; reachability unknown
b423a95aa95e7913a6df,ckan-data-gov-uk-81735b49-e18d-462c-9d43-97d9fc503277-2a54c67058,Environmental Information Data Centre,Hydrocarbon and microbial community data from contaminated beaches in Salamina and the Athens Riviera following the Agia Zoni II Oil Spill (2017-2018),https://data-package.ceh.ac.uk/sd/acf464dc-be75-41b8-9688-f2ba4037ef53.zip,machine_service,United Kingdom; verify dataset record,16S rRNA|Environmental Monitoring Facilities|coastal|environmental biology|hydrocarbons|oil pollution|oil spill|remediation|sediments,not supplied by discovery response,MATCHED,ammonia-ammonium|polycyclic-aromatic-hydrocarbons|volatile-organic-compounds,DIRECT|DIRECT_CROSS_MEDIA,none_observed,Not supplied by discovery response; verify the dataset record before reuse,unknown,yes,no,no,,,,512eb5874859907aa8436be00a751d684f97a5e7c6baf3e6493bd73385f0df12,1,ckan-data-gov-uk-81735b49-e18d-462c-9d43-97d9fc503277-2a54c67058,REVIEW_REQUIRED,DISCOVERED_ONLY,reachability unknown; licence review required
b423eebcd7dcbd4a5a8b,ckan-data-gov-uk-f5652c43-67f6-44c8-a456-9b6d8044e2fb-b3f4524bb0,Environmental Information Data Centre,Aquatic carbon and greenhouse gas concentrations in the Auchencorth Moss catchment following drain blocking,https://data-package.ceh.ac.uk/sd/88ffbf44-0ec0-41d6-9814-04bc3535cd84.zip,machine_service,United Kingdom; verify dataset record,Environmental Monitoring Facilities|aquatic|nitrous oxide|peatland,not supplied by discovery response,NO_MATCH,,,none_observed,Not supplied by discovery response; verify the dataset record before reuse,unknown,yes,no,no,,,,cac160567e917a1b8eb246e882c741c469a2baa04b200bdf132bb099cfeb76ab,1,ckan-data-gov-uk-f5652c43-67f6-44c8-a456-9b6d8044e2fb-b3f4524bb0,REVIEW_REQUIRED,DISCOVERED_ONLY,no governed pollutant/stressor relevance match; reachability unknown; licence review required
b46d6d669ecf6bc96cc8,ckan-data-gov-uk-a7348fa3-4476-437e-89be-b2135548aebf-9ee38acbe6,City of York Council,Average Annual Mean Nitrogen Dioxide concentration in Fulford (ug/m3) (Calendar Year),https://data.yorkopendata.org/dataset/a7348fa3-4476-437e-89be-b2135548aebf/resource/30c1e422-1183-4f56-8e36-38ede8d22966/download/kpi-can027e.csv,machine_service,United Kingdom; verify dataset record,,not supplied by discovery response,MATCHED,nitrogen-dioxide,DIRECT,none_observed,UK Open Government Licence (OGL),unknown,yes,no,no,,,,00b67c68f460fd126ed5da096dda92fdd62e14bfdf62d98a4847c873305f9f43,1,ckan-data-gov-uk-a7348fa3-4476-437e-89be-b2135548aebf-9ee38acbe6,REVIEW_REQUIRED,DISCOVERED_ONLY,reachability unknown
b48098736962a42e3d24,ckan-data-gov-uk-4bd7d2ed-bebb-4d9c-8440-bf504e3a9d8d-ade10ae8c5,Marine Environmental Data & Information Network,"Microplastic effect data. The world is your oyster: low-dose, long-term microplastic exposure of juvenile oysters",https://data.cefas.co.uk/view/20201,unknown,United Kingdom; verify dataset record,,not supplied by discovery response,MATCHED,microplastics|particulate-matter,DIRECT|EMERGING_CROSS_MEDIA,none_observed,Not supplied by discovery response; verify the dataset record before reuse,unknown,no,no,no,,,,52cd09b2e54dad7045cf8cd2be704a551e14a9af9a8267a3a69c93d594b4fbe0,1,ckan-data-gov-uk-4bd7d2ed-bebb-4d9c-8440-bf504e3a9d8d-ade10ae8c5,REVIEW_REQUIRED,DISCOVERED_ONLY,no machine-readable endpoint established; reachability unknown; licence review required
b499c7b50b7869105af6,ckan-data-gov-uk-c0f92b97-4986-445f-9d3a-ed2562e21d63-169f19a63a,South Cambridgeshire District Council,Air Quality Monitoring Area,https://www.data.gov.uk/dataset/air-quality-monitoring-area,catalogue_landing_page,United Kingdom; verify dataset record,,not supplied by discovery response,NO_MATCH,,,none_observed,Not supplied by discovery response; verify the dataset record before reuse,unknown,no,no,no,,,,35d653f62a0f8b4509ae108fe38a7bd566c099e3e45cef22da60ad74ff6a1c8b,1,ckan-data-gov-uk-c0f92b97-4986-445f-9d3a-ed2562e21d63-169f19a63a,REVIEW_REQUIRED,DISCOVERED_ONLY,no governed pollutant/stressor relevance match; no machine-readable endpoint established; reachability unknown; licence review required
b4ce05d7d26cbb48177d,arcgis-natural-england-e5147fa78f244b77b8b6ec02bf87f6fa-07c5d55a9c,Natural England,Catchment Sensitive Farming Air Quality Priority Areas (England),https://services.arcgis.com/JJzESW51TqeY9uat/arcgis/rest/services/Catchment_Sensitive_Farming_Air_Quality_Priority_Areas_England_/FeatureServer,machine_service,England; verify item extent,agriculture|air quality|catchments|csf|environment|farming,not supplied by discovery response,MATCHED,ammonia-ammonium|atmospheric-deposition,DIRECT_CROSS_MEDIA|PROCESS_LINK,none_observed,There are no public access constraints to this data. Use of this data is subject to the Open Government Licence - https://www.nationalarchives.gov.uk/doc/open-government-licence/version/3/,unknown,yes,no,no,,,,0f08c3f3247db7d150a31087c8163990ef8e733c5e7a2eee6931737153e92fc5,1,arcgis-natural-england-e5147fa78f244b77b8b6ec02bf87f6fa-07c5d55a9c,REVIEW_REQUIRED,DISCOVERED_ONLY,reachability unknown
b5556ea4992ed3f3f1ad,ckan-data-gov-uk-7d8e1bfc-ba2f-4b0d-93bb-36a211f2aed7-f3cb3f17c9,London Borough of Lewisham,Air Quality Monitoring,https://www.data.gov.uk/dataset/air-quality-monitoring3,catalogue_landing_page,United Kingdom; verify dataset record,,not supplied by discovery response,NO_MATCH,,,none_observed,Not supplied by discovery response; verify the dataset record before reuse,unknown,no,no,no,,,,20813e54349065e473e628e329d893759d900160199255d9b7a4cf06d69cc680,1,ckan-data-gov-uk-7d8e1bfc-ba2f-4b0d-93bb-36a211f2aed7-f3cb3f17c9,REVIEW_REQUIRED,DISCOVERED_ONLY,no governed pollutant/stressor relevance match; no machine-readable endpoint established; reachability unknown; licence review required
b5618792af43fa7acc0d,ckan-data-gov-uk-d8db44e8-f9ba-44a3-b527-bd8f35106f2f-616aa2cf2a,Environmental Information Data Centre,"Bulk density, carbon and nitrogen content in soil profiles from permafrost in subarctic Canada",https://data-package.ceh.ac.uk/sd/efa2a84b-3505-4221-a7da-12af3cdc1952.zip,machine_service,United Kingdom; verify dataset record,Bulk density|Burnt permafrost|Carbon content|Nitrogen content|Peatland plateau|Thawing peatland,not supplied by discovery response,NO_MATCH,,,none_observed,Not supplied by discovery response; verify the dataset record before reuse,unknown,yes,no,no,,,,e930ccfbbd82dfac4fd6d6bca8650de24ddac63cb6782566e89f81be08febd63,1,ckan-data-gov-uk-d8db44e8-f9ba-44a3-b527-bd8f35106f2f-616aa2cf2a,REVIEW_REQUIRED,DISCOVERED_ONLY,no governed pollutant/stressor relevance match; reachability unknown; licence review required
b5bb080d17dce47fbda3,ckan-data-gov-uk-f93f6edd-bf3e-4c03-a4c0-9c8a831620a7-0ff473e3ec,Teignbridge District Council,Air Quality Management Areas,https://www.data.gov.uk/dataset/air-quality-management-areas,catalogue_landing_page,United Kingdom; verify dataset record,,not supplied by discovery response,MATCHED,nitrogen-dioxide,DIRECT,none_observed,Not supplied by discovery response; verify the dataset record before reuse,unknown,no,no,no,,,,b5d675e4055e8261ce301f41542e5996a968f80bc2b2ae85c8ab19389da18b52,1,ckan-data-gov-uk-f93f6edd-bf3e-4c03-a4c0-9c8a831620a7-0ff473e3ec,REVIEW_REQUIRED,DISCOVERED_ONLY,no machine-readable endpoint established; reachability unknown; licence review required
b638298826ff235df44d,ckan-data-gov-uk-797cb403-0202-4591-a6de-2b02f711983e-608c76890c,London Borough of Camden,Camden Air Quality Diffusion Tubes,https://opendata.camden.gov.uk/api/v3/views/jzqb-f3xy/query.xml?accessType=DOWNLOAD,machine_service,United Kingdom; verify dataset record,air quality,not supplied by discovery response,MATCHED,nitrogen-dioxide,DIRECT,none_observed,Not supplied by discovery response; verify the dataset record before reuse,unknown,yes,no,no,,,,a91847680be04ae75d3c085f3f554375e152f249b6c534b725381ad2b5bb2c30,1,ckan-data-gov-uk-797cb403-0202-4591-a6de-2b02f711983e-608c76890c,REVIEW_REQUIRED,DISCOVERED_ONLY,reachability unknown; licence review required
b660418799b61834373f,ckan-data-gov-uk-219ba7ef-2abe-4e13-8ec8-06018a15f826-387f3b7dc7,City of York Council,Average Annual Mean Nitrogen Dioxide concentration in Blossom St/Holgate (ug/m3) (Calendar Year),https://data.yorkopendata.org/dataset/219ba7ef-2abe-4e13-8ec8-06018a15f826/resource/819d1f20-7606-45f6-8453-8648765fadd2/download/kpi-can027b.csv,machine_service,United Kingdom; verify dataset record,,not supplied by discovery response,MATCHED,nitrogen-dioxide,DIRECT,none_observed,UK Open Government Licence (OGL),unknown,yes,no,no,,,,ee73b7a3af17382caeadc69c5342d1dd7b5a44140f3efa197e416e3386fdf1e3,1,ckan-data-gov-uk-219ba7ef-2abe-4e13-8ec8-06018a15f826-387f3b7dc7,REVIEW_REQUIRED,DISCOVERED_ONLY,reachability unknown
b72fc9c0c7a16ef5be54,ckan-data-gov-uk-5d79d8ad-8742-4044-8796-1be911c16663-f3302ac131,Environmental Information Data Centre,Global ammonia emissions from seabirds,https://data-package.ceh.ac.uk/sd/c9e802b3-43c8-4b36-a3a3-8861d9da8ea9.zip,machine_service,United Kingdom; verify dataset record,Atmospheric Conditions|emission data|seabird,not supplied by discovery response,MATCHED,ammonia-ammonium,DIRECT_CROSS_MEDIA,none_observed,Not supplied by discovery response; verify the dataset record before reuse,unknown,yes,no,no,,,,a2a270c4febffb9b35aa76b789fc1817fcce5201f2340ac79871488afcf57dad,1,ckan-data-gov-uk-5d79d8ad-8742-4044-8796-1be911c16663-f3302ac131,REVIEW_REQUIRED,DISCOVERED_ONLY,reachability unknown; licence review required
b74e7cdf2ce26f6fd4b5,ckan-data-gov-uk-d21def91-cf2d-42e6-beaa-1f53de558f59-9b5ce0c8de,Ipswich Borough Council,AQMA Tube Location - Ipswich,https://maps.ipswich.gov.uk/WMS_INSPIRE/service.svc/get?request=GetCapabilities&service=WMS,machine_service,United Kingdom; verify dataset record,environmental_aspect_of_human_settlements|environmental_assessment|nitrogen_dioxide,not supplied by discovery response,NO_MATCH,,,none_observed,Creative Commons Attribution,unknown,yes,no,no,,,,595c52462b801bbdcd5f1387277d026dc9ddd2199997bf45ddca5ae1731bfd66,1,ckan-data-gov-uk-d21def91-cf2d-42e6-beaa-1f53de558f59-9b5ce0c8de,REVIEW_REQUIRED,DISCOVERED_ONLY,no governed pollutant/stressor relevance match; reachability unknown
b8f22f40e8b475502d8b,ckan-data-gov-uk-1be0b34f-292a-414e-9181-ad4c3bd170f3-e363f02f01,Joint Nature Conservation Committee,Habitat point records from 1992 SWW Tamar Estuary sublittoral sediment survey,http://data.jncc.gov.uk/data/5b498680-9de6-43dd-9f17-51c9e2a99816-1992-SWW-Tamar-Estuary-sublittoral-sediment-survey.csv,machine_service,United Kingdom; verify dataset record,,not supplied by discovery response,MATCHED,ultrafine-particles,DIRECT,none_observed,UK Open Government Licence (OGL),unknown,yes,no,no,,,,cd7e2f2e642c9ea8328d7835541747013c1bfa0463f9c58b202dadebccfc4887,1,ckan-data-gov-uk-1be0b34f-292a-414e-9181-ad4c3bd170f3-e363f02f01,REVIEW_REQUIRED,DISCOVERED_ONLY,reachability unknown
ba11e5cd3514f4d4b024,ckan-data-gov-uk-eefebf07-c648-4b52-865c-cdbe9714b050-681ea5f85f,Scottish Government SpatialData.gov.scot,Air Quality Management Area - Perth and Kinross,https://open-data-perth-kinross.hub.arcgis.com/datasets/8b156069dfae4be0922304145dae4a6d_6/explore?location=56.394250%2C-3.614493%2C12.33,unknown,United Kingdom; verify dataset record,Air Quality|Environmental monitoring facilities|Monitoring,not supplied by discovery response,MATCHED,nitrogen-dioxide|particulate-matter,DIRECT,none_observed,Not supplied by discovery response; verify the dataset record before reuse,unknown,no,no,no,,,,6c3f3174a176f12fbf3b6a3f1abb1c296144592b7624eef9581e35c04d22e6d3,1,ckan-data-gov-uk-eefebf07-c648-4b52-865c-cdbe9714b050-681ea5f85f,REVIEW_REQUIRED,DISCOVERED_ONLY,no machine-readable endpoint established; reachability unknown; licence review required
baafbead89857e272c03,ckan-data-gov-uk-c944aef6-0f0f-4afe-8c17-a34dedebd471-2396796151,Environmental Information Data Centre,"Meteorological data and ammonia concentration and deposition rates from an ammonia enhancement experiment site, Glencorse, UK, 2021-2022",https://data-package.ceh.ac.uk/sd/e30ca77b-9118-4279-8b3a-a4c7773d1c43.zip,machine_service,United Kingdom; verify dataset record,Meteorological geographical features|Scotland|compensation point|enhancement|field release|resistance modelling,not supplied by discovery response,MATCHED,ammonia-ammonium|atmospheric-deposition,DIRECT_CROSS_MEDIA|PROCESS_LINK,none_observed,Not supplied by discovery response; verify the dataset record before reuse,unknown,yes,no,no,,,,064c2a56caa94cffc0a9a5c234da13b2cff61c4c757ca5a17a93f8f366a6c373,1,ckan-data-gov-uk-c944aef6-0f0f-4afe-8c17-a34dedebd471-2396796151,REVIEW_REQUIRED,DISCOVERED_ONLY,reachability unknown; licence review required
bac1a5d7ab7705dce83c,ckan-data-gov-uk-0f20d4e2-6811-48c7-b876-ad1287f08dcb-63ebaa5cbc,Environment Agency,Sensitive Areas - Eutrophic Coastal,https://environment.data.gov.uk/api/file/download?fileDataSetId=6ed78505-0fcc-4cdb-8b3d-8fbb9d488500&fileName=Sensitive_Areas_Eutrophic_Coastal.shp.zip,machine_service,United Kingdom; verify dataset record,biota|coastal pollution|environment|eutrophication|inlandWaters|lake pollution|river pollution|sensitive area|sensitive environment|waste water|water pollution|water quality,not supplied by discovery response,NO_MATCH,,,none_observed,Not supplied by discovery response; verify the dataset record before reuse,unknown,yes,no,no,,,,c80c982ef23c8e9fbb796898d5f8f79b074c9c1489dc2274aa4cdb29bbcb4655,1,ckan-data-gov-uk-0f20d4e2-6811-48c7-b876-ad1287f08dcb-63ebaa5cbc,REVIEW_REQUIRED,DISCOVERED_ONLY,no governed pollutant/stressor relevance match; reachability unknown; licence review required
bb4a74596f07266586e3,ckan-data-gov-uk-d4a2566b-9cbb-4740-890b-0946d6da1f01-0ca5eeb91d,Environmental Information Data Centre,"Bacterial community structure and soil process data from a sewage sludge amended upland grassland soil experiment, 2000 [NERC Soil Biodiversity Programme]",https://data-package.ceh.ac.uk/sd/1cebca07-dd82-4ba2-823b-274868abda42.zip,machine_service,United Kingdom; verify dataset record,Scottish borders|Soil|Soil ammonia|Soil ammonia oxidation potential|Soil de-nitrification potential|Soil methane oxidisation potential|Soil methane production|Soil moisture|Soil pH|Soil respiration rate|Sourhope|TTGE|Total Kjeldahl nitrogen|Total organic carbon,not supplied by discovery response,MATCHED,ammonia-ammonium,DIRECT_CROSS_MEDIA,none_observed,Not supplied by discovery response; verify the dataset record before reuse,unknown,yes,no,no,,,,e061fd0b44e611fad81a1fec736799e56678d2acb555fb6c1b1a0d9ea5c025d4,1,ckan-data-gov-uk-d4a2566b-9cbb-4740-890b-0946d6da1f01-0ca5eeb91d,REVIEW_REQUIRED,DISCOVERED_ONLY,reachability unknown; licence review required
bb50778e2ac8ee95d1af,ckan-data-gov-uk-e439aef1-d781-4afc-a371-d62673536522-fcc0b424a6,"Department for Environment, Food and Rural Affairs","Serious pollution incidents affecting water, air and land 2002 to 2010",https://s3.eu-west-1.amazonaws.com/data.defra.gov.uk/env/spfg11-pol-inc-201011.csv,machine_service,United Kingdom; verify dataset record,,not supplied by discovery response,NO_MATCH,,,none_observed,UK Open Government Licence (OGL),unknown,yes,no,no,,,,224fcb668bbcca2eb24c9b6f5d8cddc52d2e5efefbdc2940d53289e91c070c3b,1,ckan-data-gov-uk-e439aef1-d781-4afc-a371-d62673536522-fcc0b424a6,REVIEW_REQUIRED,DISCOVERED_ONLY,no governed pollutant/stressor relevance match; reachability unknown
bbb3e4ae6edf440fe3b2,ckan-data-gov-uk-1b1c2751-3424-4c9c-ae11-5e760ebf54f6-e2d1736775,Centre for Environmental Data Analysis,Interrogating Trees as Archives of Environmental Sulphur Variability Project: Sulphur Dendrochemistry measurement collection from trees in Italy and in the UK,http://data.ceda.ac.uk/badc/nerc-rm2010/data/tree-sulphur-var/sulphur-isotope-in-tree-rings.pdf,unknown,United Kingdom; verify dataset record,,not supplied by discovery response,MATCHED,atmospheric-deposition,PROCESS_LINK,none_observed,UK Open Government Licence (OGL),unknown,no,no,no,,,,dc95bb2bfd4e726015f744bac10c977e998800e00844c078d2955b657e7a9328,2,ckan-data-gov-uk-1b1c2751-3424-4c9c-ae11-5e760ebf54f6-e2d1736775|ckan-data-gov-uk-3881ae14-d408-4e4a-8080-c8973ffea175-b796db8fcd,REVIEW_REQUIRED,DISCOVERED_ONLY,no machine-readable endpoint established; reachability unknown
bbfa2773ce6c0e794d3b,ckan-data-gov-uk-c14680e2-3bf0-4149-99a1-551348cbc9b3-bc0defb205,Marine Environmental Data & Information Network,North Sea Nutrient Analysis,https://data.cefas.co.uk/view/3071,unknown,United Kingdom; verify dataset record,,not supplied by discovery response,MATCHED,ammonia-ammonium|nitrogen-dioxide,DIRECT|DIRECT_CROSS_MEDIA,none_observed,Not supplied by discovery response; verify the dataset record before reuse,unknown,no,no,no,,,,a5bf2bc460ce1a648c357295780c48201307a440499dd750fa2308f2b0029ff5,1,ckan-data-gov-uk-c14680e2-3bf0-4149-99a1-551348cbc9b3-bc0defb205,REVIEW_REQUIRED,DISCOVERED_ONLY,no machine-readable endpoint established; reachability unknown; licence review required
bc06f1c8eb2580bfa64a,ckan-data-gov-uk-cfd94301-a2f2-48a2-9915-e477ca6d8b7e-8436846662,Environment Agency,Pollution Inventory,https://environment.data.gov.uk/api/file/download?fileDataSetId=4faa4a52-7df2-4047-bc3f-877dd04222d8&fileName=2020_Pollution_Inventory_Dataset_v2.zip,machine_service,United Kingdom; verify dataset record,economy|emission to air|environment|inlandWaters|metadataStatisticalCalculationService|pollutant|water and land,not supplied by discovery response,NO_MATCH,,,none_observed,Not supplied by discovery response; verify the dataset record before reuse,unknown,yes,no,no,,,,050d740a4582b870b1436dcd4b3fe0e3a365097a6549d34ac9c158352c8a0b53,1,ckan-data-gov-uk-cfd94301-a2f2-48a2-9915-e477ca6d8b7e-8436846662,REVIEW_REQUIRED,DISCOVERED_ONLY,no governed pollutant/stressor relevance match; reachability unknown; licence review required
bc1c4dc9b04efb2f9c47,ckan-data-gov-uk-6a040b02-77e9-49f1-91de-8474b03cf11f-38db2f67bb,South Gloucestershire Council,ContinuousMonitoringStations_SG,https://www.data.gov.uk/dataset/continuousmonitoringstations-sg,catalogue_landing_page,United Kingdom; verify dataset record,,not supplied by discovery response,MATCHED,nitrogen-dioxide|particulate-matter,DIRECT,none_observed,Not supplied by discovery response; verify the dataset record before reuse,unknown,no,no,no,,,,8e496975527217379d64df5664ea337a84db9797dd7c88ecb3a6506706f26e9a,1,ckan-data-gov-uk-6a040b02-77e9-49f1-91de-8474b03cf11f-38db2f67bb,REVIEW_REQUIRED,DISCOVERED_ONLY,no machine-readable endpoint established; reachability unknown; licence review required
bc34ca1f77cdffc1f912,ckan-data-gov-uk-35fda55c-b6b9-4075-a4de-e3508e5575c8-4e6d882d69,Environmental Information Data Centre,"Sulphur and nitrogen atmospheric Concentration Based Estimated Deposition (CBED) data for the UK, 2017-2019",https://data-package.ceh.ac.uk/sd/1efa692d-76ca-406e-8736-837a457e16ee.zip,machine_service,United Kingdom; verify dataset record,Atmospheric Conditions|Environmental Monitoring Facilities,not supplied by discovery response,MATCHED,atmospheric-deposition|particulate-matter,DIRECT|PROCESS_LINK,none_observed,Not supplied by discovery response; verify the dataset record before reuse,unknown,yes,no,no,,,,bdc19b8ec3465f12eef4337d79baec1f329f78d0abb2eeeb9ded1ec506699f91,1,ckan-data-gov-uk-35fda55c-b6b9-4075-a4de-e3508e5575c8-4e6d882d69,REVIEW_REQUIRED,DISCOVERED_ONLY,reachability unknown; licence review required
bc6c4c44a6236249409f,ckan-data-gov-uk-44daf5ab-50dc-4f70-b21d-b8b8123ae116-4fd5e70a5d,City of York Council,Average Annual Mean Nitrogen Dioxide concentration in Gillygate / LMW (ug/m3) (Calendar Year),https://data.yorkopendata.org/dataset/44daf5ab-50dc-4f70-b21d-b8b8123ae116/resource/402c25a1-d74b-4a74-8542-e459c7f471c7/download/kpi-can027f.csv,machine_service,United Kingdom; verify dataset record,,not supplied by discovery response,MATCHED,nitrogen-dioxide,DIRECT,none_observed,UK Open Government Licence (OGL),unknown,yes,no,no,,,,3da8e0b77ffc51e645e6c37ed96b443df6e2b306a3b319e549c995d569b0626f,1,ckan-data-gov-uk-44daf5ab-50dc-4f70-b21d-b8b8123ae116-4fd5e70a5d,REVIEW_REQUIRED,DISCOVERED_ONLY,reachability unknown
bc6ebb96e94d5f137c7a,ckan-data-gov-uk-150a9990-a757-4b33-b17c-ddbddcdbeed0-0fca67ad0d,Wirral Metropolitan Borough Council,Air Quality Points,https://www.wirral.gov.uk/files/wirral-asr-2023-final.pdf,unknown,United Kingdom; verify dataset record,,not supplied by discovery response,MATCHED,nitrogen-dioxide,DIRECT,none_observed,Not supplied by discovery response; verify the dataset record before reuse,unknown,no,no,no,,,,71ccc4451cf76ad2a21ed69e61c0d11a4236c7432ea62f07832943cdbf12a1be,1,ckan-data-gov-uk-150a9990-a757-4b33-b17c-ddbddcdbeed0-0fca67ad0d,REVIEW_REQUIRED,DISCOVERED_ONLY,no machine-readable endpoint established; reachability unknown; licence review required
bc78ec201b1706e020a5,ckan-data-gov-uk-8c7a6e92-a4a3-4c33-aee2-995b36b165b1-538b141941,City of Bradford Metropolitan District Council,Air Quality Monitoring Auto Stations,https://spatialdata-cbmdc.hub.arcgis.com/api/download/v1/items/df34a59d9f0446b5b107edb0a8e13ab8/shapefile?layers=0,machine_service,United Kingdom; verify dataset record,Air Quality Monitoring|Education|Environment|Transport,not supplied by discovery response,MATCHED,nitrogen-dioxide|particulate-matter,DIRECT,none_observed,Not supplied by discovery response; verify the dataset record before reuse,unknown,yes,no,no,,,,f4fdf7fc14996b2d8c6f2f0b29aad90df761fbdfa499e6b2946ddb9de405aedc,1,ckan-data-gov-uk-8c7a6e92-a4a3-4c33-aee2-995b36b165b1-538b141941,REVIEW_REQUIRED,DISCOVERED_ONLY,reachability unknown; licence review required
bc8f712475f11231be96,ckan-data-gov-uk-06b52c6f-f447-40c1-b3fe-15baf2e5ecf1-82b27062c1,Environmental Information Data Centre,"Gridded emissions of ammonia (NH3) from agricultural sources in South Asia at 0.1 degrees resolution, 2015",https://data-package.ceh.ac.uk/sd/e0114a4f-32c2-41d9-9c2a-c46f365d4c30.zip,machine_service,United Kingdom; verify dataset record,NH3|South Asia|emissions,not supplied by discovery response,MATCHED,ammonia-ammonium,DIRECT_CROSS_MEDIA,none_observed,Not supplied by discovery response; verify the dataset record before reuse,unknown,yes,no,no,,,,341f7e93b0e6c5d98e20603b6ecab0a76a7a9c2594f51ccf36680983f10e07a3,1,ckan-data-gov-uk-06b52c6f-f447-40c1-b3fe-15baf2e5ecf1-82b27062c1,REVIEW_REQUIRED,DISCOVERED_ONLY,reachability unknown; licence review required
bd44b9b8b6277c39ae52,ckan-data-gov-uk-d8787f9e-88e1-4cad-9056-f706be1b7533-9f5888a9ec,Environmental Information Data Centre,"210Pb-dated historical lake sediment metal concentrations from Greater Glasgow, Scotland (mid-19th century to 2016)",https://data-package.ceh.ac.uk/sd/4b4a2388-fea2-48e8-8d61-4b93ada479bb.zip,machine_service,United Kingdom; verify dataset record,Hydrography|Lake sediment|geochemistry|lead-210|loch sediment|trace metals,not supplied by discovery response,MATCHED,heavy-metals|mercury,DIRECT_CROSS_MEDIA,none_observed,Not supplied by discovery response; verify the dataset record before reuse,unknown,yes,no,no,,,,a1cbffe2d9ca467623d2cf74f6aa8d930167fe2d59026968829fc1813dbae465,1,ckan-data-gov-uk-d8787f9e-88e1-4cad-9056-f706be1b7533-9f5888a9ec,REVIEW_REQUIRED,DISCOVERED_ONLY,reachability unknown; licence review required
be8c8da710d2880919e0,ckan-data-gov-uk-6d8283ea-0de9-40e3-8a2c-51f5c0259925-28f2d211a8,Scottish Government SpatialData.gov.scot,FGS Climatic Site Suitability - Diverse Conifer - Douglas Fir,https://ogc.nature.scot/geoserver/scottishforestry/ows?service=WMS&request=GetCapabilities,machine_service,United Kingdom; verify dataset record,Environment|FGS|Felling|Forest Management|Forestry|Grant Schemes|Habitats and biotopes|Landscape|Licence|Ownership|Planning|Woodland,not supplied by discovery response,MATCHED,mercury,DIRECT_CROSS_MEDIA,none_observed,Not supplied by discovery response; verify the dataset record before reuse,unknown,yes,no,no,,,,6d33b922af6d38a70ff763e4849c767e674a9f9f0b2071ad9ace4f5727c9aee7,1,ckan-data-gov-uk-6d8283ea-0de9-40e3-8a2c-51f5c0259925-28f2d211a8,REVIEW_REQUIRED,DISCOVERED_ONLY,reachability unknown; licence review required
bea31485a4fa661a3794,ckan-data-gov-uk-4eae65ae-b12a-4282-bead-d7904730ca07-4ec02a7243,Environmental Information Data Centre,"Monthly ammonia measurements from passive samplers using ALPHA® PTFE1020 membrane at four UK Eutrophying and Acidifying Pollutants (UKEAP) network sites, 2021",https://data-package.ceh.ac.uk/sd/3590613d-c462-4972-a27b-d2245e0e93a0.zip,machine_service,United Kingdom; verify dataset record,Ammonia monitoring|Atmospheric Conditions|UKEAP|passive sampler,not supplied by discovery response,MATCHED,ammonia-ammonium,DIRECT_CROSS_MEDIA,none_observed,Not supplied by discovery response; verify the dataset record before reuse,unknown,yes,no,no,,,,bfb4efdb13cbd8381a0cdfd095bdf325f0b69282b1c912f6ed6f53a89a246e69,1,ckan-data-gov-uk-4eae65ae-b12a-4282-bead-d7904730ca07-4ec02a7243,REVIEW_REQUIRED,DISCOVERED_ONLY,reachability unknown; licence review required
bedf48b3d7717734b7f0,ckan-data-gov-uk-adadbe26-9346-4ab5-b3c4-ddfbdd6587e3-afc3081c17,Environmental Information Data Centre,"Meteorological data and ammonia concentration and deposition rates from an ammonia enhancement experiment site, Queensberry, Sri Lanka, 2022",https://data-package.ceh.ac.uk/sd/998c2b2b-7470-42b0-81e7-409b91752377.zip,machine_service,United Kingdom; verify dataset record,compensation point|enhancement|field release|resistance modelling,not supplied by discovery response,MATCHED,ammonia-ammonium|atmospheric-deposition,DIRECT_CROSS_MEDIA|PROCESS_LINK,none_observed,Not supplied by discovery response; verify the dataset record before reuse,unknown,yes,no,no,,,,55ab9138ba3791519aae0441f2a796e540de56d5a20dc5fb3e2fb45383e8a0da,1,ckan-data-gov-uk-adadbe26-9346-4ab5-b3c4-ddfbdd6587e3-afc3081c17,REVIEW_REQUIRED,DISCOVERED_ONLY,reachability unknown; licence review required
beeedafba3221e718ecc,ckan-data-gov-uk-a38c0809-1d93-4875-ae15-9e6a96df78a3-4c6dcb2f7b,City of York Council,The average of maximum annual mean Nitrogen Dioxide concentration recorded across three areas of technical breach (at points of relevant public exposure) (ug/m3) (Calendar Year),https://data.yorkopendata.org/dataset/a38c0809-1d93-4875-ae15-9e6a96df78a3/resource/5f84f6a4-07d0-4bc5-adf6-f292a1413379/download/kpi-can038.csv,machine_service,United Kingdom; verify dataset record,,not supplied by discovery response,MATCHED,nitrogen-dioxide,DIRECT,none_observed,UK Open Government Licence (OGL),unknown,yes,no,no,,,,b0bc4d9b5b13a310a19c89bde2ebf83607f0d608ab2f5cb93d2350edb78f7d72,1,ckan-data-gov-uk-a38c0809-1d93-4875-ae15-9e6a96df78a3-4c6dcb2f7b,REVIEW_REQUIRED,DISCOVERED_ONLY,reachability unknown
bfcfd1db604c2b0dfbe1,ckan-data-gov-uk-01868a68-f1b3-490d-a26b-a753d9d25f52-bbd3cfc94a,Environmental Information Data Centre,Persistent organic pollutants and mercury in merlin and golden eagle eggs [PBMS],https://data-package.ceh.ac.uk/sd/ad38a087-01a3-4865-b07c-a088ffb65916.zip,machine_service,United Kingdom; verify dataset record,Environmental Monitoring Facilities,not supplied by discovery response,MATCHED,mercury,DIRECT_CROSS_MEDIA,none_observed,Not supplied by discovery response; verify the dataset record before reuse,unknown,yes,no,no,,,,9aeca54979471bf3839adeb1fdab76df4525b46baab6533eb7584534ec5cd9d2,1,ckan-data-gov-uk-01868a68-f1b3-490d-a26b-a753d9d25f52-bbd3cfc94a,REVIEW_REQUIRED,DISCOVERED_ONLY,reachability unknown; licence review required
c1742fa7404b68685f97,ckan-data-gov-uk-759b241b-0ba7-4cb3-9ffa-b28f998c23c5-45b545753d,Environmental Information Data Centre,Sulphur and nitrogen atmospheric Concentration Based Estimated Deposition (CBED) data for the UK 2014-2016,https://data-package.ceh.ac.uk/sd/05047b98-26a0-4162-adaf-18f68f802d9f.zip,machine_service,United Kingdom; verify dataset record,Atmospheric Conditions|Concentration Based Estimated Deposition (CBED)|base cations|nitrogen|pollutant|sulphur,not supplied by discovery response,MATCHED,atmospheric-deposition|particulate-matter,DIRECT|PROCESS_LINK,none_observed,Not supplied by discovery response; verify the dataset record before reuse,unknown,yes,no,no,,,,f2c51ad6e9d355a8991644e9381fa961e7ba4b605e1a3d4de9e831260d3ab4a2,1,ckan-data-gov-uk-759b241b-0ba7-4cb3-9ffa-b28f998c23c5-45b545753d,REVIEW_REQUIRED,DISCOVERED_ONLY,reachability unknown; licence review required
c251989ae9f5bf308d33,ckan-data-gov-uk-76fd18a4-cb0e-43b7-b9b1-beb750369b1c-fbfd3027f6,Environmental Information Data Centre,"Wildfire simulation outputs from Fire Dynamics Simulator (FDS) using real-world fuel data from forest plots, Oregon, USA, 2019",https://data-package.ceh.ac.uk/sd/f9180989-6528-404e-8110-e3dcc205a6a1.zip,machine_service,United Kingdom; verify dataset record,FDS|LiDAR|computational fluid dynamics models|wildfire,not supplied by discovery response,NO_MATCH,,,none_observed,Not supplied by discovery response; verify the dataset record before reuse,unknown,yes,no,no,,,,abc78e463ed500449c9b8a54b6cd4b7dbfb8bb3336a3fc014666d944df45d107,1,ckan-data-gov-uk-76fd18a4-cb0e-43b7-b9b1-beb750369b1c-fbfd3027f6,REVIEW_REQUIRED,DISCOVERED_ONLY,no governed pollutant/stressor relevance match; reachability unknown; licence review required
c2543a49d4aa94041671,ckan-data-gov-uk-6688ef10-382f-4dfc-b75d-7b2aa1c2cbf9-fd9bffbf04,British Geological Survey (BGS),Dissolved Organic and Dissolved Black Carbon Concentrations in South American Rivers (NERC grant NE/L002434/1),https://webapps.bgs.ac.uk/services/ngdc/accessions/index.html#item126430,unknown,United Kingdom; verify dataset record,Carbon|NERC_DDC|Organic geochemistry,not supplied by discovery response,MATCHED,black-carbon,DIRECT,none_observed,Not supplied by discovery response; verify the dataset record before reuse,unknown,no,no,no,,,,3460765ec0603aef0b1f1be8ebf109770fa84b3b651d2d4752999b3727c334d4,1,ckan-data-gov-uk-6688ef10-382f-4dfc-b75d-7b2aa1c2cbf9-fd9bffbf04,REVIEW_REQUIRED,DISCOVERED_ONLY,no machine-readable endpoint established; reachability unknown; licence review required
c2877bcdd68fae95ffc2,ckan-data-gov-uk-bd8d0aba-3edc-4f4a-8d5f-5096f928f877-a7e7f67c99,Environmental Information Data Centre,"Average Accumulated Exceedance (AAE) of critical loads of acidity and nutrient nitrogen by acid and nitrogen deposition for the UK, 2019-2021",https://data-package.ceh.ac.uk/sd/959a71fe-3340-4a0f-83b3-1cc981709502.zip,machine_service,United Kingdom; verify dataset record,Atmospheric Conditions,not supplied by discovery response,MATCHED,ammonia-ammonium|atmospheric-deposition|nitrogen-dioxide,DIRECT|DIRECT_CROSS_MEDIA|PROCESS_LINK,none_observed,Not supplied by discovery response; verify the dataset record before reuse,unknown,yes,no,no,,,,27cdb32131cfd001a895cb93351dc610aca5c23e816d32009981cc5c8a5e19a9,1,ckan-data-gov-uk-bd8d0aba-3edc-4f4a-8d5f-5096f928f877-a7e7f67c99,REVIEW_REQUIRED,DISCOVERED_ONLY,reachability unknown; licence review required
c326aa7af258dce6d247,ckan-data-gov-uk-c07d1fb1-9ba6-47ee-a12f-27e360eb5180-36a539a6c6,Joint Nature Conservation Committee,Habitat point records from 1983 Rostron Isles of Scilly sublittoral sediment survey,http://data.jncc.gov.uk/data/d0f7b791-50ae-4ab1-8d8d-1a55e49af639-1983-Rostron-Isles-of-Scilly-sublittoral-sediment-survey.csv,machine_service,United Kingdom; verify dataset record,,not supplied by discovery response,NO_MATCH,,,none_observed,UK Open Government Licence (OGL),unknown,yes,no,no,,,,3b0c7e431e1f8fcdeca60afa1b637a4e7535ce46fda18f2e0e6ac2ddcb3a40a2,1,ckan-data-gov-uk-c07d1fb1-9ba6-47ee-a12f-27e360eb5180-36a539a6c6,REVIEW_REQUIRED,DISCOVERED_ONLY,no governed pollutant/stressor relevance match; reachability unknown
c34f40796506031debe4,ckan-data-gov-uk-1c7a201e-9c08-4f7b-960a-e660a49c17c8-d80ddf9513,Marine Environmental Data & Information Network,Microplastics in sea surface waters in the Southern Bight of the North Sea in 2022,https://data.cefas.co.uk/view/21956,unknown,United Kingdom; verify dataset record,,not supplied by discovery response,MATCHED,microplastics,EMERGING_CROSS_MEDIA,none_observed,Not supplied by discovery response; verify the dataset record before reuse,unknown,no,no,no,,,,fe85dffa507c2b3f5951d8dee6987dda51c4c634bc363b615928d3fa4b7fc45e,1,ckan-data-gov-uk-1c7a201e-9c08-4f7b-960a-e660a49c17c8-d80ddf9513,REVIEW_REQUIRED,DISCOVERED_ONLY,no machine-readable endpoint established; reachability unknown; licence review required
c3e89e9fdefb8a04c868,ckan-data-gov-uk-c28fc826-1932-4794-8692-c5a1b9b4cb9e-8a7480646d,Environmental Information Data Centre,"Soil, site and tree characteristics for acute oak decline (AOD) symptomatic and non-symptomatic oak in three UK woodlands, southern England, 2016",https://data-package.ceh.ac.uk/sd/9947ccc9-7396-4821-b095-c374bd857305.zip,machine_service,United Kingdom; verify dataset record,Acute Oak Decline|England|Forest Mensuration|Habitats and Biotopes|Soil Properties|gleying,not supplied by discovery response,MATCHED,ammonia-ammonium,DIRECT_CROSS_MEDIA,none_observed,Not supplied by discovery response; verify the dataset record before reuse,unknown,yes,no,no,,,,35fff24c7ef3a5503c657a01e0ae25e197668ae3fbff248864395ff8fa1a7483,1,ckan-data-gov-uk-c28fc826-1932-4794-8692-c5a1b9b4cb9e-8a7480646d,REVIEW_REQUIRED,DISCOVERED_ONLY,reachability unknown; licence review required
c4ba655479f59e3f68d3,ckan-data-gov-uk-3e504f25-3082-4dc0-9ae0-2df51d69d3f3-cf5cebf891,Environment Agency,Saline Fish Per- and polyfluoroalkyl substances (PFAS) analysis 2022,https://www.data.gov.uk/dataset/saline-fish-per-and-polyfluoroalkyl-substances-pfas-analysis-2022,catalogue_landing_page,United Kingdom; verify dataset record,Biota|PFAS|Saline Fish|biota|chemical|environment|fish|monitoring|persistence|research,not supplied by discovery response,MATCHED,pfas,EMERGING_CROSS_MEDIA,none_observed,Not supplied by discovery response; verify the dataset record before reuse,unknown,no,no,no,,,,7e8e12260ca13d5a03ea89c45193bebc61357049e8f565efc4c08c7f98f5e686,1,ckan-data-gov-uk-3e504f25-3082-4dc0-9ae0-2df51d69d3f3-cf5cebf891,REVIEW_REQUIRED,DISCOVERED_ONLY,no machine-readable endpoint established; reachability unknown; licence review required
c4e4ff593b2ba1cc2cfc,ckan-data-gov-uk-a1160df6-9662-4968-8d79-ed4a313d5035-679b748845,City of York Council,The maximum Nitrogen Dioxide concentration in Gillygate / LMW (ug/m3) (Calendar Year),https://data.yorkopendata.org/dataset/a1160df6-9662-4968-8d79-ed4a313d5035/resource/54ca9f0e-9696-4379-ab32-7ca8fa5325aa/download/kpi-can028f.csv,machine_service,United Kingdom; verify dataset record,,not supplied by discovery response,MATCHED,nitrogen-dioxide,DIRECT,none_observed,UK Open Government Licence (OGL),unknown,yes,no,no,,,,3a981f64150f232cd7ba3ba35ce01bd22f0486cb33b1b8623ff64f30b8539000,1,ckan-data-gov-uk-a1160df6-9662-4968-8d79-ed4a313d5035-679b748845,REVIEW_REQUIRED,DISCOVERED_ONLY,reachability unknown
c5522a4669b2671de357,ckan-data-gov-uk-bfaf890c-0ebc-42f7-954d-9cde251902a2-9dce3a08ac,"Department for Environment, Food and Rural Affairs",UK Air Quality Measurements Bulk Data Download,http://uk-air.defra.gov.uk/data/sos/about/,machine_service,United Kingdom; verify dataset record,,not supplied by discovery response,NO_MATCH,,,none_observed,UK Open Government Licence (OGL),unknown,yes,no,no,,,,16453d21eff9a0d4021c05c2b90ebc38eb0d20adccd2610aafd29b2541b1b356,1,ckan-data-gov-uk-bfaf890c-0ebc-42f7-954d-9cde251902a2-9dce3a08ac,REVIEW_REQUIRED,DISCOVERED_ONLY,no governed pollutant/stressor relevance match; reachability unknown
c5e40475b8336f1d7389,ckan-data-gov-uk-a94dcff0-c52e-418f-92a0-be0783e288d5-e793ad24c9,London Borough of Camden,Camden Indoor Air Quality,https://www.data.gov.uk/dataset/camden-indoor-air-quality,catalogue_landing_page,United Kingdom; verify dataset record,air quality|clean air|public health|wider determinants of health,not supplied by discovery response,NO_MATCH,,,none_observed,Not supplied by discovery response; verify the dataset record before reuse,unknown,no,no,no,,,,0abc0ad6a6e8df8a9047f0cb3d565fcd828374d006f5ea3f2b68c3b77af9a12a,1,ckan-data-gov-uk-a94dcff0-c52e-418f-92a0-be0783e288d5-e793ad24c9,REVIEW_REQUIRED,DISCOVERED_ONLY,no governed pollutant/stressor relevance match; no machine-readable endpoint established; reachability unknown; licence review required
c6039cd40f131a93e397,ckan-data-gov-uk-da280eb0-6b66-486b-950a-e2e01b4853f5-20f26735d7,Marine Environmental Data & Information Network,Microplastics data in UK (England and Wales) seafloor sediments from 2013 to 2021,https://data.cefas.co.uk/view/21717,unknown,United Kingdom; verify dataset record,,not supplied by discovery response,MATCHED,microplastics,EMERGING_CROSS_MEDIA,none_observed,Not supplied by discovery response; verify the dataset record before reuse,unknown,no,no,no,,,,6a159ef9ff7c37ccb715440ae29b6dd05cd7bb7f8e36aa010cc939dc347a97e6,1,ckan-data-gov-uk-da280eb0-6b66-486b-950a-e2e01b4853f5-20f26735d7,REVIEW_REQUIRED,DISCOVERED_ONLY,no machine-readable endpoint established; reachability unknown; licence review required
c6b7541c0505538ffd35,ckan-data-gov-uk-4b0d7b9a-5bf8-474a-9055-ba0a8b26e198-c1b5a05bc0,Environmental Information Data Centre,The EMEP4UK modelled daily atmospheric composition,https://data-package.ceh.ac.uk/sd/39c6e02f-11ee-44d5-b587-b225f1a99bc8.zip,machine_service,United Kingdom; verify dataset record,Atmospheric Conditions|European Monitoring Evaluation Programme (EMEP)|Particulate organic matter,not supplied by discovery response,MATCHED,acid-gas-aerosol|ammonia-ammonium|atmospheric-deposition|black-carbon|nitrogen-dioxide|particulate-matter,DIRECT|DIRECT_CROSS_MEDIA|PROCESS_LINK,none_observed,Not supplied by discovery response; verify the dataset record before reuse,unknown,yes,no,no,,,,98efefe45007a09980a230f9b956c522a0207587f3792885062173b11b644cda,1,ckan-data-gov-uk-4b0d7b9a-5bf8-474a-9055-ba0a8b26e198-c1b5a05bc0,REVIEW_REQUIRED,DISCOVERED_ONLY,reachability unknown; licence review required
c6c08e6dc7dfb56c2cab,ckan-data-gov-uk-d881f7bc-0ce2-48ae-adc0-47b02986bbd1-ad2ce2b50e,British Geological Survey (BGS),BGS Mineral Assessment Reports,https://www.bgs.ac.uk/mineralsuk/minerals/mine-and-quarry/industrial-mineral-assessment-unit-imau-reports-and-maps/,unknown,United Kingdom; verify dataset record,Boreholes|Digital data|Economic geology|Gravel|Mineral deposits|Mineral resources|Mineral sands|NERC_DDC|Natural resources|Resource assessment,not supplied by discovery response,NO_MATCH,,,none_observed,Not supplied by discovery response; verify the dataset record before reuse,unknown,no,no,no,,,,48a3d0e59ae8ef373b1e44cbddee845953c3cddd7e88260d291f569f275c5e80,1,ckan-data-gov-uk-d881f7bc-0ce2-48ae-adc0-47b02986bbd1-ad2ce2b50e,REVIEW_REQUIRED,DISCOVERED_ONLY,no governed pollutant/stressor relevance match; no machine-readable endpoint established; reachability unknown; licence review required
c70dcd696636dfa8c4a4,ckan-data-gov-uk-9eb01187-c59e-4dda-93dc-e81c65f89127-055715b8ab,British Geological Survey (BGS),Defra Marine Conservation Zone (MCZ) geology and backscatter data (2011 onwards),https://webapps.bgs.ac.uk/services/ngdc/accessions/index.html#item52489,unknown,United Kingdom; verify dataset record,Bathymetry|Geological mapping|Geology|Marine geology|NERC_DDC|Sea floor,not supplied by discovery response,NO_MATCH,,,none_observed,Not supplied by discovery response; verify the dataset record before reuse,unknown,no,no,no,,,,fe3980a83d74955739a220e3d72eff7ebc2627dfbda1dbf317d3c3c11df2442d,1,ckan-data-gov-uk-9eb01187-c59e-4dda-93dc-e81c65f89127-055715b8ab,REVIEW_REQUIRED,DISCOVERED_ONLY,no governed pollutant/stressor relevance match; no machine-readable endpoint established; reachability unknown; licence review required
c9df38c1a1fe69259aca,ckan-data-gov-uk-714a072b-adf4-4b06-90c6-086deb2cd8e3-008da468b3,Pembrokeshire County Council,Air Quality Management Areas,https://www.data.gov.uk/dataset/air-quality-management-areas19,catalogue_landing_page,United Kingdom; verify dataset record,,not supplied by discovery response,MATCHED,nitrogen-dioxide,DIRECT,none_observed,Not supplied by discovery response; verify the dataset record before reuse,unknown,no,no,no,,,,daca1c67b1f9c4e2759f7e3538cbb35f31555349c50e7dda6113ae314b7851c4,1,ckan-data-gov-uk-714a072b-adf4-4b06-90c6-086deb2cd8e3-008da468b3,REVIEW_REQUIRED,DISCOVERED_ONLY,no machine-readable endpoint established; reachability unknown; licence review required
c9f33b5700683614a7cc,ckan-data-gov-uk-d7ecbc7b-85c7-4044-9f44-bdc66d5ba122-f450fe484a,Marine Environmental Data & Information Network,UK Ocean Acidification Research programme data set,https://www.bodc.ac.uk/data/published_data_library/catalogue/10.5285/fec49fe0-aa83-74e3-e043-6c86abc09828/,unknown,United Kingdom; verify dataset record,,not supplied by discovery response,MATCHED,ammonia-ammonium,DIRECT_CROSS_MEDIA,none_observed,Not supplied by discovery response; verify the dataset record before reuse,unknown,no,no,no,,,,732a5670286ff6f0eab8ffd430ff4713683d0e41913ab4902a07041307c028aa,1,ckan-data-gov-uk-d7ecbc7b-85c7-4044-9f44-bdc66d5ba122-f450fe484a,REVIEW_REQUIRED,DISCOVERED_ONLY,no machine-readable endpoint established; reachability unknown; licence review required
ca6664bd0b0358e1042e,ckan-data-gov-uk-adabcefd-1047-4e5b-89d9-315f5107aeb6-3c3e280914,Marine Environmental Data & Information Network,CLiP Belize Microplastics in biota 2019,https://data.cefas.co.uk/view/20284,unknown,United Kingdom; verify dataset record,,not supplied by discovery response,MATCHED,microplastics|particulate-matter,DIRECT|EMERGING_CROSS_MEDIA,none_observed,Not supplied by discovery response; verify the dataset record before reuse,unknown,no,no,no,,,,e74de0b6da5608ca275976a1fc933c7fe6b10abf88aa46f6d8b18b82554e894c,1,ckan-data-gov-uk-adabcefd-1047-4e5b-89d9-315f5107aeb6-3c3e280914,REVIEW_REQUIRED,DISCOVERED_ONLY,no machine-readable endpoint established; reachability unknown; licence review required
cacf3d5fd24bc70b5776,ckan-data-gov-uk-6a7c3618-f51c-4acd-815b-64ba0916e3af-ec54d0a8a4,City of York Council,% of Talkabout panel who think that the council and partners are doing well at reducing air pollution,https://data.yorkopendata.org/dataset/6a7c3618-f51c-4acd-815b-64ba0916e3af/resource/05967c44-4182-4df2-8227-c8d954903972/download/kpi-tap29a.csv,machine_service,United Kingdom; verify dataset record,,not supplied by discovery response,NO_MATCH,,,none_observed,OGL-UK-3.0,unknown,yes,no,no,,,,149d5dc695979d57fa8e9124f4d2271197d99fcc8cdba744128a0f34ae5fd77e,1,ckan-data-gov-uk-6a7c3618-f51c-4acd-815b-64ba0916e3af-ec54d0a8a4,REVIEW_REQUIRED,DISCOVERED_ONLY,no governed pollutant/stressor relevance match; reachability unknown
cb01b41fd356d29067e0,ckan-data-gov-uk-107ec7ab-62b9-4aeb-b3fe-d8c3a3fc880d-98fb9f23e1,British Geological Survey (BGS),EPSRC Project: ORGMEMT - Organic Mixed Matrix Membrane Technologies for Post-Combustion CO2 Capture,https://www.bgs.ac.uk/,unknown,United Kingdom; verify dataset record,Carbon capture and storage|NERC_DDC,not supplied by discovery response,MATCHED,particulate-matter,DIRECT,none_observed,Not supplied by discovery response; verify the dataset record before reuse,unknown,no,no,no,,,,4d966187f544740770efad404ad6957297d38c3a1ac74fab88288ca08800dcd4,1,ckan-data-gov-uk-107ec7ab-62b9-4aeb-b3fe-d8c3a3fc880d-98fb9f23e1,REVIEW_REQUIRED,DISCOVERED_ONLY,no machine-readable endpoint established; reachability unknown; licence review required
cbddecb56483f223953a,ckan-data-gov-uk-19a0e175-6a12-4156-bed5-87ec722ece66-a6155bbb14,Environmental Information Data Centre,"Topsoil carbon concentration estimates from the Countryside Survey of Great Britain, 2007 using a generalized additive model",https://data-package.ceh.ac.uk/sd/3aaa52d3-918a-4f95-b065-32f33e45d4f6.zip,machine_service,United Kingdom; verify dataset record,Broad Habitat|Countryside Survey|Loss on ignition|Parent Material Model|Soil|UK-SCAPE,not supplied by discovery response,MATCHED,atmospheric-deposition,PROCESS_LINK,none_observed,Not supplied by discovery response; verify the dataset record before reuse,unknown,yes,no,no,,,,f3fae2d6a67658d213d6763edf523916b5590403fe1d62cf3e472efcb7df4f54,1,ckan-data-gov-uk-19a0e175-6a12-4156-bed5-87ec722ece66-a6155bbb14,REVIEW_REQUIRED,DISCOVERED_ONLY,reachability unknown; licence review required
cce5432f4f95f2842952,ckan-data-gov-uk-07623798-98d0-4795-a2bc-fa0c2b018e7c-f216e3c31a,Environmental Information Data Centre,"Real-time bioaerosol emission data from a range of environmental sources, UK, 2016-2018",https://data-package.ceh.ac.uk/sd/98970053-b34c-44da-97bd-fbfc38fa8b7a.zip,machine_service,United Kingdom; verify dataset record,Atmospheric Conditions|Bioaerosol|Emissions characterisation|Real-time monitoring|Ultraviolet light- induced fluorescence,not supplied by discovery response,MATCHED,particulate-matter,DIRECT,none_observed,Not supplied by discovery response; verify the dataset record before reuse,unknown,yes,no,no,,,,fb4ebd06adb2aa2228e692d9e9b6dd36a94fe33d2f40625c59e3c2b8c2eb734f,1,ckan-data-gov-uk-07623798-98d0-4795-a2bc-fa0c2b018e7c-f216e3c31a,REVIEW_REQUIRED,DISCOVERED_ONLY,reachability unknown; licence review required
cd17067c4fef22990594,ckan-data-gov-uk-aa86f093-e1ce-48ba-94ff-366b5f31babf-f2c207d84e,City of York Council,The maximum Nitrogen Dioxide concentration in Rougier St/GHS (ug/m3) (Calendar Year),https://data.yorkopendata.org/dataset/aa86f093-e1ce-48ba-94ff-366b5f31babf/resource/2f45ab7f-4650-445b-8bbe-23c527471cb5/download/kpi-can028g.csv,machine_service,United Kingdom; verify dataset record,,not supplied by discovery response,MATCHED,nitrogen-dioxide,DIRECT,none_observed,UK Open Government Licence (OGL),unknown,yes,no,no,,,,11eab5e5f9806e1ffa445ead7ccf03e2e5f6aa162049553f838c347c3f276feb,1,ckan-data-gov-uk-aa86f093-e1ce-48ba-94ff-366b5f31babf-f2c207d84e,REVIEW_REQUIRED,DISCOVERED_ONLY,reachability unknown
cd1c6b71d12e5f42e3da,ckan-data-gov-uk-b17a2efa-bdd6-4740-8030-fb87f7f2bcff-0c6ecea252,Environment Agency,Historic UK Water Quality Sampling Harmonised Monitoring Scheme Detailed Data,https://environment.data.gov.uk/api/file/download?fileDataSetId=769a0962-cba1-449e-91f9-d498e0d16cd2&fileName=Historic_UK_Water_Quality_Sampling_Harmonised_Monitoring_Scheme_Detailed_Data.zip,machine_service,United Kingdom; verify dataset record,OpenData|ammonia|pesticide|river|river water|water quality,not supplied by discovery response,MATCHED,ammonia-ammonium|pesticides,ASSOCIATED_CROSS_MEDIA|DIRECT_CROSS_MEDIA,none_observed,UK Open Government Licence (OGL),unknown,yes,no,no,,,,e468c254911dc9acfe232daae9684921acc60d1683b2afa3e6f7da0fa1744ed4,1,ckan-data-gov-uk-b17a2efa-bdd6-4740-8030-fb87f7f2bcff-0c6ecea252,REVIEW_REQUIRED,DISCOVERED_ONLY,reachability unknown
cd34928ad3585f157b36,ckan-data-gov-uk-2ab96a5f-9213-4765-ab15-32e7ec0a89ad-227a7384e0,Environmental Information Data Centre,Dissolved polycyclic aromatic hydrocarbons (PAHs) and dissolved organic carbon (DOC) in the River Wyre (northwest England),https://data-package.ceh.ac.uk/sd/24200dba-d0f4-4be4-ae6f-2c6ec1147fa4.zip,machine_service,United Kingdom; verify dataset record,DOC|Environmental Monitoring Facilities|PAH|River Wyre|upland river|water,not supplied by discovery response,MATCHED,polycyclic-aromatic-hydrocarbons|volatile-organic-compounds,DIRECT|DIRECT_CROSS_MEDIA,none_observed,Not supplied by discovery response; verify the dataset record before reuse,unknown,yes,no,no,,,,50d3a70807b97a207747d5094d17a9a8e5d041af4979f1ea47b13bdeba4709fe,1,ckan-data-gov-uk-2ab96a5f-9213-4765-ab15-32e7ec0a89ad-227a7384e0,REVIEW_REQUIRED,DISCOVERED_ONLY,reachability unknown; licence review required
cd4b5a6a99e0b1785258,ckan-data-gov-uk-33472900-fb09-4c2f-9bae-15646f308b51-3dfbadaa3f,Sheffield City Council,Sheffield Air Quality Management Area,https://utility.arcgis.com/usrsvcs/servers/6e5bbc790abe4068bd5a8e1f095de8e2/services/AGOL/INSPIRE/MapServer/WMSServer?request=GetCapabilities&service=WMS,machine_service,United Kingdom; verify dataset record,,not supplied by discovery response,MATCHED,nitrogen-dioxide|particulate-matter,DIRECT,none_observed,Not supplied by discovery response; verify the dataset record before reuse,unknown,yes,no,no,,,,e6de434945b6a4f09e2300e7d1ad0aba4cdd733f46f58d9c5198c509c7d87570,1,ckan-data-gov-uk-33472900-fb09-4c2f-9bae-15646f308b51-3dfbadaa3f,REVIEW_REQUIRED,DISCOVERED_ONLY,reachability unknown; licence review required
cd9e2f19e1c18d6b2128,ckan-data-gov-uk-e1431cd0-b178-4b39-b6b6-d75824068525-9bd568c298,Environmental Information Data Centre,"Monthly ammonia measurements from passive samplers using ALPHA® PTFE1020 membrane at four UK Eutrophying and Acidifying Pollutants (UKEAP) network sites, 2022",https://data-package.ceh.ac.uk/sd/86b3ca4a-143f-4a96-b6cd-38544e118f81.zip,machine_service,United Kingdom; verify dataset record,Ammonia monitoring|Atmospheric Conditions|new membrane|passive sampler,not supplied by discovery response,MATCHED,ammonia-ammonium,DIRECT_CROSS_MEDIA,none_observed,Not supplied by discovery response; verify the dataset record before reuse,unknown,yes,no,no,,,,70860f1310482166e1b4097996a113a6a35d4139b466d816d3bf7e036380b1c9,1,ckan-data-gov-uk-e1431cd0-b178-4b39-b6b6-d75824068525-9bd568c298,REVIEW_REQUIRED,DISCOVERED_ONLY,reachability unknown; licence review required
cde21a072aa161c5e757,ckan-data-gov-uk-2a2cbb2d-7fb5-48e4-be41-ccd2d5697aa5-b4a7c3761d,Environmental Information Data Centre,Sulphur and nitrogen atmospheric Concentration Based Estimated Deposition (CBED) data for the UK (2011-2013),https://data-package.ceh.ac.uk/sd/d7f3bfd5-bcde-41b8-bd22-02e331d24b54.zip,machine_service,United Kingdom; verify dataset record,Atmospheric Conditions|Concentration Based Estimated Deposition (CBED)|base cations|nitrogen|pollutant|sulphur,not supplied by discovery response,MATCHED,atmospheric-deposition|particulate-matter,DIRECT|PROCESS_LINK,none_observed,Not supplied by discovery response; verify the dataset record before reuse,unknown,yes,no,no,,,,fb14b13e0c50d15b6027fa955fa1b0ff2f4f9be539395d6d2ae09bd3500042dd,1,ckan-data-gov-uk-2a2cbb2d-7fb5-48e4-be41-ccd2d5697aa5-b4a7c3761d,REVIEW_REQUIRED,DISCOVERED_ONLY,reachability unknown; licence review required
ce3646604eb67040e5c5,ckan-data-gov-uk-f8389c5f-cb73-4480-9dda-40bdccd8349f-132d63d321,Cambridgeshire Insight,Mill Road Cambridge: Monitoring Air Quality,https://data.cambridgeshireinsight.org.uk/sites/default/files/Sensor%20Location_PointLocation_0.CSV,machine_service,United Kingdom; verify dataset record,Environment|air|air quality,not supplied by discovery response,MATCHED,nitrogen-dioxide|particulate-matter,DIRECT,none_observed,Not supplied by discovery response; verify the dataset record before reuse,unknown,yes,no,no,,,,237c3c2db4d2017b2a0304c46c9b199d1c867f3937c4a998e0914426b53de092,1,ckan-data-gov-uk-f8389c5f-cb73-4480-9dda-40bdccd8349f-132d63d321,REVIEW_REQUIRED,DISCOVERED_ONLY,reachability unknown; licence review required
cf49ca26638a7080cccb,ckan-data-gov-uk-4a43ea51-2c57-4299-9e55-97b677a55ac8-b70c3b65f6,Scottish Government SpatialData.gov.scot,FGS Climatic Site Suitability - Native Scots Pine (W18),https://ogc.nature.scot/geoserver/scottishforestry/ows?service=WMS&request=GetCapabilities,machine_service,United Kingdom; verify dataset record,Environment|FGS|Felling|Forest Management|Forestry|Grant Schemes|Habitats and biotopes|Landscape|Licence|Ownership|Planning|Woodland,not supplied by discovery response,MATCHED,mercury,DIRECT_CROSS_MEDIA,none_observed,Not supplied by discovery response; verify the dataset record before reuse,unknown,yes,no,no,,,,88d252453e87fb8197c829cacfef53bc71231f208f84ce6fdc5a76e33bc26988,1,ckan-data-gov-uk-4a43ea51-2c57-4299-9e55-97b677a55ac8-b70c3b65f6,REVIEW_REQUIRED,DISCOVERED_ONLY,reachability unknown; licence review required
d0b8a6225f466e8ab029,ckan-data-gov-uk-ad3cfc84-4cf4-4113-a6a5-968f45f19f1a-6739e80e4c,London Borough of Lambeth,Air Quality Monitoring Zone,https://www.data.gov.uk/dataset/air-quality-monitoring-zone,catalogue_landing_page,United Kingdom; verify dataset record,,not supplied by discovery response,NO_MATCH,,,none_observed,UK Open Government Licence (OGL),unknown,no,no,no,,,,f0bd94051c918b7d1d95a05c8efcc19a361a7eb6e8d5299987b872ee30911e8a,1,ckan-data-gov-uk-ad3cfc84-4cf4-4113-a6a5-968f45f19f1a-6739e80e4c,REVIEW_REQUIRED,DISCOVERED_ONLY,no governed pollutant/stressor relevance match; no machine-readable endpoint established; reachability unknown
d11b579186e3b3f23950,ckan-data-gov-uk-b79c1b6d-5acd-4017-8c69-c355f40ca8f5-1880bcbbe2,City of York Council,The maximum Nitrogen Dioxide concentration in Fishergate/Paragon (ug/m3) (Calendar Year),https://data.yorkopendata.org/dataset/b79c1b6d-5acd-4017-8c69-c355f40ca8f5/resource/c85fe15b-1939-4f31-aacd-e4781e3ac2c4/download/kpi-can028c.csv,machine_service,United Kingdom; verify dataset record,,not supplied by discovery response,MATCHED,nitrogen-dioxide,DIRECT,none_observed,UK Open Government Licence (OGL),unknown,yes,no,no,,,,00eb88b4b837c427b07f575d10edf4c3ca32a4ed31581c863837f4cef7a5c502,1,ckan-data-gov-uk-b79c1b6d-5acd-4017-8c69-c355f40ca8f5-1880bcbbe2,REVIEW_REQUIRED,DISCOVERED_ONLY,reachability unknown
d131753b658f544f73e0,ckan-data-gov-uk-75c889ec-b7ad-4863-b0e7-5705f8b9168f-e1d8357754,British Geological Survey (BGS),"2001 Strategic Environmental Assessment SEA2 Environmental Sampling Survey, North Sea, May 2001 Data Report ERTSL 637 - Sediment hydrocarbons and metals analyses",http://www.bgs.ac.uk/data/sea/home.html,unknown,United Kingdom; verify dataset record,Geology,not supplied by discovery response,MATCHED,polycyclic-aromatic-hydrocarbons|volatile-organic-compounds,DIRECT|DIRECT_CROSS_MEDIA,none_observed,Not supplied by discovery response; verify the dataset record before reuse,unknown,no,no,no,,,,ddf4d7f9a5fe2be183f8c8b76e7d8070ef73bf8e862ad31e01f89e1156659429,1,ckan-data-gov-uk-75c889ec-b7ad-4863-b0e7-5705f8b9168f-e1d8357754,REVIEW_REQUIRED,DISCOVERED_ONLY,no machine-readable endpoint established; reachability unknown; licence review required
d15859c4d002441a7f74,ckan-data-gov-uk-aeb0d1d9-3fcd-400a-81c9-3ba40954a573-d20fa12618,East Cambridgeshire District Council,Air quality monitoring,http://none,machine_service,United Kingdom; verify dataset record,,not supplied by discovery response,NO_MATCH,,,none_observed,UK Open Government Licence (OGL),unknown,yes,no,no,,,,4d6c8a17ddbdc3b581352d85feaf23aa4a308e4bb80b5030100d2e13a2c5bd7a,2,ckan-data-gov-uk-aeb0d1d9-3fcd-400a-81c9-3ba40954a573-d20fa12618|ckan-data-gov-uk-ce0b0270-2509-47e4-825e-b350afd6aa86-56f08ce587,REVIEW_REQUIRED,DISCOVERED_ONLY,no governed pollutant/stressor relevance match; reachability unknown
d1bcdbee94e23a0c758b,ckan-data-gov-uk-8d73e26b-8b7c-4c53-8e3d-4863cc7e915a-67d2a69463,Environmental Information Data Centre,"WMS for sulphur and nitrogen atmospheric Concentration Based Estimated Deposition (CBED), 2013-2015",https://catalogue.ceh.ac.uk/maps/fe7886dc-1953-40f1-acf7-2fc32ebe1105?request=getCapabilities&service=WMS&cache=false,machine_service,United Kingdom; verify dataset record,Atmospheric Conditions|Concentration Based Estimated Deposition (CBED)|base cations|deposition|nitrogen|pollutant|sulphur,not supplied by discovery response,MATCHED,ammonia-ammonium|atmospheric-deposition|nitrogen-dioxide|particulate-matter,DIRECT|DIRECT_CROSS_MEDIA|PROCESS_LINK,none_observed,Not supplied by discovery response; verify the dataset record before reuse,unknown,yes,no,no,,,,dcf1691633cbe2f16ec63f08fda23bdc021148c8fe00093cd0c451b67cc5e105,1,ckan-data-gov-uk-8d73e26b-8b7c-4c53-8e3d-4863cc7e915a-67d2a69463,REVIEW_REQUIRED,DISCOVERED_ONLY,reachability unknown; licence review required
d3566585d4d28b9de74a,ckan-data-gov-uk-f119dccd-84d4-4067-ba03-01aaf71ce8ca-271163aff2,Centre for Environmental Data Analysis,UK SOLAS Dust Outflow and Deposition to the Ocean (DODO) FAAM Aircraft campaign,http://www.solas-int.org/,unknown,United Kingdom; verify dataset record,,not supplied by discovery response,MATCHED,atmospheric-deposition,PROCESS_LINK,none_observed,Not supplied by discovery response; verify the dataset record before reuse,unknown,no,no,no,,,,70a2ae379d561f949ff32ddf2756c8a2fddd7125cddacf15b24603f50ccdb775,2,ckan-data-gov-uk-c2cc7689-3c70-461f-abe3-6f8e41491b33-8ebe2d810c|ckan-data-gov-uk-f119dccd-84d4-4067-ba03-01aaf71ce8ca-271163aff2,REVIEW_REQUIRED,DISCOVERED_ONLY,no machine-readable endpoint established; reachability unknown; licence review required
d3adcd06593d2db7df78,ckan-data-gov-uk-71862e3d-d404-4fef-aa4e-490b0b3243a0-670af85a71,Environmental Information Data Centre,Chemical contaminants and shell index values for gannet eggs,https://data-package.ceh.ac.uk/sd/2ddf56e5-fbcd-48a3-b4a5-fe2a7d5c90a4.zip,machine_service,United Kingdom; verify dataset record,Environmental Monitoring Facilities,not supplied by discovery response,MATCHED,mercury|pesticides,ASSOCIATED_CROSS_MEDIA|DIRECT_CROSS_MEDIA,none_observed,Not supplied by discovery response; verify the dataset record before reuse,unknown,yes,no,no,,,,a55ddf9ed3bd4339bd886f08316375c97b3cfe968753487cb10d889678bd7edc,1,ckan-data-gov-uk-71862e3d-d404-4fef-aa4e-490b0b3243a0-670af85a71,REVIEW_REQUIRED,DISCOVERED_ONLY,reachability unknown; licence review required
d40aacaed3e5d4b11af6,ckan-data-gov-uk-1a0ad880-3320-4489-82fe-17997e8fd394-1a458488e4,Dudley Metropolitan Borough Council,Air Quality Hotspots,https://maps.dudley.gov.uk/getows.ashx?mapsource=mapsources%2Finspire&service=WMS&language=English&request=GetCapabilities&version=1.1.0,machine_service,United Kingdom; verify dataset record,Air Pollution|Environmental monitoring facilities,not supplied by discovery response,NO_MATCH,,,none_observed,UK Open Government Licence (OGL),unknown,yes,no,no,,,,a50f2c37446c1db35497c3fa778e847a8a06602dbfe253d6e12d3e3d9b8ebbbf,1,ckan-data-gov-uk-1a0ad880-3320-4489-82fe-17997e8fd394-1a458488e4,REVIEW_REQUIRED,DISCOVERED_ONLY,no governed pollutant/stressor relevance match; reachability unknown
d64c407a0ed124b8daed,ckan-data-gov-uk-c4f10fcf-f463-4011-91c9-6822d00977c0-c80894e1b7,Environmental Information Data Centre,Predicted Caesium-137 deposition from atmospheric nuclear weapons tests,https://data-package.ceh.ac.uk/sd/c3e530bf-af20-43fc-8b4b-92682233ff08.zip,machine_service,United Kingdom; verify dataset record,Atmospheric nuclear weapons tests|Cs137|Great Britain|Human Health and Safety|Meteorological geographical features|Radiocaesium|radioecology|rain,not supplied by discovery response,MATCHED,atmospheric-deposition,PROCESS_LINK,none_observed,Not supplied by discovery response; verify the dataset record before reuse,unknown,yes,no,no,,,,4c388de872dddc08664152063734802ea74e39032a3d59b46f842cc321a1b475,1,ckan-data-gov-uk-c4f10fcf-f463-4011-91c9-6822d00977c0-c80894e1b7,REVIEW_REQUIRED,DISCOVERED_ONLY,reachability unknown; licence review required
d6aa918272a9f62549ba,ckan-data-gov-uk-73902d9b-fd57-404e-b8f2-fbc096e13056-2bd0192f64,City of York Council,Average Annual Mean Nitrogen Dioxide concentration in Rougier St/GHS (ug/m3) (Calendar Year),https://data.yorkopendata.org/dataset/73902d9b-fd57-404e-b8f2-fbc096e13056/resource/a9d30f85-3aa8-47bb-ace4-888305e95531/download/kpi-can027g.csv,machine_service,United Kingdom; verify dataset record,,not supplied by discovery response,MATCHED,nitrogen-dioxide,DIRECT,none_observed,UK Open Government Licence (OGL),unknown,yes,no,no,,,,af0b1799b41b36e904fc36d78dcd1ae84d99d912908f70abc4b2a71c21123f96,1,ckan-data-gov-uk-73902d9b-fd57-404e-b8f2-fbc096e13056-2bd0192f64,REVIEW_REQUIRED,DISCOVERED_ONLY,reachability unknown
d755582091d69761de26,ckan-data-gov-uk-b1e96424-849e-45dd-8bf4-2074c61069e1-3253c8f6f9,Joint Nature Conservation Committee,Species point records from 1990 OPRU Sullom Voe sublittoral monitoring,http://data.jncc.gov.uk/data/302624bc-a4c4-4fca-a684-19ee5084cd3b-1990-OPRU-Sullom-Voe-sublittoral-monitoring.csv,machine_service,United Kingdom; verify dataset record,,not supplied by discovery response,MATCHED,volatile-organic-compounds,DIRECT,none_observed,UK Open Government Licence (OGL),unknown,yes,no,no,,,,d4002b148c12fe8e2af15783ccaa7e1575a72bc4c0dba750e23bfbd02bdc370e,1,ckan-data-gov-uk-b1e96424-849e-45dd-8bf4-2074c61069e1-3253c8f6f9,REVIEW_REQUIRED,DISCOVERED_ONLY,reachability unknown
d78607ad19400e8abc77,ckan-data-gov-uk-eeea814d-b095-47f0-b4ae-27237111387e-7f86ff2390,Forestry Commission,NFI+ Soil Condition & Health,https://www.icp-forests.net/fileadmin/icp_forests/Dateien/Manual_Versions/2020-22/ICP_Manual_part16_2020_QAQC_Labs_version_2020-1.pdf,unknown,United Kingdom; verify dataset record,ARD|Analysis Ready Data|Great Britain|ICP Forests|NCEA|bacteria|base saturation|belowground biodiversity|bioindicators|biosoil|boilogical monitoring|bulk density|carbon sequestration|cation exchange capacity|eDNA|earthworms|environment|forest ecosystem|forest soil biota|forest soil monitoring|fungi|mesofauna|metabarcoding|microbial communities|molecular analysis|nutrient cycle|organic carbon|soil biodiversity|soil carbon stocks|soil chemistry|soil health|soil indicators|soil nutrients|soil organic matter|soil ph|soil physics|soil quality|soil sampling|soil texture|total nitrogen,not supplied by discovery response,NO_MATCH,,,none_observed,UK Open Government Licence (OGL),unknown,no,no,no,,,,cea425a5782350f29b509ff23dc598c83aff31c5ce2b0a3145b4410a9fc7d6bd,1,ckan-data-gov-uk-eeea814d-b095-47f0-b4ae-27237111387e-7f86ff2390,REVIEW_REQUIRED,DISCOVERED_ONLY,no governed pollutant/stressor relevance match; no machine-readable endpoint established; reachability unknown
d7e8e9fb84f89284d8ad,ckan-data-gov-uk-a18a6d01-0f82-4347-88ab-3f52665a6334-e2c9b9c799,Environment Agency,Historic GQA Headline Indicators of Water Courses - Chemistry,https://environment.data.gov.uk/api/file/download?fileDataSetId=cd490903-ef52-49ec-87d7-87c145cb83aa&fileName=Historic_GQA_Headline_Indicators_of_Water_Courses_-_Chemistry.zip.zip,machine_service,United Kingdom; verify dataset record,environment|inlandWaters|monitoring data|monitoring technique|water quality river,not supplied by discovery response,MATCHED,ammonia-ammonium,DIRECT_CROSS_MEDIA,none_observed,Not supplied by discovery response; verify the dataset record before reuse,unknown,yes,no,no,,,,563dd725227ebf0bad6771cdc9639915ca351a7aff004b5852af11afd07bb1df,1,ckan-data-gov-uk-a18a6d01-0f82-4347-88ab-3f52665a6334-e2c9b9c799,REVIEW_REQUIRED,DISCOVERED_ONLY,reachability unknown; licence review required
d8f79bbdae13b9671481,ckan-data-gov-uk-4dd2ba7f-71fc-4721-beb9-9f1629fef36f-a36721650b,Greater London Authority,Clean Air Consultation – July 2016,https://www.data.gov.uk/dataset/clean-air-consultation-july-20162,catalogue_landing_page,United Kingdom; verify dataset record,air-quality,not supplied by discovery response,NO_MATCH,,,none_observed,Not supplied by discovery response; verify the dataset record before reuse,unknown,no,no,no,,,,fffda0bd50783ec337f8fd2fe09f5282cf2a0385394a3114697c2609b740ca33,1,ckan-data-gov-uk-4dd2ba7f-71fc-4721-beb9-9f1629fef36f-a36721650b,REVIEW_REQUIRED,DISCOVERED_ONLY,no governed pollutant/stressor relevance match; no machine-readable endpoint established; reachability unknown; licence review required
da09d8c19806d4036620,ckan-data-gov-uk-7bbc578c-f2a3-4c53-beb4-5f7f6917fcb3-cf0f837381,London Borough of Brent,Air Quality Monitoring Stations,https://www.data.gov.uk/dataset/air-quality-monitoring-stations2,catalogue_landing_page,United Kingdom; verify dataset record,,not supplied by discovery response,MATCHED,nitrogen-dioxide|particulate-matter,DIRECT,none_observed,Not supplied by discovery response; verify the dataset record before reuse,unknown,no,no,no,,,,06c6e55064cb2264d83ed418eecd4e2927f0b4582ed4a86cf05f872066dd2dce,1,ckan-data-gov-uk-7bbc578c-f2a3-4c53-beb4-5f7f6917fcb3-cf0f837381,REVIEW_REQUIRED,DISCOVERED_ONLY,no machine-readable endpoint established; reachability unknown; licence review required
da357ec87f96030ff99d,ckan-data-gov-uk-6ac8c18e-dae2-469a-8a3e-548cfc13ee84-1a3273a0a9,Environmental Information Data Centre,Critical load/level linkages for interest features at UK protected sites (revised 2018),https://data-package.ceh.ac.uk/sd/95139a35-8880-4a17-86e4-5eb2f54073c4.zip,machine_service,United Kingdom; verify dataset record,Protected Sites|acid deposition|ammonia|critical levels|critical loads|natura 2000|nitrogen deposition|nitrogen dioxide|sulphur dioxide,not supplied by discovery response,MATCHED,ammonia-ammonium|atmospheric-deposition|nitrogen-dioxide,DIRECT|DIRECT_CROSS_MEDIA|PROCESS_LINK,none_observed,Not supplied by discovery response; verify the dataset record before reuse,unknown,yes,no,no,,,,73a196daaf720d2ca069752fd3829adb445e687832e42ba7789f51fcdf078ec5,1,ckan-data-gov-uk-6ac8c18e-dae2-469a-8a3e-548cfc13ee84-1a3273a0a9,REVIEW_REQUIRED,DISCOVERED_ONLY,reachability unknown; licence review required
da46f1ff74c2881a5bf3,ckan-data-gov-uk-a5ce1959-54df-4e7e-b4b7-4c27329233d5-355e2bee30,Environmental Information Data Centre,European Monitoring and Evaluation Programme Model for the UK (EMEP4UK) daily atmospheric composition and fluxes for 2022-2024,https://data-package.ceh.ac.uk/sd/ed9b9379-49b5-41b3-86d9-b88fb3e9f58d.zip,machine_service,United Kingdom; verify dataset record,Atmospheric Conditions|United Kingdom,not supplied by discovery response,MATCHED,atmospheric-deposition,PROCESS_LINK,none_observed,Not supplied by discovery response; verify the dataset record before reuse,unknown,yes,no,no,,,,06fe0667cd116122407973f2c001f05560ce3ace8fec212ef1d9853e36ea6e32,1,ckan-data-gov-uk-a5ce1959-54df-4e7e-b4b7-4c27329233d5-355e2bee30,REVIEW_REQUIRED,DISCOVERED_ONLY,reachability unknown; licence review required
da4e79fbd706e72a3d84,ckan-data-gov-uk-e7242007-12e0-4092-b6a4-ad9a20efc50d-fec1e82c8f,British Geological Survey (BGS),Map based index (GeoIndex) offshore seabed samples,https://mapapps2.bgs.ac.uk/geoindex_offshore/home.html,unknown,United Kingdom; verify dataset record,Bottom sampling|Core samples|Dredges|Drilling|Grab samples|Marine geology|NERC_DDC|Sea floor|Sea floor sediments,not supplied by discovery response,NO_MATCH,,,none_observed,Not supplied by discovery response; verify the dataset record before reuse,unknown,no,no,no,,,,34fea24e9291e21446c4967268e1a3570ffd7495050e2eb7a9d2b322c1225fb3,1,ckan-data-gov-uk-e7242007-12e0-4092-b6a4-ad9a20efc50d-fec1e82c8f,REVIEW_REQUIRED,DISCOVERED_ONLY,no governed pollutant/stressor relevance match; no machine-readable endpoint established; reachability unknown; licence review required
da8ffb3501e74768faad,ckan-data-gov-uk-72ecbe44-e98d-4374-83ef-c7a6abafb9bd-2877147e19,Environmental Information Data Centre,"Degradation and microplastic generation, with associated soil properties and microbial communities, of mulch films exposed above and below ground over 12 months, North Wales, UK",https://data-package.ceh.ac.uk/sd/76322cd6-a420-42e1-9495-5ed929b1c289.zip,machine_service,United Kingdom; verify dataset record,Environmental Monitoring Facilities,not supplied by discovery response,MATCHED,microplastics,EMERGING_CROSS_MEDIA,none_observed,Not supplied by discovery response; verify the dataset record before reuse,unknown,yes,no,no,,,,62f2c399a4f72e3739e980bf008d880cff684d4cd342316c1d68dda03034959f,1,ckan-data-gov-uk-72ecbe44-e98d-4374-83ef-c7a6abafb9bd-2877147e19,REVIEW_REQUIRED,DISCOVERED_ONLY,reachability unknown; licence review required
daa2784b1e5c69a1b4b7,ckan-data-gov-uk-0d870347-32ae-4e9d-826e-c1b8583171cf-93a149f005,Scottish Government SpatialData.gov.scot,Aberdeen Air Quality - NO2 Diffusion Tubes,https://www.data.gov.uk/dataset/aberdeen-air-quality-no2-diffusion-tubes,catalogue_landing_page,United Kingdom; verify dataset record,Downloadable Data,not supplied by discovery response,MATCHED,nitrogen-dioxide,DIRECT,none_observed,Not supplied by discovery response; verify the dataset record before reuse,unknown,no,no,no,,,,d026e962dfd0444bdf77e61b517772665f7ae22f1b1b821fda485d07b7a69818,1,ckan-data-gov-uk-0d870347-32ae-4e9d-826e-c1b8583171cf-93a149f005,REVIEW_REQUIRED,DISCOVERED_ONLY,no machine-readable endpoint established; reachability unknown; licence review required
daa7bbe5fe1ce38d51c7,ckan-data-gov-uk-31c278ae-0d00-4836-8e36-8b1be9266966-39b0926094,North Hertfordshire District Council,Air Quality Management Areas,https://maps.north-herts.gov.uk/WMS/wms.exe,machine_service,United Kingdom; verify dataset record,,not supplied by discovery response,NO_MATCH,,,none_observed,UK Open Government Licence (OGL),unknown,yes,no,no,,,,f9ac4c9261f7066fc1b2d2b57ebc535ef7ff81aa3a19bb70af98244eccdf9760,1,ckan-data-gov-uk-31c278ae-0d00-4836-8e36-8b1be9266966-39b0926094,REVIEW_REQUIRED,DISCOVERED_ONLY,no governed pollutant/stressor relevance match; reachability unknown
dad383d20ccc5500c0ee,ckan-data-gov-uk-ca3e1098-c28c-486f-8214-6def4952b890-1c861d4135,Environmental Information Data Centre,"Heavy metal, nitrogen, and sulphur atmospheric deposition from the European Monitoring and Evaluation Program Model for the UK (EMEP4UK) for 2040, 2070 and 2100 under the Shared Socioeconomic Pathway scenarios 1-5",https://data-package.ceh.ac.uk/sd/eec9634d-ba2b-4553-a65d-ef6ce4c40ebc.zip,machine_service,United Kingdom; verify dataset record,Atmospheric Conditions|EMEP|EMEP4UK|European Monitoring and Evaluation Programme|UK-SCAPE|reduced nitrogen,not supplied by discovery response,MATCHED,atmospheric-deposition|heavy-metals,DIRECT_CROSS_MEDIA|PROCESS_LINK,none_observed,Not supplied by discovery response; verify the dataset record before reuse,unknown,yes,no,no,,,,84383310df6ffb29c0a2b10e5828f3b3c9758ec0c575f9197c0c1805a1b85052,1,ckan-data-gov-uk-ca3e1098-c28c-486f-8214-6def4952b890-1c861d4135,REVIEW_REQUIRED,DISCOVERED_ONLY,reachability unknown; licence review required
db22fd6a4bb9253424cd,ckan-data-gov-uk-fa4f1474-0d28-4492-86ab-bc8984ac6b01-579140b3e2,Marine Environmental Data & Information Network,CLiP Vanuatu Microplastics in water 2018,https://data.cefas.co.uk/view/19784,unknown,United Kingdom; verify dataset record,,not supplied by discovery response,MATCHED,microplastics|particulate-matter,DIRECT|EMERGING_CROSS_MEDIA,none_observed,Not supplied by discovery response; verify the dataset record before reuse,unknown,no,no,no,,,,b11e3dad2442d3d721b8220bf39658aeef0d2e83600b2db6f4a70dd9d275a94d,1,ckan-data-gov-uk-fa4f1474-0d28-4492-86ab-bc8984ac6b01-579140b3e2,REVIEW_REQUIRED,DISCOVERED_ONLY,no machine-readable endpoint established; reachability unknown; licence review required
db43805de3043194d31c,ckan-data-gov-uk-a4b365be-73ff-4930-adfa-c18664c8799b-b410b7f1e0,Leeds City Council,Air Quality Monitoring Sites,https://datamillnorth.org/download/air-quality-monitoring-sites/5e691559-c306-4444-8c2e-570b97b055f0/Automatic%2520monitoring%2520sites.csv,machine_service,United Kingdom; verify dataset record,Air Quality|Locality Lab|air pollution,not supplied by discovery response,NO_MATCH,,,none_observed,UK Open Government Licence (OGL),unknown,yes,no,no,,,,d243e750894b888a9e90030f17e0d2fe0fce5ffcf589275600892d6d28560108,1,ckan-data-gov-uk-a4b365be-73ff-4930-adfa-c18664c8799b-b410b7f1e0,REVIEW_REQUIRED,DISCOVERED_ONLY,no governed pollutant/stressor relevance match; reachability unknown
db8e106d32112effd0ec,cefas-data-portal,"Centre for Environment, Fisheries and Aquaculture Science",Cefas Data Portal,https://data.cefas.co.uk/,catalogue_landing_page,United Kingdom waters and wider marine research coverage,fisheries|marine|ocean|water quality,continuous catalogue publication,NO_MATCH,,,none_observed,"Dataset-specific; many public datasets use Open Government Licence v3.0, but verify the individual record",unknown,no,no,no,,,,8cb61566bf111d80eae590bedb1088dea433e034b9ebb2b73c9803bc6c0e958f,1,cefas-data-portal,REVIEW_REQUIRED,DISCOVERED_ONLY,no governed pollutant/stressor relevance match; no machine-readable endpoint established; reachability unknown
dbe05a3eefd5b93743b0,ckan-data-gov-uk-37e74568-4b64-4fd5-9d50-f37e67148162-e38c11f867,Leicester City Council,Air Quality - PM10 - 24 hour Mean,https://data.leicester.gov.uk/api/explore/v2.1/catalog/datasets/air-quality-pm10-24-hour-mean/exports/xlsx?use_labels=true,machine_service,United Kingdom; verify dataset record,Air Quality|PM10|Particulate Matter,not supplied by discovery response,MATCHED,particulate-matter,DIRECT,none_observed,Not supplied by discovery response; verify the dataset record before reuse,unknown,yes,no,no,,,,da78ff660739d6af7fe9d83f9fcc3340edb367ed070a53623920fb0099b050fd,1,ckan-data-gov-uk-37e74568-4b64-4fd5-9d50-f37e67148162-e38c11f867,REVIEW_REQUIRED,DISCOVERED_ONLY,reachability unknown; licence review required
dc4650bb06b7115fe4c2,ckan-data-gov-uk-257a2c4e-5813-4d38-b2f3-154717069580-1e123b2b15,Environmental Information Data Centre,"Sulphur and nitrogen atmospheric Concentration Based Estimated Deposition (CBED) data for the UK, 2020-22",https://data-package.ceh.ac.uk/sd/d356bddc-fd06-466a-a206-639711bba7f2.zip,machine_service,United Kingdom; verify dataset record,Atmospheric Conditions,not supplied by discovery response,MATCHED,atmospheric-deposition|particulate-matter,DIRECT|PROCESS_LINK,none_observed,Not supplied by discovery response; verify the dataset record before reuse,unknown,yes,no,no,,,,ddb6089d935751d245919544daebae74e07901cddd9ab2188eed0144752001a2,1,ckan-data-gov-uk-257a2c4e-5813-4d38-b2f3-154717069580-1e123b2b15,REVIEW_REQUIRED,DISCOVERED_ONLY,reachability unknown; licence review required
dc7aa0f98f7067366864,ckan-data-gov-uk-983b05bd-0eb3-4ace-a06b-15fd80ed3633-bf13b66cc2,Warwick District Council,Air Quality Management Areas,https://www.data.gov.uk/dataset/air-quality-management-areas22,catalogue_landing_page,United Kingdom; verify dataset record,,not supplied by discovery response,NO_MATCH,,,none_observed,Not supplied by discovery response; verify the dataset record before reuse,unknown,no,no,no,,,,4db4c6b07b89c12b16d292dadc48688c19cdba4db09b7b39f23a51b4b0173660,1,ckan-data-gov-uk-983b05bd-0eb3-4ace-a06b-15fd80ed3633-bf13b66cc2,REVIEW_REQUIRED,DISCOVERED_ONLY,no governed pollutant/stressor relevance match; no machine-readable endpoint established; reachability unknown; licence review required
dcf293cb21c2d109cea8,ckan-data-gov-uk-eb50c5ac-98ef-42cd-9eae-7230499955cb-34ae8097f7,Joint Nature Conservation Committee,Species point records from 1990 NRA Essex/Suffolk estuaries littoral survey,http://data.jncc.gov.uk/data/1649a3fb-9648-4485-827a-0245353a2ac7-1990-NRA-Essex-Suffolk-estuaries-littoral-survey.csv,machine_service,United Kingdom; verify dataset record,JNCCMNCR10000346|MNCR|Marine|Marine Recorder|Species,not supplied by discovery response,NO_MATCH,,,none_observed,Not supplied by discovery response; verify the dataset record before reuse,unknown,yes,no,no,,,,d7ce4a8012cf23004bc744434b0cc49793bc37ce75407a8dd2430a93a087e0b1,1,ckan-data-gov-uk-eb50c5ac-98ef-42cd-9eae-7230499955cb-34ae8097f7,REVIEW_REQUIRED,DISCOVERED_ONLY,no governed pollutant/stressor relevance match; reachability unknown; licence review required
dd009b512a743d2de2e3,ckan-data-gov-uk-d57dd8a5-8ea2-4be8-9c37-056b00ea7309-13bbdbd5a3,British Geological Survey (BGS),The Dalradian 'Snowball Earth' - Use of Stable Isotopes to Correlate Glacial Events and Neoproterozoic Stratigraphy of Scotland and Ireland,https://gtr.ukri.org/projects?ref=NE%2FE001424%2F1,unknown,United Kingdom; verify dataset record,Climate change|Earth surface|NERC_DDC|Palaeoenvironment|Sedimentary geology,not supplied by discovery response,NO_MATCH,,,none_observed,Not supplied by discovery response; verify the dataset record before reuse,unknown,no,no,no,,,,f46bf19cbc7b3e358ca5f967844b9088a0908ab5fc41b8f3a4bb35835102ae64,1,ckan-data-gov-uk-d57dd8a5-8ea2-4be8-9c37-056b00ea7309-13bbdbd5a3,REVIEW_REQUIRED,DISCOVERED_ONLY,no governed pollutant/stressor relevance match; no machine-readable endpoint established; reachability unknown; licence review required
dd30988995f02862c530,ckan-data-gov-uk-d99fccd7-59f4-4e65-ac4d-6541eb664ce9-48c04d301d,Greater London Authority,London Atmospheric Emissions Inventory (LAEI) 2016,https://www.data.gov.uk/dataset/london-atmospheric-emissions-inventory-laei-20161,catalogue_landing_page,United Kingdom; verify dataset record,London air quality|air pollutant emissions|air pollution|air quality|co2|laei|laei2016|london concentrations|london emissions|london pollution|nitrogen dioxide|no2|nox|particulate matter|pm10|pm2.5,not supplied by discovery response,MATCHED,nitrogen-dioxide|particulate-matter,DIRECT,none_observed,Not supplied by discovery response; verify the dataset record before reuse,unknown,no,no,no,,,,7ba4c23a68240a3fb5554303bc45224a6fcdc374f28f99ece0b4479aa8334b21,1,ckan-data-gov-uk-d99fccd7-59f4-4e65-ac4d-6541eb664ce9-48c04d301d,REVIEW_REQUIRED,DISCOVERED_ONLY,no machine-readable endpoint established; reachability unknown; licence review required
de5c7c31595055e6325b,ckan-data-gov-uk-109265d9-86cd-4f92-8b15-1a904c9c25e6-d832d6f9f9,Centre for Environmental Data Analysis,QUACC: UK Chemistry and Aerosols (UKCA) Model Outputs,http://www.pa.op.dlr.de/CCMVal/,unknown,United Kingdom; verify dataset record,,not supplied by discovery response,MATCHED,atmospheric-deposition,PROCESS_LINK,none_observed,Not supplied by discovery response; verify the dataset record before reuse,unknown,no,no,no,,,,47e9d4475545799a550a6d9cbaf1bb8294771d1736f3e2516c0b59c128cd4ded,2,ckan-data-gov-uk-109265d9-86cd-4f92-8b15-1a904c9c25e6-d832d6f9f9|ckan-data-gov-uk-1184add0-e090-49bd-b18c-306b9bc049e8-9fdd7fa3ca,REVIEW_REQUIRED,DISCOVERED_ONLY,no machine-readable endpoint established; reachability unknown; licence review required
deba3379d061d9a9b839,ckan-data-gov-uk-5df26edf-28ce-453e-9406-7f264b0baa21-591004524c,Marine Environmental Data & Information Network,"Digital Data from an Historic Building Recording Survey at Flamborough Head Lighthouse, June 2022",https://doi.org/10.5284/1103149,unknown,United Kingdom; verify dataset record,,not supplied by discovery response,MATCHED,mercury,DIRECT_CROSS_MEDIA,none_observed,Not supplied by discovery response; verify the dataset record before reuse,unknown,no,no,no,,,,1cc1a2e1a3e19b29ce92e42cdf7f49038563cbc5c90ab373da9e35dabcef1baf,1,ckan-data-gov-uk-5df26edf-28ce-453e-9406-7f264b0baa21-591004524c,REVIEW_REQUIRED,DISCOVERED_ONLY,no machine-readable endpoint established; reachability unknown; licence review required
debbd4972ddc8eb70999,ckan-data-gov-uk-ae744375-0518-4b42-b54b-681a20d463d6-e8cab81e87,British Geological Survey (BGS),Characterization results of the synthesis of iron sulfide phases (NERC grant NE/J008745/1),https://webapps.bgs.ac.uk/services/ngdc/accessions/index.html#item71229,unknown,United Kingdom; verify dataset record,Iron sulphides|NERC_DDC,not supplied by discovery response,MATCHED,heavy-metals|particulate-matter,DIRECT|DIRECT_CROSS_MEDIA,none_observed,Not supplied by discovery response; verify the dataset record before reuse,unknown,no,no,no,,,,efc38f604b6a539686884ce880b71b010b51a730b98c26cf31919a9985559a5c,1,ckan-data-gov-uk-ae744375-0518-4b42-b54b-681a20d463d6-e8cab81e87,REVIEW_REQUIRED,DISCOVERED_ONLY,no machine-readable endpoint established; reachability unknown; licence review required
e078298f63105f037b9c,ckan-data-gov-uk-f2b01535-3414-4546-8681-9b9ac5a40ecf-965b50a3bc,Environmental Information Data Centre,Passive sampler ammonia measurements indoors and outdoors at a rural dwelling in South Lanarkshire (2017-2018),https://data-package.ceh.ac.uk/sd/dd7099e9-4aad-4e02-b31b-512f20628cf6.zip,machine_service,United Kingdom; verify dataset record,ALPHA sampler|Adapted Low-cost Passive High Absorption sampler|Environmental Monitoring Facilities,not supplied by discovery response,MATCHED,ammonia-ammonium,DIRECT_CROSS_MEDIA,none_observed,Not supplied by discovery response; verify the dataset record before reuse,unknown,yes,no,no,,,,d787d4ee7b06e5bef05bf376abe3ec378e632082c4c10c29fe51a40f7dc7653f,1,ckan-data-gov-uk-f2b01535-3414-4546-8681-9b9ac5a40ecf-965b50a3bc,REVIEW_REQUIRED,DISCOVERED_ONLY,reachability unknown; licence review required
e1581035a1d2af018de1,ckan-data-gov-uk-8eb581d4-ed78-4065-8bb2-a4a674b177cb-095bb45f91,British Geological Survey (BGS),Data for glass sintering during dehydration (loss of water recorded by mass loss),https://webapps.bgs.ac.uk/services/ngdc/accessions/index.html#item190407,unknown,United Kingdom; verify dataset record,Diffusion|NERC_DDC|Sintering|Thermal analysis,not supplied by discovery response,MATCHED,particulate-matter,DIRECT,none_observed,Not supplied by discovery response; verify the dataset record before reuse,unknown,no,no,no,,,,8ec018296662a51496ebf9daea5447b0a905c247a97937cd9f5af44a698fed2a,1,ckan-data-gov-uk-8eb581d4-ed78-4065-8bb2-a4a674b177cb-095bb45f91,REVIEW_REQUIRED,DISCOVERED_ONLY,no machine-readable endpoint established; reachability unknown; licence review required
e1731fe390c3ad9475b6,ckan-data-gov-uk-ed02d2e4-5ab5-4d5d-a419-0b765ce3b2fe-df8d0ce651,Environmental Information Data Centre,"European Monitoring and Evaluation Program Model for the UK (EMEP4UK) annual air pollutant concentrations from domestic solid fuel burning in Scotland, 2023",https://data-package.ceh.ac.uk/sd/9123cb2b-739d-43cb-b00a-9678a41fc24a.zip,machine_service,United Kingdom; verify dataset record,Atmospheric Conditions|Scotland,not supplied by discovery response,MATCHED,nitrogen-dioxide|particulate-matter,DIRECT,none_observed,Not supplied by discovery response; verify the dataset record before reuse,unknown,yes,no,no,,,,98da3a6fb49327b6d2e449609fba22139104e168a5bbdbf40a01eb43e5b4f0ad,1,ckan-data-gov-uk-ed02d2e4-5ab5-4d5d-a419-0b765ce3b2fe-df8d0ce651,REVIEW_REQUIRED,DISCOVERED_ONLY,reachability unknown; licence review required
e20c649c2a09ef8822c4,defra-data-services-platform,"Department for Environment, Food & Rural Affairs",Defra Data Services Platform,https://environment.data.gov.uk/,catalogue_landing_page,"United Kingdom, with service-specific coverage",environment|flooding|land|water,varies by dataset,NO_MATCH,,,none_observed,Dataset-specific: commonly Open Government Licence or Environment Agency Conditional Licence; verify each dataset record,unknown,no,no,no,,,,1837e5abf4ee46379a1b6e434dd4fb0a0129a9b7dda494a08def70336bf905d8,1,defra-data-services-platform,REVIEW_REQUIRED,DISCOVERED_ONLY,no governed pollutant/stressor relevance match; no machine-readable endpoint established; reachability unknown
e28c8eaa5e721ba20b58,ckan-data-gov-uk-0c3c0a21-fa54-441f-b51d-ac4c03df1fcb-85e513fa48,British Geological Survey (BGS),"Mesoproterozoic Burzyan and Yurmatau groups, Russia, stable carbon and nitrogen isotopes and Pb-U data (NERC grant NE/V010824/1)",https://webapps.bgs.ac.uk/services/ngdc/accessions/index.html#item174949,unknown,United Kingdom; verify dataset record,Carbon isotopes|NERC_DDC|Nitrogen isotopes|Phosphates,not supplied by discovery response,NO_MATCH,,,none_observed,Not supplied by discovery response; verify the dataset record before reuse,unknown,no,no,no,,,,cbcbeaace85546a7f4bd2388821af6ae10128bf3732ad8fdfd3802b89610bae4,1,ckan-data-gov-uk-0c3c0a21-fa54-441f-b51d-ac4c03df1fcb-85e513fa48,REVIEW_REQUIRED,DISCOVERED_ONLY,no governed pollutant/stressor relevance match; no machine-readable endpoint established; reachability unknown; licence review required
e2e49057e846619a14cb,ckan-data-gov-uk-e3733293-6d44-49a1-b37b-9ee982339dc0-7d1e10f8ed,Greater London Authority,London Atmospheric Emissions Inventory (LAEI) 2010,https://www.data.gov.uk/dataset/london-atmospheric-emissions-inventory-laei-20101,catalogue_landing_page,United Kingdom; verify dataset record,air-pollution|laei|nitrogen-dioxide|particulate-matter,not supplied by discovery response,NO_MATCH,,,none_observed,Not supplied by discovery response; verify the dataset record before reuse,unknown,no,no,no,,,,7014fb2d55b7079c2d1ff09a07c25759ebc75e74223632f16164c3fc6e9125a0,1,ckan-data-gov-uk-e3733293-6d44-49a1-b37b-9ee982339dc0-7d1e10f8ed,REVIEW_REQUIRED,DISCOVERED_ONLY,no governed pollutant/stressor relevance match; no machine-readable endpoint established; reachability unknown; licence review required
e33304feaf53dc0105d0,ckan-data-gov-uk-1530de2b-85b7-4115-ae05-af7fb7f71622-3a4e42a001,Marine Environmental Data & Information Network,"Norovirus, ammonia and orthophosphate in wastewater samples collected from across England 2021 - 2022",https://data.cefas.co.uk/view/21753,unknown,United Kingdom; verify dataset record,,not supplied by discovery response,MATCHED,ammonia-ammonium,DIRECT_CROSS_MEDIA,none_observed,Not supplied by discovery response; verify the dataset record before reuse,unknown,no,no,no,,,,b0a5dfc6bb521a4c2f7aacc56dbe7180158a08dab20148995ae2036de85959a5,1,ckan-data-gov-uk-1530de2b-85b7-4115-ae05-af7fb7f71622-3a4e42a001,REVIEW_REQUIRED,DISCOVERED_ONLY,no machine-readable endpoint established; reachability unknown; licence review required
e38ad681b5d2464fd2e5,ckan-data-gov-uk-676306cf-1976-4cf5-85f0-acd70f5427da-7fce501006,Watford Borough Council,Air Quality Management Sites (AQMA),https://www.data.gov.uk/dataset/air-quality-management-sites-aqma,catalogue_landing_page,United Kingdom; verify dataset record,Utility and governmental services|air_quality,not supplied by discovery response,NO_MATCH,,,none_observed,Creative Commons Attribution,unknown,no,no,no,,,,0c430da26161a21ea65d8f8a802d17788aa0ea30ceeb8b4415e88e27d1e7763e,1,ckan-data-gov-uk-676306cf-1976-4cf5-85f0-acd70f5427da-7fce501006,REVIEW_REQUIRED,DISCOVERED_ONLY,no governed pollutant/stressor relevance match; no machine-readable endpoint established; reachability unknown
e402a91d8bc4d010505a,ckan-data-gov-uk-41875668-35ea-4e6b-8a73-593797a66c6f-90854c0719,Sandwell Metropolitan Borough Council,Sandwell MBC Continuous Air Quality Assessment -Annual Mean Pollutant Concentrations,https://www.data.gov.uk/dataset/sandwell-mbc-continuous-air-quality-assessment-annual-mean-pollutant-concentrations,catalogue_landing_page,United Kingdom; verify dataset record,,not supplied by discovery response,MATCHED,nitrogen-dioxide|particulate-matter,DIRECT,none_observed,Not supplied by discovery response; verify the dataset record before reuse,unknown,no,no,no,,,,09d197ba84b85111d46917018444ee2b3e56dbe47232ada247522ecd4affe0f0,1,ckan-data-gov-uk-41875668-35ea-4e6b-8a73-593797a66c6f-90854c0719,REVIEW_REQUIRED,DISCOVERED_ONLY,no machine-readable endpoint established; reachability unknown; licence review required
e4523bcd8709f07b09c3,ckan-data-gov-uk-df63fe8e-401f-43a9-869d-6192a39bb83f-d1e15acfd6,Environmental Information Data Centre,"Field measurements of alkalinity, chloride-ion, conductivity, pH and nutrients in rivers (2003-2006) [LOCAR]",https://data-package.ceh.ac.uk/sd/bb600a56-c9cf-4fca-b9be-be3de0039a79.zip,machine_service,United Kingdom; verify dataset record,Environmental Monitoring Facilities|LOCAR|Lowland Catchment Research Programme (LOCAR)|The Lowland Catchment Research Programme|pH|silicate,not supplied by discovery response,MATCHED,acid-gas-aerosol|ammonia-ammonium,DIRECT_CROSS_MEDIA,none_observed,Not supplied by discovery response; verify the dataset record before reuse,unknown,yes,no,no,,,,b34aab1150273c24b922bc89f45a5b9ac1de4024466ac1099b5628e61a8380ae,1,ckan-data-gov-uk-df63fe8e-401f-43a9-869d-6192a39bb83f-d1e15acfd6,REVIEW_REQUIRED,DISCOVERED_ONLY,reachability unknown; licence review required
e58a157d9d1c38dc9f4b,ckan-data-gov-uk-b5eb7929-83fc-4707-a43d-c69a24b9af5f-001cb10734,Environmental Information Data Centre,Soil metals data 2007 [Countryside Survey],https://data-package.ceh.ac.uk/sd/826b0829-7ab5-4e22-822f-ee3a137896a9.zip,machine_service,United Kingdom; verify dataset record,Soil|manganese|molybdenum,not supplied by discovery response,MATCHED,heavy-metals|mercury,DIRECT_CROSS_MEDIA,none_observed,Not supplied by discovery response; verify the dataset record before reuse,unknown,yes,no,no,,,,03ab0703a0b222c1d28f4662af66bb433aad219b0e297848e00c156e02385f81,1,ckan-data-gov-uk-b5eb7929-83fc-4707-a43d-c69a24b9af5f-001cb10734,REVIEW_REQUIRED,DISCOVERED_ONLY,reachability unknown; licence review required
e59cecf9556897ab81b1,ckan-data-gov-uk-3edb34d9-f946-44a0-a3c0-d3602b2bbb54-63775d8c35,Environmental Information Data Centre,UK Environmental Change Network (ECN) atmospheric nitrogen chemistry data: 1993-2012,https://data-package.ceh.ac.uk/sd/c770b7c2-8d52-454f-936c-2999338bdee7.zip,machine_service,United Kingdom; verify dataset record,Alice Holt|Atmospheric Conditions|Drayton|Environmental Change Network|Glensaugh|Hillsborough|ILTER|LTER|Moor House - Upper Teesdale|North Wyke|Rothamsted|Sourhope|Wytham|Yr Wyddfa - Snowdon,not supplied by discovery response,MATCHED,nitrogen-dioxide,DIRECT,none_observed,Not supplied by discovery response; verify the dataset record before reuse,unknown,yes,no,no,,,,7a21033699e524d35a1d270fea60554a2d29ae700bbf9b5b0f22a92abaee77c4,1,ckan-data-gov-uk-3edb34d9-f946-44a0-a3c0-d3602b2bbb54-63775d8c35,REVIEW_REQUIRED,DISCOVERED_ONLY,reachability unknown; licence review required
e6646cede3f3c7ed66f1,ckan-data-gov-uk-6931ce6f-df40-4881-b86e-bb34b50e9e06-792b3865c9,Environmental Information Data Centre,Critical loads of acidity and nutrient nitrogen for UK habitats,https://data-package.ceh.ac.uk/sd/299e2779-0787-46bb-9482-03ad474eae27.zip,machine_service,United Kingdom; verify dataset record,Atmospheric Conditions|acidity|nutrient nitrogen,not supplied by discovery response,MATCHED,atmospheric-deposition,PROCESS_LINK,none_observed,Not supplied by discovery response; verify the dataset record before reuse,unknown,yes,no,no,,,,eba1ff4665139fe87809e0be0c6bff0d0f10b90401a727b849f1ea9ac2197fc6,1,ckan-data-gov-uk-6931ce6f-df40-4881-b86e-bb34b50e9e06-792b3865c9,REVIEW_REQUIRED,DISCOVERED_ONLY,reachability unknown; licence review required
e732f6a9ced9a2d5d464,ckan-data-gov-uk-07667e53-c2de-4e89-a201-3f13ed735d11-a721cdcdd0,Environmental Information Data Centre,"Carbon and nitrogen contents of soil organic matter fractions, soil organic carbon, total soil nitrogen, and soil organic matter of 100 topsoil samples from the UKCEH Countryside Survey, Great Britain, 2019-2020",https://data-package.ceh.ac.uk/sd/4fc8a62b-c971-433e-acc3-23423bb75022.zip,machine_service,United Kingdom; verify dataset record,Soil|Soil organic matter fractionation|UKCEH Countryside Survey|UKSCAPE|carbon|free light fraction|mineral-associated organic matter|nitrogen|occluded light fraction|topsoil,not supplied by discovery response,NO_MATCH,,,none_observed,Not supplied by discovery response; verify the dataset record before reuse,unknown,yes,no,no,,,,b172dc53c35ca3caa4551b5efc6a7dee718173c656b6a6abe7d44170c9be65e3,1,ckan-data-gov-uk-07667e53-c2de-4e89-a201-3f13ed735d11-a721cdcdd0,REVIEW_REQUIRED,DISCOVERED_ONLY,no governed pollutant/stressor relevance match; reachability unknown; licence review required
e7878fbdbfa66909431f,ckan-data-gov-uk-f8fa4087-0236-4526-bb47-42c0d2a01433-1560f77545,Joint Nature Conservation Committee,Species point records from 1983 Rostron Isles of Scilly sublittoral sediment survey,http://data.jncc.gov.uk/data/91a98f9b-732c-40b8-977a-cd626abc2694-1983-Rostron-Isles-of-Scilly-sublittoral-sediment-survey.csv,machine_service,United Kingdom; verify dataset record,,not supplied by discovery response,NO_MATCH,,,none_observed,UK Open Government Licence (OGL),unknown,yes,no,no,,,,eb7d05188f43a15a8a91d412dd1d22acfb5a6773366ca94fabd5a5542a433f87,1,ckan-data-gov-uk-f8fa4087-0236-4526-bb47-42c0d2a01433-1560f77545,REVIEW_REQUIRED,DISCOVERED_ONLY,no governed pollutant/stressor relevance match; reachability unknown
e8301b6705e380f72aa9,ckan-data-gov-uk-dbd4f919-c20e-464b-9689-689060e0655e-cccfe2e265,Mole Valley District Council,NOX Air Quality Tubes,https://www.data.gov.uk/dataset/nox-air-quality-tubes1,catalogue_landing_page,United Kingdom; verify dataset record,,not supplied by discovery response,NO_MATCH,,,none_observed,Not supplied by discovery response; verify the dataset record before reuse,unknown,no,no,no,,,,7e47320e855780be2da3d003dd7d295d769ed42294951fd7abd5dac88ce0cdab,2,ckan-data-gov-uk-a2a7fb75-362d-4852-a6f0-7545fbb3efcb-5f4c7d29d3|ckan-data-gov-uk-dbd4f919-c20e-464b-9689-689060e0655e-cccfe2e265,REVIEW_REQUIRED,DISCOVERED_ONLY,no governed pollutant/stressor relevance match; no machine-readable endpoint established; reachability unknown; licence review required
e87c4467f64b9c170a9e,ckan-data-gov-uk-3d475d63-b300-4b6d-8f2c-e3eab4364eaa-4ff564995f,South Cambridgeshire District Council,Air Quality Monitoring Stations,http://scambs-airquality.aeat.co.uk/index.php?action=chapter&f_cha_display_order=2&f_page_id=4,unknown,United Kingdom; verify dataset record,,not supplied by discovery response,NO_MATCH,,,none_observed,UK Open Government Licence (OGL),unknown,no,no,no,,,,78da2c8a90caf0725b9d5907bf8dfaa4fb186172dd21184946e705971a08577f,2,ckan-data-gov-uk-393d0fdd-b1a3-4a0e-9747-948ecb8832ae-f17b9fce8b|ckan-data-gov-uk-3d475d63-b300-4b6d-8f2c-e3eab4364eaa-4ff564995f,REVIEW_REQUIRED,DISCOVERED_ONLY,no governed pollutant/stressor relevance match; no machine-readable endpoint established; reachability unknown
e8c9cf838171272794f8,ckan-data-gov-uk-ec792645-b485-45c8-9f3e-2a736a5feca5-fab68623ec,Leicester City Council,Air Quality - PM10 - Annual Mean,https://data.leicester.gov.uk/api/explore/v2.1/catalog/datasets/air-quality-pm10-annual-mean/exports/xlsx?use_labels=true,machine_service,United Kingdom; verify dataset record,Air Quality|PM10|Particulate Matter,not supplied by discovery response,MATCHED,particulate-matter,DIRECT,none_observed,Not supplied by discovery response; verify the dataset record before reuse,unknown,yes,no,no,,,,9046294d0725a4fc632951f10b6c348ac2a8884a4dd1c964fd4a01f40dd18c96,1,ckan-data-gov-uk-ec792645-b485-45c8-9f3e-2a736a5feca5-fab68623ec,REVIEW_REQUIRED,DISCOVERED_ONLY,reachability unknown; licence review required
e911ba4d991a19748cc9,ckan-data-gov-uk-4ea84021-8e4e-4b25-b0be-ae98159016ad-f9866cfcff,Joint Nature Conservation Committee,Species point records from 1989 MNCR Mull of Galloway/Auchencairn littoral survey,http://data.jncc.gov.uk/data/1f2c4e38-bfe7-4a22-a470-85dd228ce915-1989-MNCR-Mull-of-Galloway-Auchencairn-littoral-survey.csv,machine_service,United Kingdom; verify dataset record,,not supplied by discovery response,NO_MATCH,,,none_observed,UK Open Government Licence (OGL),unknown,yes,no,no,,,,58cc2926468331e23e4d22f0a3c91590979e9c793e3144b99a35b82d2bbbb2a2,1,ckan-data-gov-uk-4ea84021-8e4e-4b25-b0be-ae98159016ad-f9866cfcff,REVIEW_REQUIRED,DISCOVERED_ONLY,no governed pollutant/stressor relevance match; reachability unknown
e94c0b523d4f421da5d3,ckan-data-gov-uk-a095804b-20c0-4b75-bf24-a2c0b9b95e57-c64e3fc20a,OpenDataNI,NI Air Quality,http://www.airqualityni.co.uk/data/atom-dls/non-auto/atom.en.xml,machine_service,United Kingdom; verify dataset record,air|air quality|monitoring|quality,not supplied by discovery response,NO_MATCH,,,none_observed,UK Open Government Licence (OGL),unknown,yes,no,no,,,,d3d4078c6ecd3b2212055ca2fcbf53c379475332fe1908d6d1dbd7d143bc3fc5,1,ckan-data-gov-uk-a095804b-20c0-4b75-bf24-a2c0b9b95e57-c64e3fc20a,REVIEW_REQUIRED,DISCOVERED_ONLY,no governed pollutant/stressor relevance match; reachability unknown
e9f0a48b71f506656d11,ckan-data-gov-uk-76bde105-2739-4bb2-9cb0-b91abbbb5de3-7b915d4c1b,Bath and North East Somerset Council,AQMA Bath,http://feeds.getmapping.com/18471.wmsx?service=wms&version=1.3.0&request=getcapabilities&login=a37b3a90-e102-4f7a-c8e5-1a250e957175&password=REDACTED,machine_service,United Kingdom; verify dataset record,,not supplied by discovery response,MATCHED,nitrogen-dioxide,DIRECT,redacted_or_required,Not supplied by discovery response; verify the dataset record before reuse,unknown,yes,no,no,,,,fab2a6ef0e465db899e62f60466b60d255133e0fdcbeffdc2daf614fb2f1c56c,1,ckan-data-gov-uk-76bde105-2739-4bb2-9cb0-b91abbbb5de3-7b915d4c1b,REVIEW_REQUIRED,DISCOVERED_ONLY,reachability unknown; licence review required; authentication redacted_or_required
eab56568fa4407c9ad4f,ckan-data-gov-uk-4761ff41-8937-4b2b-b398-bd16ea235e39-55473401ce,Marine Environmental Data & Information Network,"Inputs of mercury, cadmium and lead via water and air to the Greater North Sea between 1990 and 2014",https://data.cefas.co.uk/view/20014,unknown,United Kingdom; verify dataset record,,not supplied by discovery response,MATCHED,atmospheric-deposition|heavy-metals|mercury,DIRECT_CROSS_MEDIA|PROCESS_LINK,none_observed,Not supplied by discovery response; verify the dataset record before reuse,unknown,no,no,no,,,,85d717f619dfa0ec52b25894c178516426219c68f1d996405b478671fa48758f,1,ckan-data-gov-uk-4761ff41-8937-4b2b-b398-bd16ea235e39-55473401ce,REVIEW_REQUIRED,DISCOVERED_ONLY,no machine-readable endpoint established; reachability unknown; licence review required
eb0a8c2b8afeaa9301c0,ckan-data-gov-uk-1326d57f-77d3-4514-91cb-b0ac4643a66c-a8f65cae5c,Environmental Information Data Centre,"European Monitoring and Evaluation Program Model for the UK (EMEP4UK) annual vegetation specific atmospheric deposition of oxidised sulphur, oxidised nitrogen, and reduced nitrogen for 2018",https://data-package.ceh.ac.uk/sd/8750607d-1e8f-4b39-a61d-f162f4552d8e.zip,machine_service,United Kingdom; verify dataset record,Coarse nitrate particulate|EMEP|EMEP4UK|Environmental Monitoring Facilities|European and Evaluation Programme|Oxides of sulphur|Reduced nitrogen|UK-SCAPE,not supplied by discovery response,MATCHED,atmospheric-deposition,PROCESS_LINK,none_observed,Not supplied by discovery response; verify the dataset record before reuse,unknown,yes,no,no,,,,b4a1c2f3786395861f5bf44fa4fe1d3796dc086346b0c360bfd008db5f750bee,1,ckan-data-gov-uk-1326d57f-77d3-4514-91cb-b0ac4643a66c-a8f65cae5c,REVIEW_REQUIRED,DISCOVERED_ONLY,reachability unknown; licence review required
eb0e59160476427ec2fd,ckan-data-gov-uk-6880215c-0650-42cd-b384-88551f7df135-319b0b8a4c,Environmental Information Data Centre,"Average Accumulated Exceedance (AAE) of critical loads of acidity and nutrient nitrogen by acid and nitrogen deposition for the UK, 2014-2016",https://data-package.ceh.ac.uk/sd/92a4c2cd-fc16-414a-95c8-45b83769b503.zip,machine_service,United Kingdom; verify dataset record,Environmental Monitoring Facilities|NEC05708|Nutrient Nitrogen,not supplied by discovery response,MATCHED,ammonia-ammonium|atmospheric-deposition|nitrogen-dioxide,DIRECT|DIRECT_CROSS_MEDIA|PROCESS_LINK,none_observed,Not supplied by discovery response; verify the dataset record before reuse,unknown,yes,no,no,,,,586a70bee5133c12f44088fb49124a27703eaa96083dba7237032f212514888b,1,ckan-data-gov-uk-6880215c-0650-42cd-b384-88551f7df135-319b0b8a4c,REVIEW_REQUIRED,DISCOVERED_ONLY,reachability unknown; licence review required
eb1c6a226470b41a950f,ckan-data-gov-uk-65c1c244-bef8-49f7-af30-2fb74d6bb457-65bac220dd,UK National Air Quality Archive,Key pollutant concentrations,http://webarchive.nationalarchives.gov.uk/+/http://www.airquality.co.uk/archive/data_and_statistics.php,unknown,United Kingdom; verify dataset record,,not supplied by discovery response,NO_MATCH,,,none_observed,UK Open Government Licence (OGL),unknown,no,no,no,,,,aac52cc48dff6451728c931327a8785667ecb8eeffca662fbd9f04212b209d4b,1,ckan-data-gov-uk-65c1c244-bef8-49f7-af30-2fb74d6bb457-65bac220dd,REVIEW_REQUIRED,DISCOVERED_ONLY,no governed pollutant/stressor relevance match; no machine-readable endpoint established; reachability unknown
eb4c203503e5154277d3,ckan-data-gov-uk-9c231a05-ad64-4c7b-82a6-eb2fd6697869-4ce884c625,Scottish Government SpatialData.gov.scot,Scottish_Pollutant_Release_Inventory (MapService),https://map.sepa.org.uk/server/services/Open/Environmental_Monitoring/MapServer/WMSServer?request=GetCapabilities&service=WMS,machine_service,United Kingdom; verify dataset record,Environmental monitoring facilities|environmental|infoMapAccessService|monitoring,not supplied by discovery response,NO_MATCH,,,none_observed,Not supplied by discovery response; verify the dataset record before reuse,unknown,yes,no,no,,,,43e2aef2ee0c8c8989fbbfaf90ea2dac7d46454f63c9feee1587f78b4d375dc7,1,ckan-data-gov-uk-9c231a05-ad64-4c7b-82a6-eb2fd6697869-4ce884c625,REVIEW_REQUIRED,DISCOVERED_ONLY,no governed pollutant/stressor relevance match; reachability unknown; licence review required
eb6d9e573025a81116b6,ckan-data-gov-uk-6fc65cdd-b64c-4f78-9153-7b192d410e4c-eae9273c14,Durham County Council,Air Quality Monitors,https://www.data.gov.uk/dataset/air-quality-monitors4,catalogue_landing_page,United Kingdom; verify dataset record,Air Quality|air pollution|airhack,not supplied by discovery response,NO_MATCH,,,none_observed,Not supplied by discovery response; verify the dataset record before reuse,unknown,no,no,no,,,,ca6a645882bbd1f11b1bc1cc5f7e58d029885471f620a134ed29c82744d5133a,1,ckan-data-gov-uk-6fc65cdd-b64c-4f78-9153-7b192d410e4c-eae9273c14,REVIEW_REQUIRED,DISCOVERED_ONLY,no governed pollutant/stressor relevance match; no machine-readable endpoint established; reachability unknown; licence review required
eb92da784c4ff9a90c72,ckan-data-gov-uk-19b2e72f-afd2-48d0-bb15-8346adbf1ef7-d834f33d1b,Environmental Information Data Centre,"Deposition and concentration of nitrogen and sulphur for protected sites in the UK, 2016-2018",https://data-package.ceh.ac.uk/sd/4538e272-f276-472f-b11c-fcf84e2cc306.zip,machine_service,United Kingdom; verify dataset record,Protected Sites|ecosystem impacts from atmospheric pollution|natura 2000|nitrogen deposition|source attribution,not supplied by discovery response,MATCHED,ammonia-ammonium|atmospheric-deposition,DIRECT_CROSS_MEDIA|PROCESS_LINK,none_observed,Not supplied by discovery response; verify the dataset record before reuse,unknown,yes,no,no,,,,a55b0ee7f940dfd6d7f702fd9de1db1fd52c4b7c0ca5cc7b2525ae49e8948120,1,ckan-data-gov-uk-19b2e72f-afd2-48d0-bb15-8346adbf1ef7-d834f33d1b,REVIEW_REQUIRED,DISCOVERED_ONLY,reachability unknown; licence review required
ecd9badd80f1c7cba6e9,ckan-data-gov-uk-b5be5adf-2eb1-432f-9441-f027926d631b-fc71581b8c,Environment Agency,WFD Cycle 2 trac DIN classification,https://environment.data.gov.uk/api/file/download?fileDataSetId=73f89b86-d905-4371-8e9a-3118ebb69e26&fileName=WFD_SW_Classification_Status_and_Objectives_Cycle2_v3.xlsx,machine_service,United Kingdom; verify dataset record,EC directive|environment|water quality,not supplied by discovery response,MATCHED,particulate-matter,DIRECT,none_observed,Not supplied by discovery response; verify the dataset record before reuse,unknown,yes,no,no,,,,fbfc117ba69d7d943979d935cb38545bda11507aa5cda3adaced59cc9503f759,1,ckan-data-gov-uk-b5be5adf-2eb1-432f-9441-f027926d631b-fc71581b8c,REVIEW_REQUIRED,DISCOVERED_ONLY,reachability unknown; licence review required
ed419760b55e309a6780,ckan-data-gov-uk-d682e873-a069-474d-be11-6a1cc87a8075-008e699dd4,Joint Nature Conservation Committee,Species point records from 1983 Collins Selsey Bill to East Solent sublittoral survey,http://data.jncc.gov.uk/data/b8b709dd-18e7-4250-a080-c03826ceeb6b-1983-Collins-Selsey-Bill-to-East-Solent-sublittoral-survey.csv,machine_service,United Kingdom; verify dataset record,,not supplied by discovery response,NO_MATCH,,,none_observed,UK Open Government Licence (OGL),unknown,yes,no,no,,,,6f92e2f3ef1265544e25a3873fc060990555bca0876121dcebb440fc4834455c,1,ckan-data-gov-uk-d682e873-a069-474d-be11-6a1cc87a8075-008e699dd4,REVIEW_REQUIRED,DISCOVERED_ONLY,no governed pollutant/stressor relevance match; reachability unknown
ed4c0a2739a4d408b589,ckan-data-gov-uk-b8c7d03d-5cfc-43d0-98c0-5e71ead2b767-bb9f4d2422,City of York Council,Average Annual Mean Nitrogen Dioxide concentration in Lawrence St (ug/m3) (Calendar Year),https://data.yorkopendata.org/dataset/b8c7d03d-5cfc-43d0-98c0-5e71ead2b767/resource/41eb85db-0379-4e41-b184-d2334018e199/download/kpi-can027d.csv,machine_service,United Kingdom; verify dataset record,,not supplied by discovery response,MATCHED,nitrogen-dioxide,DIRECT,none_observed,UK Open Government Licence (OGL),unknown,yes,no,no,,,,6bfd078b15640caab0c2114c87fe3cfdb403fe8c33491fc79af957ee5657627e,1,ckan-data-gov-uk-b8c7d03d-5cfc-43d0-98c0-5e71ead2b767-bb9f4d2422,REVIEW_REQUIRED,DISCOVERED_ONLY,reachability unknown
edd434c40139d2c57637,ckan-data-gov-uk-e675b3f8-23db-48ba-9213-a564495b646d-296d069ecb,Wiltshire Council,Wiltshire Council - Air Quality Management Areas,https://wiltshire-council-open-data-hub-wiltscouncil.hub.arcgis.com/datasets/WiltsCouncil::air-quality-management-areas-1/about,unknown,United Kingdom; verify dataset record,,not supplied by discovery response,MATCHED,nitrogen-dioxide,DIRECT,none_observed,UK Open Government Licence (OGL),unknown,no,no,no,,,,34aaea4848bba11824a62d4459a8b7f41980c092dba7bd99b9eea944ad1aa36f,1,ckan-data-gov-uk-e675b3f8-23db-48ba-9213-a564495b646d-296d069ecb,REVIEW_REQUIRED,DISCOVERED_ONLY,no machine-readable endpoint established; reachability unknown
ee64d9fb0aff7ce2429d,ckan-data-gov-uk-b65ef774-9fed-4aa3-bc83-675b0b95e209-1781b79254,Environmental Information Data Centre,"Ammonia concentrations from high-elevation Himalayan forests and a Sri Lankan tropical forest, 2022-2024",https://data-package.ceh.ac.uk/sd/9c4aee69-3693-4f18-97c8-ff740045f3de.zip,machine_service,United Kingdom; verify dataset record,Himalaya|South Asia|passive sampling,not supplied by discovery response,MATCHED,ammonia-ammonium,DIRECT_CROSS_MEDIA,none_observed,Not supplied by discovery response; verify the dataset record before reuse,unknown,yes,no,no,,,,e10fd6c428b7c3883cc8bb43a30d2e013556e2bf26536e4b902b050970c58e87,1,ckan-data-gov-uk-b65ef774-9fed-4aa3-bc83-675b0b95e209-1781b79254,REVIEW_REQUIRED,DISCOVERED_ONLY,reachability unknown; licence review required
ee792a659c12a9285123,ckan-data-gov-uk-77a6937c-4293-4e78-bfe3-5b4db13c98fb-b74e6931e1,Environmental Information Data Centre,"European Monitoring and Evaluation Programme Model for the UK (EMEP4UK) daily atmospheric composition and fluxes for 2000, 2015 and 2022",https://data-package.ceh.ac.uk/sd/0675cc95-ea59-4633-a1f1-4bfe7159375a.zip,machine_service,United Kingdom; verify dataset record,Atmospheric Conditions|United Kingdom,not supplied by discovery response,MATCHED,atmospheric-deposition,PROCESS_LINK,none_observed,Not supplied by discovery response; verify the dataset record before reuse,unknown,yes,no,no,,,,ca1d3318e7f09d619fc1dca0430952be24df552ebfeb16159954487d95cc0e00,1,ckan-data-gov-uk-77a6937c-4293-4e78-bfe3-5b4db13c98fb-b74e6931e1,REVIEW_REQUIRED,DISCOVERED_ONLY,reachability unknown; licence review required
eef2b8ea56a2b55c4de5,ckan-data-gov-uk-1d95d613-026d-49b9-b450-95e163883970-94e23173f6,British Geological Survey (BGS),2005 Strategic Environmental Assessment SEA6 Technical Report - Contaminants. A review of the contaminant status of the Irish Sea,http://www.bgs.ac.uk/data/sea/home.html,unknown,United Kingdom; verify dataset record,Geology|Production and industrial facilities,not supplied by discovery response,NO_MATCH,,,none_observed,Not supplied by discovery response; verify the dataset record before reuse,unknown,no,no,no,,,,54fa9ba9ee706b3421a64af39e3cb63b3513dde79034f2cd68fde692ad32a2bd,1,ckan-data-gov-uk-1d95d613-026d-49b9-b450-95e163883970-94e23173f6,REVIEW_REQUIRED,DISCOVERED_ONLY,no governed pollutant/stressor relevance match; no machine-readable endpoint established; reachability unknown; licence review required
f0d2b233c0ff54ba0e48,ckan-data-gov-uk-f00d284c-9d67-4f37-b3d3-479e53fcea01-47995e9db3,British Geological Survey (BGS),2003 Strategic Environmental Assessment SEA4 Sampling analysis results - Hydrocarbons. ERT Report 920 R002 (north UKCS),http://www.bgs.ac.uk/data/sea/home.html,unknown,United Kingdom; verify dataset record,Geology,not supplied by discovery response,MATCHED,volatile-organic-compounds,DIRECT,none_observed,Not supplied by discovery response; verify the dataset record before reuse,unknown,no,no,no,,,,4d0af520b79c8c3c99e53a957c1d4f2decd70b561e6bc054c7906256e65d11d8,1,ckan-data-gov-uk-f00d284c-9d67-4f37-b3d3-479e53fcea01-47995e9db3,REVIEW_REQUIRED,DISCOVERED_ONLY,no machine-readable endpoint established; reachability unknown; licence review required
f1748a7c22a6f07f171d,ckan-data-gov-uk-fbbf102e-c748-4b1f-a026-65fc2de8b26d-43a61f7174,Environment Agency,Discharges to rivers from abandoned metal mines,https://environment.data.gov.uk/api/file/download?fileDataSetId=0ecef541-414f-40f0-a045-1b953d6fbd1b&fileName=DSTR08399_Discharges_to_Rivers_from_Abandoned_Metal_Mines_2018.xlsx,machine_service,United Kingdom; verify dataset record,environment|freshwater pollution|heavy metal,not supplied by discovery response,MATCHED,heavy-metals,DIRECT_CROSS_MEDIA,none_observed,Not supplied by discovery response; verify the dataset record before reuse,unknown,yes,no,no,,,,54f9bce824910f6cd0e13658715bf0334cf630fe2a2986ee9365ca625051463c,1,ckan-data-gov-uk-fbbf102e-c748-4b1f-a026-65fc2de8b26d-43a61f7174,REVIEW_REQUIRED,DISCOVERED_ONLY,reachability unknown; licence review required
f18efd71eae3f98ce2b6,ckan-data-gov-uk-50ad972b-b358-46dc-96c8-24504c573942-2a02ef6afe,Scottish Government SpatialData.gov.scot,FGS Climatic Site Suitability - Native Broadleaves (W8),https://ogc.nature.scot/geoserver/scottishforestry/ows?service=WMS&request=GetCapabilities,machine_service,United Kingdom; verify dataset record,Environment|FGS|Felling|Forest Management|Forestry|Grant Schemes|Habitats and biotopes|Landscape|Licence|Ownership|Planning|Woodland,not supplied by discovery response,MATCHED,mercury,DIRECT_CROSS_MEDIA,none_observed,Not supplied by discovery response; verify the dataset record before reuse,unknown,yes,no,no,,,,8b2e41bdc29dbd1d56def21edaa8e3f0c70149279205336f672c25cbfbfb0f0d,1,ckan-data-gov-uk-50ad972b-b358-46dc-96c8-24504c573942-2a02ef6afe,REVIEW_REQUIRED,DISCOVERED_ONLY,reachability unknown; licence review required
f1d5f4c81e533cf0c87f,ckan-data-gov-uk-58682f1e-076b-468c-80ad-b134792c2984-b8af133e0a,London Borough of Camden,Air Quality Monitoring Diffusion Tube,https://www.data.gov.uk/dataset/air-quality-monitoring-diffusion-tube,catalogue_landing_page,United Kingdom; verify dataset record,,not supplied by discovery response,MATCHED,nitrogen-dioxide,DIRECT,none_observed,UK Open Government Licence (OGL),unknown,no,no,no,,,,1fbaa45789c008a40cef39a617154f4e9e7dd7b95742787bf02e2a202c12a7b1,1,ckan-data-gov-uk-58682f1e-076b-468c-80ad-b134792c2984-b8af133e0a,REVIEW_REQUIRED,DISCOVERED_ONLY,no machine-readable endpoint established; reachability unknown
f1e0898f652464def4d5,ckan-data-gov-uk-16d763e6-ec46-40c0-b7d6-576a4bd36df5-b0f9f9058d,"Department for Environment, Food and Rural Affairs",Air quality indicator for sustainable development,https://www.ons.gov.uk/peoplepopulationandcommunity/wellbeing/articles/sustainabledevelopmentindicators/2015-07-13,unknown,United Kingdom; verify dataset record,,not supplied by discovery response,MATCHED,particulate-matter,DIRECT,none_observed,UK Open Government Licence (OGL),unknown,no,no,no,,,,52bc22412f3601b19613e7206bc78ab539cf488f68517d9e12f4dc2b2d4d324e,1,ckan-data-gov-uk-16d763e6-ec46-40c0-b7d6-576a4bd36df5-b0f9f9058d,REVIEW_REQUIRED,DISCOVERED_ONLY,no machine-readable endpoint established; reachability unknown
f1f0ca0e7af8121665fc,ckan-data-gov-uk-5e48676e-c80f-4999-ad4f-57b075d46087-268ec001c7,British Geological Survey (BGS),"2003 Strategic Environmental Assessment SEA5 Cruise report, RV Kommandor Jack, Part B Biology Survey, North Sea",http://www.bgs.ac.uk/data/sea/home.html,unknown,United Kingdom; verify dataset record,Habitats and biotopes,not supplied by discovery response,NO_MATCH,,,none_observed,Not supplied by discovery response; verify the dataset record before reuse,unknown,no,no,no,,,,0395cbe1ba0f303002d4458009a380fdbc5f626c7bc1238c452761b8cb72b0f9,1,ckan-data-gov-uk-5e48676e-c80f-4999-ad4f-57b075d46087-268ec001c7,REVIEW_REQUIRED,DISCOVERED_ONLY,no governed pollutant/stressor relevance match; no machine-readable endpoint established; reachability unknown; licence review required
f220a32e403625ceec9e,ckan-data-gov-uk-46eced3d-cea3-4129-8f1d-6136697a6fe2-b008be47c4,Environmental Information Data Centre,"Meteorological data and ammonia concentration and deposition rates from an ammonia enhancement experiment site, Queensberry, Sri Lanka, 2023-2024",https://data-package.ceh.ac.uk/sd/449e746d-6291-4653-a3e0-b18f897abc3e.zip,machine_service,United Kingdom; verify dataset record,"GCRF South Asian Nitrogen Hub|Queensberry|Sri Lanka|UK Status, Change and Projections of the Environme|compensation point|enhancement|field release|resistance modelling",not supplied by discovery response,MATCHED,ammonia-ammonium|atmospheric-deposition,DIRECT_CROSS_MEDIA|PROCESS_LINK,none_observed,Not supplied by discovery response; verify the dataset record before reuse,unknown,yes,no,no,,,,11026c298bdc9dfba91d9beacdc89a2c8feedd172b724e469d9596d9725584c1,1,ckan-data-gov-uk-46eced3d-cea3-4129-8f1d-6136697a6fe2-b008be47c4,REVIEW_REQUIRED,DISCOVERED_ONLY,reachability unknown; licence review required
f254d744e0ac47071ba0,ckan-data-gov-uk-dd9aea07-d501-410e-b5dc-e43d135bf7cc-ffa8436455,Greater London Authority,London Atmospheric Emissions Inventory (LAEI) 2019,https://www.data.gov.uk/dataset/london-atmospheric-emissions-inventory-laei-20191,catalogue_landing_page,United Kingdom; verify dataset record,London air pollution|London air quality|air pollutant emissions|air pollution|air quality|co2|laei|laei2019|london concentrations|london emissions|nitrogen dioxide|no2|nox|particulate matter|pm10|pm2.5,not supplied by discovery response,MATCHED,nitrogen-dioxide|particulate-matter|volatile-organic-compounds,DIRECT,none_observed,Not supplied by discovery response; verify the dataset record before reuse,unknown,no,no,no,,,,20b8d7fea66cdbf471512ad6ce65d576e91fbbff17f35f68752fd337428c19b0,1,ckan-data-gov-uk-dd9aea07-d501-410e-b5dc-e43d135bf7cc-ffa8436455,REVIEW_REQUIRED,DISCOVERED_ONLY,no machine-readable endpoint established; reachability unknown; licence review required
f2898a6898bf8c82269f,ckan-data-gov-uk-5d0f7fd9-045f-4912-abb9-6b4beba9d686-390fe7ad5d,Marine Environmental Data & Information Network,Monthly average non-algal Suspended Particulate Matter concentrations on the UK shelf waters,https://data.cefas.co.uk/view/18133,unknown,United Kingdom; verify dataset record,,not supplied by discovery response,MATCHED,particulate-matter,DIRECT,none_observed,Not supplied by discovery response; verify the dataset record before reuse,unknown,no,no,no,,,,fc47537ade4c1c13129da4342df225f50591ffd9ac715931ba1d0119d302d00d,1,ckan-data-gov-uk-5d0f7fd9-045f-4912-abb9-6b4beba9d686-390fe7ad5d,REVIEW_REQUIRED,DISCOVERED_ONLY,no machine-readable endpoint established; reachability unknown; licence review required
f2bab44550a8b5a89f65,ckan-data-gov-uk-7899940f-3c8b-4ea4-81a1-1b3fa7ccd122-ff40b4ffcc,St Helens Council,Air Quality Management Area,https://maps.sthelens.gov.uk/getows.ashx?mapsource=mapsources%2Finspire&version=1.1.0&service=WFS&request=GetFeature&TypeName=air_quality_management_area,machine_service,United Kingdom; verify dataset record,Location,not supplied by discovery response,NO_MATCH,,,none_observed,Not supplied by discovery response; verify the dataset record before reuse,unknown,yes,no,no,,,,5f5e3a2cc8a8ace460e86fa673ac53d53a5b256ccaf6b5b56c13bc8ae3272f7c,1,ckan-data-gov-uk-7899940f-3c8b-4ea4-81a1-1b3fa7ccd122-ff40b4ffcc,REVIEW_REQUIRED,DISCOVERED_ONLY,no governed pollutant/stressor relevance match; reachability unknown; licence review required
f2bcedfdc61850b22426,ckan-data-gov-uk-fb79d1a4-fa6f-4730-b629-71d7aedb83d6-144d952dbc,Environmental Information Data Centre,"Heavy metal, nitrogen, and sulphur atmospheric deposition from the European Monitoring and Evaluation Program Model for the UK (EMEP4UK) for 1750-2018",https://data-package.ceh.ac.uk/sd/bf508daa-c33c-4d75-a250-72b94b1855d4.zip,machine_service,United Kingdom; verify dataset record,EMEP4UK|Environmental Monitoring Facilities|European Monitoring and Evaluation Programme (EMEP|UK-SCAPE|oxides of sulphur|reduced nitrogen,not supplied by discovery response,MATCHED,atmospheric-deposition|heavy-metals,DIRECT_CROSS_MEDIA|PROCESS_LINK,none_observed,Not supplied by discovery response; verify the dataset record before reuse,unknown,yes,no,no,,,,b6528662e5ee843be0a5015e079c6fc5a0c90100a8c789052ea85cec25ba48a5,1,ckan-data-gov-uk-fb79d1a4-fa6f-4730-b629-71d7aedb83d6-144d952dbc,REVIEW_REQUIRED,DISCOVERED_ONLY,reachability unknown; licence review required
f2f26b87ddeb9c29f740,ckan-data-gov-uk-bc980ee4-7b73-4b50-a935-03174fa0af41-70776191ac,British Geological Survey (BGS),Evolution of Carbon Cycle Dynamics (eCCD) (NERC grant NE/H022554/1),https://www.nature.com/articles/nature11360,unknown,United Kingdom; verify dataset record,Calcium carbonates|Carbon cycle|Carbon dioxide|Cenozoic|Eocene|Marine sediments|NERC_DDC,not supplied by discovery response,NO_MATCH,,,none_observed,Not supplied by discovery response; verify the dataset record before reuse,unknown,no,no,no,,,,9073d84768c2db52b683181f4ec1d004d4f1a12bf326cb1506df259b5b7b5eb4,1,ckan-data-gov-uk-bc980ee4-7b73-4b50-a935-03174fa0af41-70776191ac,REVIEW_REQUIRED,DISCOVERED_ONLY,no governed pollutant/stressor relevance match; no machine-readable endpoint established; reachability unknown; licence review required
f30879cd4cf98c799f6c,ckan-data-gov-uk-d9d67a21-b8bd-4ead-8504-d9fdc434ae61-4443d0105f,Belfast City Council,Belfast Air Quality Monitoring Stations,https://www.data.gov.uk/dataset/belfast-air-quality-monitoring-stations,catalogue_landing_page,United Kingdom; verify dataset record,,not supplied by discovery response,NO_MATCH,,,none_observed,UK Open Government Licence (OGL),yes,no,no,no,2026-09-21T18:39:17.574755+00:00,reachable_secure,text/html; charset=utf-8,fc682328051407e3ad43eb5d1dd96d5ec83b1457fde640afc6ccf4b08eb8ff0c,1,ckan-data-gov-uk-d9d67a21-b8bd-4ead-8504-d9fdc434ae61-4443d0105f,REVIEW_REQUIRED,DISCOVERED_ONLY,no governed pollutant/stressor relevance match; no machine-readable endpoint established
f31216abd8056b5fa459,ckan-data-gov-uk-60ebc007-9906-4806-9ad2-eec0f35e7528-ac685137c9,Wychavon District Council,Air Quality Management Areas,https://www.data.gov.uk/dataset/air-quality-management-areas17,catalogue_landing_page,United Kingdom; verify dataset record,,not supplied by discovery response,NO_MATCH,,,none_observed,Not supplied by discovery response; verify the dataset record before reuse,unknown,no,no,no,,,,c3cf78a386c71ef67beee4976dab26ffb8ffe3a064aa1ac31d437e8bfeb0cda7,1,ckan-data-gov-uk-60ebc007-9906-4806-9ad2-eec0f35e7528-ac685137c9,REVIEW_REQUIRED,DISCOVERED_ONLY,no governed pollutant/stressor relevance match; no machine-readable endpoint established; reachability unknown; licence review required
f4f87409523bd2a178fa,ckan-data-gov-uk-fd82e721-7998-4569-8ad7-813c5ebcd25c-f70dfbfe06,Forest of Dean District Council,Air Quality Monitoring Locations,https://www.data.gov.uk/dataset/air-quality-monitoring-locations3,catalogue_landing_page,United Kingdom; verify dataset record,,not supplied by discovery response,NO_MATCH,,,none_observed,Not supplied by discovery response; verify the dataset record before reuse,unknown,no,no,no,,,,14ea54a173586ec503080a0da1f7c8f24ccb548a11c7539389d179207f824cfa,1,ckan-data-gov-uk-fd82e721-7998-4569-8ad7-813c5ebcd25c-f70dfbfe06,REVIEW_REQUIRED,DISCOVERED_ONLY,no governed pollutant/stressor relevance match; no machine-readable endpoint established; reachability unknown; licence review required
f68390bbf89cc7234538,ckan-data-gov-uk-4d42f2f8-99c6-4598-80ca-1ace7aca72f1-d2d49d5a08,Natural Resources Wales,Environmental Pollution Incidents,https://datamap.gov.wales/documents/2642,unknown,United Kingdom; verify dataset record,Air (SMNR)|Air pollution|Management Areas (SMNR)|Natural Resources (Incl. Features and Processes) (|Soil and Land (SMNR)|Soils (SMNR)|Sustainable Management of Natural Resources (SMNR)|Waste (SMNR)|Water Quality (SMNR)|Water Resources (SMNR)|pollution Incidents,not supplied by discovery response,NO_MATCH,,,none_observed,Not supplied by discovery response; verify the dataset record before reuse,unknown,no,no,no,,,,6a0660bce70abafb8df4134d2a9e504fa2eee189e0821ea81a1fa2aec3c8742f,1,ckan-data-gov-uk-4d42f2f8-99c6-4598-80ca-1ace7aca72f1-d2d49d5a08,REVIEW_REQUIRED,DISCOVERED_ONLY,no governed pollutant/stressor relevance match; no machine-readable endpoint established; reachability unknown; licence review required
f6d02c70a12eb337d256,ckan-data-gov-uk-5fb0ecce-6890-4e78-9432-dd883326e277-ff27c9ea0e,London Borough of Brent,Air Quality Management Areas,https://www.data.gov.uk/dataset/air-quality-management-areas3,catalogue_landing_page,United Kingdom; verify dataset record,,not supplied by discovery response,MATCHED,nitrogen-dioxide|particulate-matter,DIRECT,none_observed,Not supplied by discovery response; verify the dataset record before reuse,unknown,no,no,no,,,,a92aa1ea7ba3280d84778c8fdfa28e7afb88732adb6d23a436211ea38104ce15,1,ckan-data-gov-uk-5fb0ecce-6890-4e78-9432-dd883326e277-ff27c9ea0e,REVIEW_REQUIRED,DISCOVERED_ONLY,no machine-readable endpoint established; reachability unknown; licence review required
f8ac0cafadf1ec23d384,ckan-data-gov-uk-2303d10c-0dcb-477d-b4a2-6c183b1432bd-58b8fb1131,British Geological Survey (BGS),Geochemical data from hydrothermal vents and distal areas near the North-Atlantic Igneous Province (NAIP) during the Paleocene-Eocene thermal maximum (PETM),https://webapps.bgs.ac.uk/services/ngdc/accessions/index.html#item189866,unknown,United Kingdom; verify dataset record,Carbon|Eocene|NERC_DDC|Nitrogen|Paleocene,not supplied by discovery response,MATCHED,ammonia-ammonium|mercury,DIRECT_CROSS_MEDIA,none_observed,Not supplied by discovery response; verify the dataset record before reuse,unknown,no,no,no,,,,7797d7789e82064c3e4fb7e934a81f8999ec7a5222b8a6bfa0f6757b873e75ca,1,ckan-data-gov-uk-2303d10c-0dcb-477d-b4a2-6c183b1432bd-58b8fb1131,REVIEW_REQUIRED,DISCOVERED_ONLY,no machine-readable endpoint established; reachability unknown; licence review required
f94b48a08d16f7b9a767,ckan-data-gov-uk-aef6183e-ad46-4fa1-87a8-f662f6ad31cd-4ebb903755,Marine Environmental Data & Information Network,"Abundance of microlitter (including microplastics) in riverine samples (sediment, surface waters and biota) at selected locations across the Orange-Senqu River basin and associated land use data 2021",https://data.cefas.co.uk/view/22014,unknown,United Kingdom; verify dataset record,,not supplied by discovery response,MATCHED,microplastics,EMERGING_CROSS_MEDIA,none_observed,Not supplied by discovery response; verify the dataset record before reuse,unknown,no,no,no,,,,6d0abfc1cadd12fbe681a2127fb51f592ee99dc4030ac380e3df88c9832ac4b6,1,ckan-data-gov-uk-aef6183e-ad46-4fa1-87a8-f662f6ad31cd-4ebb903755,REVIEW_REQUIRED,DISCOVERED_ONLY,no machine-readable endpoint established; reachability unknown; licence review required
f96f15b089bc5eb0d08f,ckan-data-gov-uk-3e698568-8492-4dfd-aa11-3439d77cd71a-546677f19a,Environmental Information Data Centre,"Source apportionment of annual nutrient and sediment loads to rivers in England and Wales, from the SEPARATE framework",https://data-package.ceh.ac.uk/sd/8dc7c876-90ca-4886-bd0a-9b3a99b09f64.zip,machine_service,United Kingdom; verify dataset record,Environmental Monitoring Facilities|sewer|waterbody,not supplied by discovery response,MATCHED,atmospheric-deposition,PROCESS_LINK,none_observed,Not supplied by discovery response; verify the dataset record before reuse,unknown,yes,no,no,,,,5405ad6025f93c00c851c2ca5f5bdacc38d7a7163ed2dbf49582bc42578d4a8f,1,ckan-data-gov-uk-3e698568-8492-4dfd-aa11-3439d77cd71a-546677f19a,REVIEW_REQUIRED,DISCOVERED_ONLY,reachability unknown; licence review required
f971f543e4d8dfb4d564,ckan-data-gov-uk-1b3041e3-d5cc-4c1e-8dc0-7d0a7e93a923-086390c028,Marine Environmental Data & Information Network,Nutrient data for autumn 2018 and spring 2019 in the Celtic Sea,https://data.cefas.co.uk/view/20365,unknown,United Kingdom; verify dataset record,,not supplied by discovery response,MATCHED,ammonia-ammonium,DIRECT_CROSS_MEDIA,none_observed,Not supplied by discovery response; verify the dataset record before reuse,unknown,no,no,no,,,,9344d3a979c833d72ecfeebc45bc055307403c26ec19dd9dbcda250a9782b6d0,1,ckan-data-gov-uk-1b3041e3-d5cc-4c1e-8dc0-7d0a7e93a923-086390c028,REVIEW_REQUIRED,DISCOVERED_ONLY,no machine-readable endpoint established; reachability unknown; licence review required
fb335170eb78d547c4b4,ckan-data-gov-uk-0e735cca-63ea-4f75-ab5e-0aa1252a6e42-379700f529,London Borough of Hounslow,Air Quality Management Area,https://www.data.gov.uk/dataset/air-quality-management-area6,catalogue_landing_page,United Kingdom; verify dataset record,,not supplied by discovery response,MATCHED,nitrogen-dioxide|particulate-matter,DIRECT,none_observed,Not supplied by discovery response; verify the dataset record before reuse,unknown,no,no,no,,,,30875ec1db224d473e6fd66b90ce51df5df9c761596c4ef64054adbc018d9582,1,ckan-data-gov-uk-0e735cca-63ea-4f75-ab5e-0aa1252a6e42-379700f529,REVIEW_REQUIRED,DISCOVERED_ONLY,no machine-readable endpoint established; reachability unknown; licence review required
fb428a0600003861c490,ckan-data-gov-uk-a9628d2a-88b7-4642-a372-0f81749cf6e1-fbde0af24a,British Geological Survey (BGS),Thermogravimetric analysis profiles of bulk samples from the CoG3 NERC project (NERC Grant NE/M011488/1),https://webapps.bgs.ac.uk/services/ngdc/accessions/index.html#item135046,unknown,United Kingdom; verify dataset record,Laterites|NERC_DDC|Thermogravimetric analysis,not supplied by discovery response,NO_MATCH,,,none_observed,Not supplied by discovery response; verify the dataset record before reuse,unknown,no,no,no,,,,2212aecd49129548f1f058a81dc0073c136b8c4bb73adea987c0c791685f6210,1,ckan-data-gov-uk-a9628d2a-88b7-4642-a372-0f81749cf6e1-fbde0af24a,REVIEW_REQUIRED,DISCOVERED_ONLY,no governed pollutant/stressor relevance match; no machine-readable endpoint established; reachability unknown; licence review required
fbde3b2662e5fdc8ba24,ckan-data-gov-uk-7c9e65f6-25d4-4ba1-aa9a-fb82dc87219d-cddd011b6b,Greater London Authority,Estimation of Health Impacts of Particulate Pollution in London,https://www.data.gov.uk/dataset/estimation-of-health-impacts-of-particulate-pollution-in-london1,catalogue_landing_page,United Kingdom; verify dataset record,air-pollution|health|mortality|particulate-matter,not supplied by discovery response,MATCHED,particulate-matter,DIRECT,none_observed,Not supplied by discovery response; verify the dataset record before reuse,unknown,no,no,no,,,,257360301faf803b99625a7baec9779c8d50de150e54867eb4e9c1156cb6fbc8,1,ckan-data-gov-uk-7c9e65f6-25d4-4ba1-aa9a-fb82dc87219d-cddd011b6b,REVIEW_REQUIRED,DISCOVERED_ONLY,no machine-readable endpoint established; reachability unknown; licence review required
fc9db89bdce852f83679,ckan-data-gov-uk-a24608a1-8bac-4dc0-a5de-410148a1fddb-f461d13cd5,Joint Nature Conservation Committee,Habitat point records from 1977-78 WWA Usk and Wye estuaries sublittoral survey,http://data.jncc.gov.uk/data/072f0cda-f505-4c66-a92a-3e58c964f607-1977-78-WWA-Usk-and-Wye-estuaries-sublittoral-survey.csv,machine_service,United Kingdom; verify dataset record,,not supplied by discovery response,NO_MATCH,,,none_observed,UK Open Government Licence (OGL),unknown,yes,no,no,,,,19d506b7ecef3ba67ab2cb2c81188dcd82a5d8fa26ef3e51b379e6ca1cfc2037,1,ckan-data-gov-uk-a24608a1-8bac-4dc0-a5de-410148a1fddb-f461d13cd5,REVIEW_REQUIRED,DISCOVERED_ONLY,no governed pollutant/stressor relevance match; reachability unknown
fd0eb5f02992f87e9e5d,ckan-data-gov-uk-f5dbb017-37d8-4879-9f87-edbb16abb06a-b8210bbc13,Environmental Information Data Centre,"210Pb-dated historical lake sediment metal concentrations from Norfolk, UK (mid-19th century to 2009)",https://data-package.ceh.ac.uk/sd/0a0be1c9-3f1d-445f-a2f4-725ef6d2e469.zip,machine_service,United Kingdom; verify dataset record,Environmental Monitoring Facilities|Geochemistry|Lake Sediment|Lead-210|Trace Metals,not supplied by discovery response,MATCHED,heavy-metals|mercury,DIRECT_CROSS_MEDIA,none_observed,Not supplied by discovery response; verify the dataset record before reuse,unknown,yes,no,no,,,,ac20ded69c6ad0550f422f084fe471973c0419a9f242e04f45f956ad6e83a83d,1,ckan-data-gov-uk-f5dbb017-37d8-4879-9f87-edbb16abb06a-b8210bbc13,REVIEW_REQUIRED,DISCOVERED_ONLY,reachability unknown; licence review required
fd851603613a55c2b3a3,ckan-data-gov-uk-ce8fdde3-eead-4ec3-99e8-18c8e4bf6879-e412a5d96e,Scottish Government SpatialData.gov.scot,FGS Climatic Site Suitability - Conifer (Sitka Spruce),https://ogc.nature.scot/geoserver/scottishforestry/ows?service=WMS&request=GetCapabilities,machine_service,United Kingdom; verify dataset record,Environment|FGS|Felling|Forest Management|Forestry|Grant Schemes|Habitats and biotopes|Landscape|Licence|Ownership|Planning|Woodland,not supplied by discovery response,MATCHED,mercury,DIRECT_CROSS_MEDIA,none_observed,Not supplied by discovery response; verify the dataset record before reuse,unknown,yes,no,no,,,,24700feab285ecb5de9f88d077bc9c78eb11ba078bb1a4863317512b7a4c52b9,1,ckan-data-gov-uk-ce8fdde3-eead-4ec3-99e8-18c8e4bf6879-e412a5d96e,REVIEW_REQUIRED,DISCOVERED_ONLY,reachability unknown; licence review required
fed87d7be65402205810,ckan-data-gov-uk-68acd3b8-8dfc-4d2f-8333-9decb39d4395-7c8b920b41,Greater London Authority,London Atmospheric Emissions Inventory (LAEI) 2013,https://www.data.gov.uk/dataset/london-atmospheric-emissions-inventory-laei-20131,catalogue_landing_page,United Kingdom; verify dataset record,air-pollution|laei|nitrogen-dioxide|particulate-matter,not supplied by discovery response,MATCHED,particulate-matter,DIRECT,none_observed,Not supplied by discovery response; verify the dataset record before reuse,unknown,no,no,no,,,,44ff64627c2374ad940f2e0ced822f68ff8afbfdf6d0b33101e6a1155213c32c,1,ckan-data-gov-uk-68acd3b8-8dfc-4d2f-8333-9decb39d4395-7c8b920b41,REVIEW_REQUIRED,DISCOVERED_ONLY,no machine-readable endpoint established; reachability unknown; licence review required
